"Order","Group","GroupOrder","Height","Identifier"
1,"A",1,44.0893694088103,NA
2,"A",2,26.1015721568254,"Value2"
3,"A",3,34.4717473563785,NA
4,"A",4,74.2684717978594,NA
5,"A",5,28.5616601224377,NA
6,"B",1,67.4370488331388,NA
7,"B",2,12.1152765862859,"Value1"
8,"B",3,25.8320535632868,NA
9,"B",4,56.1167412113737,NA
10,"B",5,20.3278752663313,NA
