"Order","Group","GroupOrder","Height","Identifier"
1,"A",1,39.9838366800956,NA
2,"A",2,14.6779926762207,"Value2"
3,"A",3,84.5838980379983,NA
4,"A",4,49.2106002836401,NA
5,"A",5,78.6235535118358,NA
6,"B",1,39.4169617280482,NA
7,"B",2,10,"Value1"
8,"B",3,60.6519062499154,NA
9,"B",4,80.0693281858162,NA
10,"B",5,75.7239672713449,NA
