"Order","Group","GroupOrder","Height","Identifier"
1,"A",1,63.9849318293976,NA
2,"A",2,26.1015721568254,"Value2"
3,"A",3,68.2629614752578,NA
4,"A",4,49.9404264880381,NA
5,"A",5,66.6697803710092,NA
6,"B",1,36.6889830308468,NA
7,"B",2,17.7827941003892,"Value1"
8,"B",3,55.8981577622588,NA
9,"B",4,67.0613624422769,NA
10,"B",5,42.1532806011493,NA
