"Order","Group","GroupOrder","Height","Identifier"
1,"A",1,54.8836581002707,NA
2,"A",2,21.5443469003188,"Value1"
3,"A",3,87.8576358817978,NA
4,"A",4,70.1873530851239,NA
5,"A",5,57.0937708682897,NA
6,"B",1,77.1880853462121,NA
7,"B",2,46.4158883361278,"Value2"
8,"B",3,91.2345596188255,NA
9,"B",4,54.9355115512524,NA
10,"B",5,80.7125980293187,NA
