"Order","Group","GroupOrder","Height","Identifier"
1,"A",1,94.8648194971014,NA
2,"A",2,14.6779926762207,"Value1"
3,"A",3,36.7286599100591,NA
4,"A",4,74.8545826130153,NA
5,"A",5,42.5210755765334,NA
6,"B",1,35.6164359625727,NA
7,"B",2,38.3118684955729,"Value2"
8,"B",3,69.3431803765625,NA
9,"B",4,16.6897817281588,NA
10,"B",5,52.211643838168,NA
