"Order","Group","GroupOrder","Height","Identifier"
1,"A",1,53.2495463742414,NA
2,"A",2,56.2341325190349,"Value2"
3,"A",3,37.5278182220536,NA
4,"A",4,24.5340853420226,NA
5,"A",5,8.83540359815349,NA
6,"B",1,14.742062681617,NA
7,"B",2,31.6227766016838,"Value1"
8,"B",3,59.9123340712871,NA
9,"B",4,64.4485572772755,NA
10,"B",5,40.7297960773318,NA
