"Order","Group","GroupOrder","Height","Identifier"
1,"A",1,60.6368687108722,NA
2,"A",2,12.1152765862859,"Value1"
3,"A",3,46.4158883361278,"Value2"
4,"A",4,13.7577018885491,NA
5,"A",5,85.2093847716646,NA
6,"B",1,87.2711625050546,NA
7,"B",2,20.8850521560055,NA
8,"B",3,54.1298916003351,NA
9,"B",4,52.4576995358353,NA
10,"B",5,52.0043781654874,NA
