"Order","Group","GroupOrder","Height","Identifier"
1,"A",1,29.1347505737671,NA
2,"A",2,38.3118684955729,"Value2"
3,"A",3,31.6227766016838,"Value1"
4,"A",4,52.9821835173731,NA
5,"A",5,28.764402139784,NA
6,"B",1,76.039594767711,NA
7,"B",2,35.3974830837567,NA
8,"B",3,39.5542581163471,NA
9,"B",4,78.3866999943892,NA
10,"B",5,39.8509455056509,NA
