"Order","Group","GroupOrder","Height","Identifier"
1,"A",1,29.6718923746629,NA
2,"A",2,14.6779926762207,"Value1"
3,"A",3,38.3118684955729,"Value2"
4,"A",4,86.1621947793128,NA
5,"A",5,96.4911155946427,NA
6,"B",1,78.5659004708245,NA
7,"B",2,52.5589380716241,NA
8,"B",3,29.7223371465049,NA
9,"B",4,61.215438263311,NA
10,"B",5,21.7773190154089,NA
