"Order","Group","GroupOrder","Height","Identifier"
1,"A",1,79.5564450278638,NA
2,"A",2,56.2341325190349,"Value2"
3,"A",3,10,"Value1"
4,"A",4,39.9558330847022,NA
5,"A",5,20.8313858344596,NA
6,"B",1,6.37469668892802,NA
7,"B",2,53.3535769651663,NA
8,"B",3,63.7542026482856,NA
9,"B",4,23.5534510271162,NA
10,"B",5,35.3899709819614,NA
