"Order","Group","GroupOrder","Height","Identifier"
1,"A",1,69.7827021199292,NA
2,"A",2,12.1152765862859,"Value1"
3,"A",3,46.4158883361278,"Value2"
4,"A",4,78.2986391433796,NA
5,"A",5,95.0603073234305,NA
6,"B",1,75.3094610443149,NA
7,"B",2,48.0480884834605,NA
8,"B",3,36.0414792608321,NA
9,"B",4,26.5117322429558,NA
10,"B",5,94.5905647399955,NA
