"Order","Group","GroupOrder","Height","Identifier"
1,"A",1,72.7615275448408,NA
2,"A",2,21.5443469003188,"Value1"
3,"A",3,46.4158883361278,"Value2"
4,"A",4,12.1453478908155,NA
5,"A",5,58.8037412800591,NA
6,"B",1,49.149268280302,NA
7,"B",2,27.9922647067284,NA
8,"B",3,66.3754213319569,NA
9,"B",4,25.7542010850388,NA
10,"B",5,54.3180302475179,NA
