"Order","Group","GroupOrder","Height","Identifier"
1,"A",1,53.6659621067458,NA
2,"A",2,17.7827941003892,"Value1"
3,"A",3,21.5443469003188,"Value2"
4,"A",4,64.9027905051006,NA
5,"A",5,44.5189421601438,NA
6,"B",1,26.9907826016882,NA
7,"B",2,59.1620340953873,NA
8,"B",3,45.5069165239365,NA
9,"B",4,52.9317338873175,NA
10,"B",5,68.5512510796329,NA
