"Order","Group","GroupOrder","Height","Identifier"
1,"A",1,1.53056237047181,NA
2,"A",2,14.6779926762207,"Value2"
3,"A",3,10,"Value1"
4,"A",4,54.6980157410638,NA
5,"A",5,28.5057639935536,NA
6,"B",1,57.7793536252652,NA
7,"B",2,41.1772388845059,NA
8,"B",3,68.7324759404757,NA
9,"B",4,14.62139910528,NA
10,"B",5,27.1882022224979,NA
