"Order","Group","GroupOrder","Height","Identifier"
1,"A",1,73.5769594984298,NA
2,"A",2,46.4158883361278,"Value2"
3,"A",3,81.8677905933968,NA
4,"A",4,68.3703084602473,NA
5,"A",5,61.9803874700355,NA
6,"B",1,66.1923788580797,NA
7,"B",2,21.5443469003188,"Value1"
8,"B",3,34.579082664032,NA
9,"B",4,73.0234470512251,NA
10,"B",5,24.3891870708471,NA
