"Order","Group","GroupOrder","Height","Identifier"
1,"A",1,51.4077795293264,NA
2,"A",2,12.1152765862859,"Value1"
3,"A",3,60.7759099050874,NA
4,"A",4,38.4355499671681,NA
5,"A",5,74.1590172839593,NA
6,"B",1,78.5553613494241,NA
7,"B",2,26.1015721568254,"Value2"
8,"B",3,58.295424284512,NA
9,"B",4,65.7420615448152,NA
10,"B",5,27.1713875783295,NA
