"Order","Group","GroupOrder","Height","Identifier"
1,"A",1,19.4388996173619,NA
2,"A",2,56.2341325190349,"Value2"
3,"A",3,52.0303278070267,NA
4,"A",4,29.3115649977731,NA
5,"A",5,35.1770687658298,NA
6,"B",1,22.1353257602684,NA
7,"B",2,31.6227766016838,"Value1"
8,"B",3,13.2367353576966,NA
9,"B",4,70.1682958508114,NA
10,"B",5,60.2269860753789,NA
