"Order","Group","GroupOrder","Height","Identifier"
1,"A",1,16.4586395782626,NA
2,"A",2,38.3118684955729,"Value2"
3,"A",3,39.780069797761,NA
4,"A",4,86.9916327715258,NA
5,"A",5,91.0877814494355,NA
6,"B",1,39.5178399516428,NA
7,"B",2,31.6227766016838,"Value1"
8,"B",3,62.6928254134649,NA
9,"B",4,41.5214767859413,NA
10,"B",5,15.8981487421203,NA
