"Order","Group","GroupOrder","Height","Identifier"
1,"A",1,40.9101857997896,NA
2,"A",2,14.6779926762207,"Value1"
3,"A",3,72.2809152217296,NA
4,"A",4,70.4925400624044,NA
5,"A",5,64.0607586290026,NA
6,"B",1,54.314048180578,NA
7,"B",2,38.3118684955729,"Value2"
8,"B",3,59.2822020667641,NA
9,"B",4,75.2773970900027,NA
10,"B",5,62.9230043014033,NA
