"Order","Group","GroupOrder","Height","Identifier"
1,"A",1,83.5863531118067,NA
2,"A",2,17.7827941003892,"Value1"
3,"A",3,57.4252376701286,NA
4,"A",4,47.4010720868982,NA
5,"A",5,60.6671180946766,NA
6,"B",1,76.593879248679,NA
7,"B",2,21.5443469003188,"Value2"
8,"B",3,36.5936841370639,NA
9,"B",4,82.0526280247127,NA
10,"B",5,60.3020946233617,NA
