"Order","Group","GroupOrder","Height","Identifier","IDchr"
1,"A",1,39.8509455056509,"random",""
2,"A",2,31.6227766016838,"v1","▲"
3,"A",3,56.2341325190349,"v2","●"
4,"A",4,76.039594767711,"random",""
5,"A",5,28.764402139784,"random",""
6,"B",1,39.5542581163471,"random",""
7,"B",2,78.3866999943892,"random",""
8,"B",3,35.3974830837567,"random",""
9,"B",4,52.9821835173731,"random",""
10,"B",5,29.1347505737671,"random",""
