"Order","Group","GroupOrder","Height","Identifier"
1,"A",1,57.9119564044384,NA
2,"A",2,38.3118684955729,"Value2"
3,"A",3,31.6227766016838,"Value1"
4,"A",4,2.25248486023426,NA
5,"A",5,71.8620465881302,NA
6,"B",1,49.8422375004572,NA
7,"B",2,66.9785442179968,NA
8,"B",3,20.0652787285029,NA
9,"B",4,54.9614844217421,NA
10,"B",5,84.0655653095465,NA
