"Order","Group","GroupOrder","Height","Identifier"
1,"A",1,19.2003117683048,NA
2,"A",2,10,"Value1"
3,"A",3,56.2341325190349,"Value2"
4,"A",4,55.7954031365199,NA
5,"A",5,61.2636549673525,NA
6,"B",1,61.2082667067445,NA
7,"B",2,57.6186353648293,NA
8,"B",3,54.1796223355525,NA
9,"B",4,20.1187324095953,NA
10,"B",5,66.1569377669593,NA
