"Order","Group","GroupOrder","Height","Identifier"
1,"A",1,75.9070099896145,NA
2,"A",2,10,"Value1"
3,"A",3,14.6779926762207,"Value2"
4,"A",4,75.2139187353166,NA
5,"A",5,79.8016194570807,NA
6,"B",1,46.186408514691,NA
7,"B",2,14.6393522861852,NA
8,"B",3,58.6784487550394,NA
9,"B",4,6.02202117372102,NA
10,"B",5,32.1687493008432,NA
