"Order","Group","GroupOrder","Height","Identifier","IDchr"
1,"A",1,87.2711625050546,"random",""
2,"A",2,12.1152765862859,"v1","▲"
3,"A",3,13.7577018885491,"random",""
4,"A",4,60.7581929988035,"random",""
5,"A",5,60.6368687108722,"random",""
6,"B",1,20.8850521560055,"random",""
7,"B",2,46.4158883361278,"v2","●"
8,"B",3,85.2093847716646,"random",""
9,"B",4,80.5550346349937,"random",""
10,"B",5,75.4399070156808,"random",""
