"Order","Group","GroupOrder","Height","Identifier"
1,"A",1,33.3514472354163,NA
2,"A",2,21.5443469003188,"Value2"
3,"A",3,17.7827941003892,"Value1"
4,"A",4,80.992123632073,NA
5,"A",5,92.863321728242,NA
6,"B",1,65.8570590094632,NA
7,"B",2,40.3655111802086,NA
8,"B",3,52.8779185255709,NA
9,"B",4,73.6648199518362,NA
10,"B",5,64.3277992204152,NA
