"Order","Group","GroupOrder","Height","Identifier"
1,"A",1,72.3108067704876,NA
2,"A",2,26.1015721568254,"Value2"
3,"A",3,12.1152765862859,"Value1"
4,"A",4,40.3534763728359,NA
5,"A",5,28.1636009135641,NA
6,"B",1,34.2000667596778,NA
7,"B",2,78.1456068331417,NA
8,"B",3,36.1130923533872,NA
9,"B",4,45.0017395811112,NA
10,"B",5,80.0302657445025,NA
