"Order","Group","GroupOrder","Height","Identifier"
1,"A",1,82.4579622050188,NA
2,"A",2,31.6227766016838,"Value1"
3,"A",3,38.3118684955729,"Value2"
4,"A",4,75.4077847914134,NA
5,"A",5,82.9867788996977,NA
6,"B",1,32.6286721021175,NA
7,"B",2,49.386975262779,NA
8,"B",3,49.3381724888177,NA
9,"B",4,52.9754933698686,NA
10,"B",5,74.2559488316115,NA
