"Order","Group","GroupOrder","Height","Identifier"
1,"A",1,61.8013296222997,NA
2,"A",2,17.7827941003892,"Value1"
3,"A",3,26.1015721568254,"Value2"
4,"A",4,19.7571135245536,NA
5,"A",5,52.2818390163006,NA
6,"B",1,74.7947689548068,NA
7,"B",2,20.6871063278573,NA
8,"B",3,48.61076366703,NA
9,"B",4,86.2810605158033,NA
10,"B",5,42.2048656145292,NA
