"Order","Group","GroupOrder","Height","Identifier"
1,"A",1,1.79246248335828,NA
2,"A",2,17.7827941003892,"Value1"
3,"A",3,21.5443469003188,"Value2"
4,"A",4,84.1613612596882,NA
5,"A",5,82.5270639736179,NA
6,"B",1,58.5829104408924,NA
7,"B",2,11.7793072861175,NA
8,"B",3,45.3659654742545,NA
9,"B",4,93.7409978187134,NA
10,"B",5,25.6628374539906,NA
