"Order","Group","GroupOrder","Height","Identifier"
1,"A",1,45.9130789311056,NA
2,"A",2,10,"Value1"
3,"A",3,14.6779926762207,"Value2"
4,"A",4,40.8722655657555,NA
5,"A",5,37.9934951096402,NA
6,"B",1,59.7439633942758,NA
7,"B",2,28.0833776938065,NA
8,"B",3,42.0287861790489,NA
9,"B",4,39.7224032520919,NA
10,"B",5,56.6640734364845,NA
