"Order","Group","GroupOrder","Height","Identifier"
1,"A",1,23.8042096571362,NA
2,"A",2,38.3118684955729,"Value2"
3,"A",3,31.6227766016838,"Value1"
4,"A",4,38.0403263451408,NA
5,"A",5,46.036752854128,NA
6,"B",1,31.2423929218498,NA
7,"B",2,65.6898128472641,NA
8,"B",3,30.8670978493457,NA
9,"B",4,46.0058093091361,NA
10,"B",5,70.4972610812729,NA
