"Order","Group","GroupOrder","Height","Identifier"
1,"A",1,84.3485063140195,NA
2,"A",2,12.1152765862859,"Value1"
3,"A",3,26.1015721568254,"Value2"
4,"A",4,6.74879253469312,NA
5,"A",5,80.0706865525483,NA
6,"B",1,34.5337563935553,NA
7,"B",2,19.3690199468487,NA
8,"B",3,20.4553321667113,NA
9,"B",4,34.9278728774143,NA
10,"B",5,80.6375563942436,NA
