"Order","Group","GroupOrder","Height","Identifier"
1,"A",1,35.0091170702785,NA
2,"A",2,12.1152765862859,"Value1"
3,"A",3,46.4158883361278,"Value2"
4,"A",4,7.66805414435907,NA
5,"A",5,41.0312926433355,NA
6,"B",1,41.6845691596504,NA
7,"B",2,33.1424378221699,NA
8,"B",3,13.6046621789692,NA
9,"B",4,74.2181474528323,NA
10,"B",5,31.6056243598511,NA
