"Order","Group","GroupOrder","Height","Identifier"
1,"A",1,20.3658644602504,NA
2,"A",2,38.3118684955729,"Value2"
3,"A",3,14.6779926762207,"Value1"
4,"A",4,62.4736882564023,NA
5,"A",5,41.8684687815158,NA
6,"B",1,40.6947989434876,NA
7,"B",2,51.9363949696807,NA
8,"B",3,37.8691735549378,NA
9,"B",4,84.496415250852,NA
10,"B",5,47.0230311914721,NA
