"Order","Group","GroupOrder","Height","Identifier"
1,"A",1,45.0727564306632,NA
2,"A",2,10,"Value1"
3,"A",3,56.2341325190349,"Value2"
4,"A",4,29.378179554378,NA
5,"A",5,13.1287032194236,NA
6,"B",1,57.5366609641989,NA
7,"B",2,40.8099804888154,NA
8,"B",3,8.66842771592108,NA
9,"B",4,23.5305336326048,NA
10,"B",5,58.1342542656128,NA
