"Order","Group","GroupOrder","Height","Identifier"
1,"A",1,25.5241049257743,NA
2,"A",2,21.5443469003188,"Value1"
3,"A",3,46.4158883361278,"Value2"
4,"A",4,38.0675295001182,NA
5,"A",5,38.2234325486399,NA
6,"B",1,30.5901211244841,NA
7,"B",2,49.1508528340155,NA
8,"B",3,41.5731800526261,NA
9,"B",4,76.9276973678874,NA
10,"B",5,46.9103666449925,NA
