"Order","Group","GroupOrder","Height","Identifier"
1,"A",1,70.3640561667756,NA
2,"A",2,14.6779926762207,"Value2"
3,"A",3,10,"Value1"
4,"A",4,63.4114656631488,NA
5,"A",5,2.50093960681484,NA
6,"B",1,29.0916278667799,NA
7,"B",2,71.642905068796,NA
8,"B",3,67.2071965212829,NA
9,"B",4,31.3502431350684,NA
10,"B",5,20.3409801379268,NA
