"Order","Group","GroupOrder","Height","Identifier"
1,"A",1,82.0705807691432,NA
2,"A",2,56.2341325190349,"Value2"
3,"A",3,31.6227766016838,"Value1"
4,"A",4,21.7251606066677,NA
5,"A",5,53.4721158237795,NA
6,"B",1,53.4966254683683,NA
7,"B",2,89.5393343881263,NA
8,"B",3,39.911625974786,NA
9,"B",4,43.6676736630073,NA
10,"B",5,19.7491072289234,NA
