"Order","Group","GroupOrder","Height","Identifier"
1,"A",1,65.9031696644027,NA
2,"A",2,38.3118684955729,"Value2"
3,"A",3,31.6227766016838,"Value1"
4,"A",4,52.1590662520006,NA
5,"A",5,66.8473927177249,NA
6,"B",1,30.3051676697105,NA
7,"B",2,36.9432679129303,NA
8,"B",3,88.3357840126871,NA
9,"B",4,45.7860426096278,NA
10,"B",5,38.9340441402582,NA
