"Order","Group","GroupOrder","Height","Identifier"
1,"A",1,69.0971632052441,NA
2,"A",2,38.3118684955729,"Value2"
3,"A",3,51.5166243750306,NA
4,"A",4,65.091561221988,NA
5,"A",5,28.5675596682843,NA
6,"B",1,51.9623115698801,NA
7,"B",2,14.6779926762207,"Value1"
8,"B",3,88.6119137015342,NA
9,"B",4,66.0126147060922,NA
10,"B",5,58.2511843783359,NA
