"Order","Group","GroupOrder","Height","Identifier"
1,"A",1,73.9075733629873,NA
2,"A",2,31.6227766016838,"Value1"
3,"A",3,21.9725645519702,NA
4,"A",4,76.7763931242389,NA
5,"A",5,60.6666767382336,NA
6,"B",1,37.5456271688959,NA
7,"B",2,38.3118684955729,"Value2"
8,"B",3,75.0879494624333,NA
9,"B",4,32.8620996531791,NA
10,"B",5,18.4976283494137,NA
