"Order","Group","GroupOrder","Height","Identifier"
1,"A",1,42.2764780900616,NA
2,"A",2,14.6779926762207,"Value2"
3,"A",3,73.8605206792852,NA
4,"A",4,63.1437546188906,NA
5,"A",5,75.3868537520951,NA
6,"B",1,84.8424306787619,NA
7,"B",2,10,"Value1"
8,"B",3,35.6342701070682,NA
9,"B",4,2.39494851923919,NA
10,"B",5,74.2266109680454,NA
