"Order","Group","GroupOrder","Height","Identifier"
1,"A",1,57.6868872710477,NA
2,"A",2,10,"Value1"
3,"A",3,14.6779926762207,"Value2"
4,"A",4,85.3965452266065,NA
5,"A",5,71.7669905942132,NA
6,"B",1,70.8586545516176,NA
7,"B",2,62.1923890114986,NA
8,"B",3,50.4568170638869,NA
9,"B",4,76.2042999753399,NA
10,"B",5,26.6763907776758,NA
