"Order","Group","GroupOrder","Height","Identifier"
1,"A",1,53.322255730586,NA
2,"A",2,21.5443469003188,"Value1"
3,"A",3,46.4158883361278,"Value2"
4,"A",4,52.1945482914329,NA
5,"A",5,90.363059089301,NA
6,"B",1,30.6089901306434,NA
7,"B",2,25.2405521483718,NA
8,"B",3,50.2471109603818,NA
9,"B",4,70.1535020871658,NA
10,"B",5,76.5845793121832,NA
