"Order","Group","GroupOrder","Height","Identifier"
1,"A",1,31.698916548704,NA
2,"A",2,10,"Value1"
3,"A",3,56.2341325190349,"Value2"
4,"A",4,25.9023026231113,NA
5,"A",5,84.7411933195761,NA
6,"B",1,77.2626988379806,NA
7,"B",2,86.849408138386,NA
8,"B",3,58.4679051454591,NA
9,"B",4,9.18485828846114,NA
10,"B",5,34.0696448710074,NA
