"Order","Group","GroupOrder","Height","Identifier"
1,"A",1,20.7891413381012,NA
2,"A",2,21.5443469003188,"Value2"
3,"A",3,17.7827941003892,"Value1"
4,"A",4,65.1470860921223,NA
5,"A",5,13.7265863802651,NA
6,"B",1,67.3084705639853,NA
7,"B",2,73.945468140578,NA
8,"B",3,46.8056646657945,NA
9,"B",4,10.3055053329971,NA
10,"B",5,80.2966891843263,NA
