"Order","Group","GroupOrder","Height","Identifier"
1,"A",1,50.5413744413463,NA
2,"A",2,26.1015721568254,"Value2"
3,"A",3,12.1152765862859,"Value1"
4,"A",4,91.3527546254032,NA
5,"A",5,12.7291551657723,NA
6,"B",1,59.7070013853223,NA
7,"B",2,70.374742797121,NA
8,"B",3,79.3416064608951,NA
9,"B",4,60.7581929988035,NA
10,"B",5,75.4399070156808,NA
