"Order","Group","GroupOrder","Height","Identifier"
1,"A",1,38.1287744872473,NA
2,"A",2,31.6227766016838,"Value1"
3,"A",3,56.2341325190349,"Value2"
4,"A",4,72.97995478003,NA
5,"A",5,91.5828007057628,NA
6,"B",1,71.7221982691168,NA
7,"B",2,30.876151675838,NA
8,"B",3,19.64887647603,NA
9,"B",4,66.833162724664,NA
10,"B",5,12.5223048710987,NA
