"Order","Group","GroupOrder","Height","Identifier"
1,"A",1,62.9857826400209,NA
2,"A",2,26.1015721568254,"Value2"
3,"A",3,17.7827941003892,"Value1"
4,"A",4,35.634352529352,NA
5,"A",5,84.2213744827976,NA
6,"B",1,80.8755105043624,NA
7,"B",2,36.3626068111103,NA
8,"B",3,3.04898726563942,NA
9,"B",4,8.77695460057477,NA
10,"B",5,65.0319569927062,NA
