"Order","Group","GroupOrder","Height","Identifier"
1,"A",1,46.1935826379027,NA
2,"A",2,21.5443469003188,"Value1"
3,"A",3,46.4158883361278,"Value2"
4,"A",4,80.9491467610855,NA
5,"A",5,37.4440212638574,NA
6,"B",1,92.8027035181081,NA
7,"B",2,64.0990370067392,NA
8,"B",3,37.0158872960687,NA
9,"B",4,39.7398285272501,NA
10,"B",5,40.1378039084357,NA
