"Order","Group","GroupOrder","Height","Identifier"
1,"A",1,16.6309813513198,NA
2,"A",2,31.6227766016838,"Value1"
3,"A",3,56.2341325190349,"Value2"
4,"A",4,48.0700172442189,NA
5,"A",5,13.3435485709691,NA
6,"B",1,21.9674623459066,NA
7,"B",2,33.850665544279,NA
8,"B",3,73.4473626617125,NA
9,"B",4,38.3026969674058,NA
10,"B",5,80.059451097829,NA
