"Order","Group","GroupOrder","Height","Identifier"
1,"A",1,56.1170961849626,NA
2,"A",2,38.3118684955729,"Value2"
3,"A",3,31.6227766016838,"Value1"
4,"A",4,22.7202944495111,NA
5,"A",5,59.4392367931121,NA
6,"B",1,19.7527238673885,NA
7,"B",2,12.0333974345098,NA
8,"B",3,62.0051088326568,NA
9,"B",4,16.2771126485674,NA
10,"B",5,75.7236377394797,NA
