"Order","Group","GroupOrder","Height","Identifier"
1,"A",1,36.4253921255044,NA
2,"A",2,26.1015721568254,"Value2"
3,"A",3,17.7827941003892,"Value1"
4,"A",4,8.12157540827602,NA
5,"A",5,40.3716869053964,NA
6,"B",1,16.3773761697953,NA
7,"B",2,77.2075242328089,NA
8,"B",3,37.2374703903699,NA
9,"B",4,71.1255796448037,NA
10,"B",5,45.9610222147957,NA
