"Order","Group","GroupOrder","Height","Identifier"
1,"A",1,15.7336310168267,NA
2,"A",2,17.7827941003892,"Value1"
3,"A",3,21.5443469003188,"Value2"
4,"A",4,17.0598745056902,NA
5,"A",5,18.0842865635383,NA
6,"B",1,51.2013971650006,NA
7,"B",2,65.9169949060893,NA
8,"B",3,94.2566691137614,NA
9,"B",4,30.512820331309,NA
10,"B",5,83.8828974905141,NA
