"Order","Group","GroupOrder","Height","Identifier"
1,"A",1,48.3631423799394,NA
2,"A",2,26.1015721568254,"Value2"
3,"A",3,12.1152765862859,"Value1"
4,"A",4,35.9958819007008,NA
5,"A",5,42.2153896296234,NA
6,"B",1,43.1392534207766,NA
7,"B",2,44.9549975627289,NA
8,"B",3,39.1305413888143,NA
9,"B",4,43.7217011279451,NA
10,"B",5,52.2578014524884,NA
