"Order","Group","GroupOrder","Height","Identifier"
1,"A",1,12.8928315708911,NA
2,"A",2,38.3118684955729,"Value2"
3,"A",3,14.6779926762207,"Value1"
4,"A",4,61.0755842791962,NA
5,"A",5,26.5292479761744,NA
6,"B",1,77.8192154489215,NA
7,"B",2,35.4763369016386,NA
8,"B",3,37.3472897069716,NA
9,"B",4,53.0195589097126,NA
10,"B",5,38.3475864194035,NA
