"Order","Group","GroupOrder","Height","Identifier"
1,"A",1,45.3438446804765,NA
2,"A",2,14.6779926762207,"Value2"
3,"A",3,32.7098134302035,NA
4,"A",4,22.5520227308072,NA
5,"A",5,55.5174173522477,NA
6,"B",1,63.1683381885929,NA
7,"B",2,10,"Value1"
8,"B",3,31.9674819714501,NA
9,"B",4,18.8489154592542,NA
10,"B",5,45.7236530067222,NA
