"Order","Group","GroupOrder","Height","Identifier"
1,"A",1,56.7140559655377,NA
2,"A",2,12.1152765862859,"Value1"
3,"A",3,31.5290990334633,NA
4,"A",4,24.5405164618227,NA
5,"A",5,26.5054857340307,NA
6,"B",1,47.3903463588399,NA
7,"B",2,26.1015721568254,"Value2"
8,"B",3,78.070402975582,NA
9,"B",4,89.2559524044694,NA
10,"B",5,53.1459556529975,NA
