"Order","Group","GroupOrder","Height","Identifier"
1,"A",1,33.0431394466645,NA
2,"A",2,56.2341325190349,"Value2"
3,"A",3,61.4296258176242,NA
4,"A",4,64.6957725683508,NA
5,"A",5,80.4285311101744,NA
6,"B",1,46.6354608428807,NA
7,"B",2,31.6227766016838,"Value1"
8,"B",3,38.6448353412023,NA
9,"B",4,37.9650888542819,NA
10,"B",5,70.4659729721757,NA
