"Order","Group","GroupOrder","Height","Identifier"
1,"A",1,7.8240715487421,NA
2,"A",2,14.6779926762207,"Value1"
3,"A",3,25.6338260352956,NA
4,"A",4,59.3677271672995,NA
5,"A",5,52.0134519906811,NA
6,"B",1,30.8022290681462,NA
7,"B",2,38.3118684955729,"Value2"
8,"B",3,8.67046186892597,NA
9,"B",4,58.4900006694986,NA
10,"B",5,8.42162942066629,NA
