"Order","Group","GroupOrder","Height","Identifier"
1,"A",1,37.0790097325171,NA
2,"A",2,46.4158883361278,"Value2"
3,"A",3,51.8319300313491,NA
4,"A",4,12.7937841184521,NA
5,"A",5,46.6939263715979,NA
6,"B",1,76.9092170525839,NA
7,"B",2,21.5443469003188,"Value1"
8,"B",3,78.2648625829443,NA
9,"B",4,27.3037570805955,NA
10,"B",5,86.8054001860107,NA
