"Order","Group","GroupOrder","Height","Identifier"
1,"A",1,64.7845280118747,NA
2,"A",2,21.5443469003188,"Value2"
3,"A",3,70.7872710874808,NA
4,"A",4,48.4558562272668,NA
5,"A",5,75.5415221366175,NA
6,"B",1,42.2684132974474,NA
7,"B",2,17.7827941003892,"Value1"
8,"B",3,62.3488093872207,NA
9,"B",4,29.338180980421,NA
10,"B",5,55.1925987337027,NA
