"Order","Group","GroupOrder","Height","Identifier"
1,"A",1,57.9245802998046,NA
2,"A",2,38.3118684955729,"Value2"
3,"A",3,62.4410072301827,NA
4,"A",4,55.971395035307,NA
5,"A",5,23.5385074024878,NA
6,"B",1,43.1118936856556,NA
7,"B",2,31.6227766016838,"Value1"
8,"B",3,26.9712264079918,NA
9,"B",4,36.1772660888539,NA
10,"B",5,25.8007174645834,NA
