"Order","Group","GroupOrder","Height","Identifier"
1,"A",1,29.3725193381434,NA
2,"A",2,14.6779926762207,"Value2"
3,"A",3,10,"Value1"
4,"A",4,43.3606619485411,NA
5,"A",5,48.2392803302211,NA
6,"B",1,70.5653014161945,NA
7,"B",2,90.578924496526,NA
8,"B",3,31.7997723957765,NA
9,"B",4,13.7207081457572,NA
10,"B",5,41.2833462816724,NA
