"Order","Group","GroupOrder","Height","Identifier"
1,"A",1,43.880520829868,NA
2,"A",2,10,"Value1"
3,"A",3,56.2341325190349,"Value2"
4,"A",4,70.1414046453146,NA
5,"A",5,38.0237200913011,NA
6,"B",1,54.8868892261802,NA
7,"B",2,24.9024888139929,NA
8,"B",3,88.7328995170797,NA
9,"B",4,70.4385083210807,NA
10,"B",5,41.4893893197044,NA
