"Order","Group","GroupOrder","Height","Identifier"
1,"A",1,51.9937950749791,NA
2,"A",2,21.5443469003188,"Value1"
3,"A",3,46.4158883361278,"Value2"
4,"A",4,60.3594151290693,NA
5,"A",5,68.891910970009,NA
6,"B",1,54.0807422070307,NA
7,"B",2,20.9749555638497,NA
8,"B",3,20.1895064472448,NA
9,"B",4,50.7257957525603,NA
10,"B",5,27.5853260603701,NA
