"Order","Group","GroupOrder","Height","Identifier"
1,"A",1,32.3758654053091,NA
2,"A",2,12.1152765862859,"Value1"
3,"A",3,46.4158883361278,"Value2"
4,"A",4,96.0568751846028,NA
5,"A",5,51.0753186238818,NA
6,"B",1,14.392053012801,NA
7,"B",2,32.4565334556178,NA
8,"B",3,87.5909040911056,NA
9,"B",4,85.470958023386,NA
10,"B",5,16.929497817965,NA
