"Order","Group","GroupOrder","Height","Identifier"
1,"A",1,81.9591612663335,NA
2,"A",2,26.1015721568254,"Value2"
3,"A",3,17.7827941003892,"Value1"
4,"A",4,63.19290357453,NA
5,"A",5,78.6693221307923,NA
6,"B",1,20.5308148052826,NA
7,"B",2,70.7708101586232,NA
8,"B",3,39.4110478144888,NA
9,"B",4,20.6268096366317,NA
10,"B",5,49.4497191316108,NA
