"Order","Group","GroupOrder","Height","Identifier"
1,"A",1,72.5068506197236,NA
2,"A",2,31.6227766016838,"Value1"
3,"A",3,38.3118684955729,"Value2"
4,"A",4,54.4150610349099,NA
5,"A",5,65.9552648437792,NA
6,"B",1,54.7654323100295,NA
7,"B",2,32.9799395641269,NA
8,"B",3,20.5655859471313,NA
9,"B",4,33.9168683122216,NA
10,"B",5,64.6194351909189,NA
