"Order","Group","GroupOrder","Height","Identifier"
1,"A",1,62.7425948090591,NA
2,"A",2,14.6779926762207,"Value1"
3,"A",3,38.3118684955729,"Value2"
4,"A",4,35.4334619071856,NA
5,"A",5,55.7246531832616,NA
6,"B",1,77.8714526488638,NA
7,"B",2,33.720751879218,NA
8,"B",3,84.3191082664816,NA
9,"B",4,61.263234094245,NA
10,"B",5,54.4204276972499,NA
