"Order","Group","GroupOrder","Height","Identifier"
1,"A",1,99.2856494500161,NA
2,"A",2,10,"Value1"
3,"A",3,56.2341325190349,"Value2"
4,"A",4,45.533451334642,NA
5,"A",5,55.6268281099847,NA
6,"B",1,27.6065345534619,NA
7,"B",2,64.9345056705198,NA
8,"B",3,57.8226968262457,NA
9,"B",4,50.7750689146796,NA
10,"B",5,80.251692775962,NA
