"Order","Group","GroupOrder","Height","Identifier"
1,"A",1,20.2153006719584,NA
2,"A",2,21.5443469003188,"Value1"
3,"A",3,46.4158883361278,"Value2"
4,"A",4,45.2927784034364,NA
5,"A",5,93.4167525008394,NA
6,"B",1,29.6632352757094,NA
7,"B",2,47.2806766264001,NA
8,"B",3,22.6767587452451,NA
9,"B",4,90.4754874232871,NA
10,"B",5,61.5594647163393,NA
