"Order","Group","GroupOrder","Height","Identifier"
1,"A",1,65.3559952526323,NA
2,"A",2,12.1152765862859,"Value1"
3,"A",3,26.1015721568254,"Value2"
4,"A",4,18.4902613762558,NA
5,"A",5,79.2097921936659,NA
6,"B",1,73.8816950850968,NA
7,"B",2,8.80977610723638,NA
8,"B",3,28.1262344080381,NA
9,"B",4,47.0015059587819,NA
10,"B",5,36.0347921999934,NA
