"Order","Group","GroupOrder","Height","Identifier"
1,"A",1,55.2390590858801,NA
2,"A",2,12.1152765862859,"Value1"
3,"A",3,46.4158883361278,"Value2"
4,"A",4,55.4379136212057,NA
5,"A",5,61.3139177716374,NA
6,"B",1,62.9315848337308,NA
7,"B",2,53.3087965558156,NA
8,"B",3,28.745549960568,NA
9,"B",4,62.4184447766557,NA
10,"B",5,43.1029944720335,NA
