"Order","Group","GroupOrder","Height","Identifier"
1,"A",1,32.967853252825,NA
2,"A",2,21.5443469003188,"Value2"
3,"A",3,17.7827941003892,"Value1"
4,"A",4,62.8306038901963,NA
5,"A",5,26.7073274211916,NA
6,"B",1,64.9739339871577,NA
7,"B",2,94.5525758965075,NA
8,"B",3,42.447125367899,NA
9,"B",4,51.6557305562049,NA
10,"B",5,24.2357670204804,NA
