"Order","Group","GroupOrder","Height","Identifier"
1,"A",1,46.1016469972806,NA
2,"A",2,56.2341325190349,"Value2"
3,"A",3,31.6227766016838,"Value1"
4,"A",4,40.7023263219623,NA
5,"A",5,44.9221780438261,NA
6,"B",1,18.7362019391553,NA
7,"B",2,51.3921943826125,NA
8,"B",3,52.4747425770369,NA
9,"B",4,62.0219682946515,NA
10,"B",5,27.6091496493179,NA
