"Order","Group","GroupOrder","Height","Identifier"
1,"A",1,25.1419167992277,NA
2,"A",2,26.1015721568254,"Value2"
3,"A",3,17.7827941003892,"Value1"
4,"A",4,55.4968193845939,NA
5,"A",5,48.3478822687528,NA
6,"B",1,42.2663093732794,NA
7,"B",2,91.2440576860627,NA
8,"B",3,68.8078250917269,NA
9,"B",4,62.7087143510578,NA
10,"B",5,86.7732241523361,NA
