"Order","Group","GroupOrder","Height","Identifier"
1,"A",1,52.2206958031596,NA
2,"A",2,12.1152765862859,"Value1"
3,"A",3,46.4158883361278,"Value2"
4,"A",4,69.6356925629834,NA
5,"A",5,44.4348801932428,NA
6,"B",1,52.9912494616783,NA
7,"B",2,41.9830625970563,NA
8,"B",3,76.4223768068059,NA
9,"B",4,60.1366821586623,NA
10,"B",5,58.6845373387554,NA
