"Order","Group","GroupOrder","Height","Identifier"
1,"A",1,50.4781843056402,NA
2,"A",2,38.3118684955729,"Value2"
3,"A",3,31.6227766016838,"Value1"
4,"A",4,9.79775313800648,NA
5,"A",5,92.7601249996274,NA
6,"B",1,63.5773943667836,NA
7,"B",2,86.0823762467099,NA
8,"B",3,37.9366730759699,NA
9,"B",4,74.8801346338543,NA
10,"B",5,43.152198268537,NA
