"Order","Group","GroupOrder","Height","Identifier"
1,"A",1,55.0204341347526,NA
2,"A",2,38.3118684955729,"Value2"
3,"A",3,14.6779926762207,"Value1"
4,"A",4,64.1490566316246,NA
5,"A",5,78.8404007250216,NA
6,"B",1,57.3214381145506,NA
7,"B",2,63.9021307059492,NA
8,"B",3,38.9386432905974,NA
9,"B",4,39.1523236753873,NA
10,"B",5,59.1899494900139,NA
