"Order","Group","GroupOrder","Height","Identifier"
1,"A",1,87.2975861333889,NA
2,"A",2,10,"Value1"
3,"A",3,14.6779926762207,"Value2"
4,"A",4,6.07744270295568,NA
5,"A",5,65.9154541468242,NA
6,"B",1,52.4084563885884,NA
7,"B",2,31.9441412412416,NA
8,"B",3,57.6458914451821,NA
9,"B",4,57.142925528355,NA
10,"B",5,34.8158028129463,NA
