"Order","Group","GroupOrder","Height","Identifier"
1,"A",1,34.6551109404877,NA
2,"A",2,46.4158883361278,"Value2"
3,"A",3,21.5443469003188,"Value1"
4,"A",4,30.8571351240563,NA
5,"A",5,42.100637808791,NA
6,"B",1,7.63097785251822,NA
7,"B",2,32.666007225895,NA
8,"B",3,78.3332491641784,NA
9,"B",4,33.1953601513709,NA
10,"B",5,38.2109070964148,NA
