"Order","Group","GroupOrder","Height","Identifier"
1,"A",1,28.2687783933411,NA
2,"A",2,56.2341325190349,"Value2"
3,"A",3,3.8913255484656,NA
4,"A",4,78.5101631603074,NA
5,"A",5,52.4194044566663,NA
6,"B",1,86.7644805154106,NA
7,"B",2,10,"Value1"
8,"B",3,57.7180282847832,NA
9,"B",4,82.2111385262242,NA
10,"B",5,23.0525675833688,NA
