"Order","Group","GroupOrder","Height","Identifier"
1,"A",1,41.4415867334773,NA
2,"A",2,46.4158883361278,"Value2"
3,"A",3,35.0842727645857,NA
4,"A",4,33.6551825157565,NA
5,"A",5,65.1046097901324,NA
6,"B",1,76.6374194526674,NA
7,"B",2,21.5443469003188,"Value1"
8,"B",3,10.6454162672231,NA
9,"B",4,73.5475540602193,NA
10,"B",5,52.7001798490636,NA
