"Order","Group","GroupOrder","Height","Identifier"
1,"A",1,14.8444755331311,NA
2,"A",2,31.6227766016838,"Value1"
3,"A",3,63.1182703332993,NA
4,"A",4,36.8498928028309,NA
5,"A",5,39.1186497251033,NA
6,"B",1,30.0356770759542,NA
7,"B",2,56.2341325190349,"Value2"
8,"B",3,63.9574030570407,NA
9,"B",4,89.9375586890635,NA
10,"B",5,41.3239499718664,NA
