"Order","Group","GroupOrder","Height","Identifier"
1,"A",1,45.152976705041,NA
2,"A",2,46.4158883361278,"Value2"
3,"A",3,21.5443469003188,"Value1"
4,"A",4,30.3204538790858,NA
5,"A",5,71.6751870390096,NA
6,"B",1,52.1130067603712,NA
7,"B",2,71.6356140818969,NA
8,"B",3,33.7393609946207,NA
9,"B",4,37.8129918442628,NA
10,"B",5,24.2384975261117,NA
