"Order","Group","GroupOrder","Height","Identifier"
1,"A",1,77.2864567719165,NA
2,"A",2,17.7827941003892,"Value1"
3,"A",3,26.1015721568254,"Value2"
4,"A",4,15.3158460536041,NA
5,"A",5,70.6784321555965,NA
6,"B",1,47.3801521917296,NA
7,"B",2,16.9575798787863,NA
8,"B",3,38.5174735862487,NA
9,"B",4,29.9716787105431,NA
10,"B",5,63.7534196188722,NA
