"Order","Group","GroupOrder","Height","Identifier"
1,"A",1,45.52663780556,NA
2,"A",2,56.2341325190349,"Value2"
3,"A",3,31.6227766016838,"Value1"
4,"A",4,75.9841452042369,NA
5,"A",5,52.9846432187643,NA
6,"B",1,50.923717820651,NA
7,"B",2,52.8693587893079,NA
8,"B",3,40.0509333050043,NA
9,"B",4,45.5224072612787,NA
10,"B",5,40.1438799158736,NA
