"Order","Group","GroupOrder","Height","Identifier"
1,"A",1,70.9115123927356,NA
2,"A",2,12.1152765862859,"Value1"
3,"A",3,46.4158883361278,"Value2"
4,"A",4,44.4283669154854,NA
5,"A",5,45.9815240431469,NA
6,"B",1,85.2942421755807,NA
7,"B",2,81.645927102566,NA
8,"B",3,79.1196207241436,NA
9,"B",4,58.0504071113473,NA
10,"B",5,14.0364549225407,NA
