"Order","Group","GroupOrder","Height","Identifier"
1,"A",1,60.902054968003,NA
2,"A",2,38.3118684955729,"Value2"
3,"A",3,14.6779926762207,"Value1"
4,"A",4,56.1924954812655,NA
5,"A",5,39.2031834545137,NA
6,"B",1,33.0533471392392,NA
7,"B",2,45.5285994080322,NA
8,"B",3,42.2055798539271,NA
9,"B",4,75.2207640079348,NA
10,"B",5,12.5027004761611,NA
