"Order","Group","GroupOrder","Height","Identifier"
1,"A",1,69.0214165479728,NA
2,"A",2,10,"Value1"
3,"A",3,21.9580498430124,NA
4,"A",4,63.1371624342569,NA
5,"A",5,42.0512446977284,NA
6,"B",1,57.5472229632198,NA
7,"B",2,14.6779926762207,"Value2"
8,"B",3,43.494749986334,NA
9,"B",4,57.2667536117943,NA
10,"B",5,71.349330846362,NA
