"Order","Group","GroupOrder","Height","Identifier"
1,"A",1,92.3430723575597,NA
2,"A",2,38.3118684955729,"Value2"
3,"A",3,82.2936423745574,NA
4,"A",4,69.1290335594762,NA
5,"A",5,57.0143681951079,NA
6,"B",1,69.0421929386411,NA
7,"B",2,14.6779926762207,"Value1"
8,"B",3,78.0523764477431,NA
9,"B",4,73.1137444668511,NA
10,"B",5,88.7951380985706,NA
