"Order","Group","GroupOrder","Height","Identifier"
1,"A",1,70.1545401465341,NA
2,"A",2,12.1152765862859,"Value1"
3,"A",3,50.5153775183,NA
4,"A",4,60.8989896039388,NA
5,"A",5,45.0153187973022,NA
6,"B",1,51.526520512434,NA
7,"B",2,26.1015721568254,"Value2"
8,"B",3,74.6457394997884,NA
9,"B",4,17.0358169260094,NA
10,"B",5,50.8067336980365,NA
