"Order","Group","GroupOrder","Height","Identifier"
1,"A",1,7.69536010897153,NA
2,"A",2,31.6227766016838,"Value1"
3,"A",3,40.2871695978601,NA
4,"A",4,65.1305914523631,NA
5,"A",5,10.6625210782156,NA
6,"B",1,29.8422181370187,NA
7,"B",2,38.3118684955729,"Value2"
8,"B",3,10.0828623577584,NA
9,"B",4,40.1031077348069,NA
10,"B",5,67.9028432760595,NA
