"Order","Group","GroupOrder","Height","Identifier"
1,"A",1,62.0574132774976,NA
2,"A",2,21.5443469003188,"Value2"
3,"A",3,44.7508575993954,NA
4,"A",4,46.8926072589794,NA
5,"A",5,47.7557859440743,NA
6,"B",1,4.14280164498097,NA
7,"B",2,17.7827941003892,"Value1"
8,"B",3,74.1587722985935,NA
9,"B",4,64.7883943545902,NA
10,"B",5,35.5484093740299,NA
