"Order","Group","GroupOrder","Height","Identifier"
1,"A",1,56.0173121592086,NA
2,"A",2,38.3118684955729,"Value2"
3,"A",3,14.6779926762207,"Value1"
4,"A",4,5.68046687877157,NA
5,"A",5,9.34703050916171,NA
6,"B",1,96.2161988926861,NA
7,"B",2,73.9121619112548,NA
8,"B",3,35.9228175014492,NA
9,"B",4,59.9942482400938,NA
10,"B",5,81.0608195120366,NA
