"Order","Group","GroupOrder","Height","Identifier"
1,"A",1,76.1205050401996,NA
2,"A",2,17.7827941003892,"Value1"
3,"A",3,21.5443469003188,"Value2"
4,"A",4,78.0698362559343,NA
5,"A",5,51.048811345195,NA
6,"B",1,52.4947486737542,NA
7,"B",2,27.0951559380204,NA
8,"B",3,47.7218472896078,NA
9,"B",4,40.2697189108203,NA
10,"B",5,55.1645711147103,NA
