"Order","Group","GroupOrder","Height","Identifier"
1,"A",1,31.0678753806272,NA
2,"A",2,10,"Value1"
3,"A",3,56.2341325190349,"Value2"
4,"A",4,64.9615403229239,NA
5,"A",5,20.6136843979251,NA
6,"B",1,51.7701250999117,NA
7,"B",2,14.1055982505612,NA
8,"B",3,48.5333474613463,NA
9,"B",4,61.1959391057954,NA
10,"B",5,45.3894888689997,NA
