"Order","Group","GroupOrder","Height","Identifier"
1,"A",1,44.5045270628813,NA
2,"A",2,56.2341325190349,"Value2"
3,"A",3,10,"Value1"
4,"A",4,64.0037153924857,NA
5,"A",5,72.2501663936762,NA
6,"B",1,77.5614449413086,NA
7,"B",2,81.678113496874,NA
8,"B",3,61.6955661110414,NA
9,"B",4,6.9310718548305,NA
10,"B",5,21.2038059128204,NA
