"Order","Group","GroupOrder","Height","Identifier"
1,"A",1,18.0841030853042,NA
2,"A",2,46.4158883361278,"Value2"
3,"A",3,21.5443469003188,"Value1"
4,"A",4,66.4719731454565,NA
5,"A",5,56.1077319250014,NA
6,"B",1,13.0550644836557,NA
7,"B",2,71.2440650148002,NA
8,"B",3,38.5292628060852,NA
9,"B",4,55.5709947505675,NA
10,"B",5,90.7850245852504,NA
