"Order","Group","GroupOrder","Height","Identifier"
1,"A",1,38.2054754336642,NA
2,"A",2,17.7827941003892,"Value1"
3,"A",3,26.1015721568254,"Value2"
4,"A",4,38.0184570877624,NA
5,"A",5,17.4620338667995,NA
6,"B",1,82.550394650039,NA
7,"B",2,61.7999435380978,NA
8,"B",3,93.8291641342284,NA
9,"B",4,76.1229120402107,NA
10,"B",5,22.0770650312802,NA
