"Order","Group","GroupOrder","Height","Identifier"
1,"A",1,69.6568626335627,NA
2,"A",2,56.2341325190349,"Value2"
3,"A",3,31.6227766016838,"Value1"
4,"A",4,60.3599351477621,NA
5,"A",5,33.2165501245644,NA
6,"B",1,16.2414570196669,NA
7,"B",2,29.0639997675968,NA
8,"B",3,46.138150094754,NA
9,"B",4,39.6531600042264,NA
10,"B",5,45.7059030119611,NA
