"Order","Group","GroupOrder","Height","Identifier"
1,"A",1,69.4248821139936,NA
2,"A",2,38.3118684955729,"Value2"
3,"A",3,14.6779926762207,"Value1"
4,"A",4,59.7911832213668,NA
5,"A",5,65.3099619318684,NA
6,"B",1,17.2921318102104,NA
7,"B",2,74.1201947529939,NA
8,"B",3,57.7243432490956,NA
9,"B",4,47.367373326135,NA
10,"B",5,56.8505832859828,NA
