"Order","Group","GroupOrder","Height","Identifier"
1,"A",1,65.0187594194132,NA
2,"A",2,46.4158883361278,"Value2"
3,"A",3,21.5443469003188,"Value1"
4,"A",4,72.3834655018897,NA
5,"A",5,27.4494703612804,NA
6,"B",1,53.7325813572284,NA
7,"B",2,54.5011254885396,NA
8,"B",3,50.2288090010747,NA
9,"B",4,64.1006017582705,NA
10,"B",5,13.4393077278159,NA
