"Order","Group","GroupOrder","Height","Identifier"
1,"A",1,30.3275722311462,NA
2,"A",2,31.6227766016838,"Value1"
3,"A",3,38.3118684955729,"Value2"
4,"A",4,72.2655638604658,NA
5,"A",5,41.9559152708471,NA
6,"B",1,48.8646679919535,NA
7,"B",2,68.8502062746874,NA
8,"B",3,19.2644342566811,NA
9,"B",4,67.7428117891944,NA
10,"B",5,88.404094345149,NA
