"Order","Group","GroupOrder","Height","Identifier"
1,"A",1,78.414285039161,NA
2,"A",2,12.1152765862859,"Value1"
3,"A",3,46.4158883361278,"Value2"
4,"A",4,4.46490647363248,NA
5,"A",5,79.4737523562776,NA
6,"B",1,9.13315189871689,NA
7,"B",2,56.8869751227027,NA
8,"B",3,75.9975341447284,NA
9,"B",4,39.565358003202,NA
10,"B",5,17.5293270202138,NA
