"Order","Group","GroupOrder","Height","Identifier"
1,"A",1,52.2657224557041,NA
2,"A",2,21.5443469003188,"Value2"
3,"A",3,17.7827941003892,"Value1"
4,"A",4,12.3682599464578,NA
5,"A",5,73.1777213903525,NA
6,"B",1,68.0173919944331,NA
7,"B",2,84.0726186112434,NA
8,"B",3,29.5548122200467,NA
9,"B",4,94.228382341649,NA
10,"B",5,66.7408505556137,NA
