"Order","Group","GroupOrder","Height","Identifier"
1,"A",1,42.272398215388,NA
2,"A",2,10,"Value1"
3,"A",3,56.2341325190349,"Value2"
4,"A",4,26.8676221987726,NA
5,"A",5,43.9430124951596,NA
6,"B",1,44.0045389305247,NA
7,"B",2,57.8110316442881,NA
8,"B",3,87.3910631724749,NA
9,"B",4,39.6427233721005,NA
10,"B",5,77.2486018115978,NA
