"","trials","time_to_complete"
"1",10,0.00423312187194824
"2",50,0.0159718990325928
"3",100,0.031702995300293
"4",500,0.183985948562622
"5",1000,0.741636037826538
"6",5000,1.46367502212524
"7",10000,3.2285258769989
"8",1e+05,29.5846982002258
"9",1e+06,4.89981686671575
