"Order","Group","GroupOrder","Height","Identifier"
1,"A",1,75.0494502597046,NA
2,"A",2,31.6227766016838,"Value1"
3,"A",3,14.1327827945208,NA
4,"A",4,44.7189151145144,NA
5,"A",5,14.22410259961,NA
6,"B",1,33.6051617220337,NA
7,"B",2,38.3118684955729,"Value2"
8,"B",3,77.1974456394704,NA
9,"B",4,75.2930381473989,NA
10,"B",5,71.9919270738649,NA
