"Order","Group","GroupOrder","Height","Identifier"
1,"A",1,56.5495233937149,NA
2,"A",2,17.7827941003892,"Value1"
3,"A",3,94.4864906313606,NA
4,"A",4,84.140107028109,NA
5,"A",5,34.5710915006146,NA
6,"B",1,43.7624778033654,NA
7,"B",2,26.1015721568254,"Value2"
8,"B",3,76.546571550492,NA
9,"B",4,46.9292964732596,NA
10,"B",5,37.6165282647039,NA
