"Order","Group","GroupOrder","Height","Identifier"
1,"A",1,64.2856458776056,NA
2,"A",2,26.1015721568254,"Value2"
3,"A",3,56.9160066089207,NA
4,"A",4,21.3656471897376,NA
5,"A",5,48.1375849870794,NA
6,"B",1,31.832310310265,NA
7,"B",2,12.1152765862859,"Value1"
8,"B",3,34.7284515591433,NA
9,"B",4,27.4944351710433,NA
10,"B",5,20.8678778965457,NA
