"Order","Group","GroupOrder","Height","Identifier"
1,"A",1,5.49328217916942,NA
2,"A",2,21.5443469003188,"Value2"
3,"A",3,80.9941567871496,NA
4,"A",4,83.4815727448488,NA
5,"A",5,31.2641849331279,NA
6,"B",1,9.07209365559409,NA
7,"B",2,17.7827941003892,"Value1"
8,"B",3,53.8460103849894,NA
9,"B",4,52.8238447689984,NA
10,"B",5,94.0184680392659,NA
