"Order","Group","GroupOrder","Height","Identifier"
1,"A",1,12.2821544211567,NA
2,"A",2,10,"Value1"
3,"A",3,4.45248609645371,NA
4,"A",4,56.5259826659701,NA
5,"A",5,47.1789153169238,NA
6,"B",1,82.0778307477496,NA
7,"B",2,56.2341325190349,"Value2"
8,"B",3,61.1515235920654,NA
9,"B",4,73.9792175454764,NA
10,"B",5,59.5941089865077,NA
