"Order","Group","GroupOrder","Height","Identifier"
1,"A",1,78.7217088903029,NA
2,"A",2,10,"Value1"
3,"A",3,13.1744405013121,NA
4,"A",4,6.31196761257896,NA
5,"A",5,49.6706009358182,NA
6,"B",1,91.2407140481565,NA
7,"B",2,14.6779926762207,"Value2"
8,"B",3,40.5057877079373,NA
9,"B",4,41.3456387896111,NA
10,"B",5,58.2374783335267,NA
