"Order","Group","GroupOrder","Height","Identifier"
1,"A",1,17.7386095143316,NA
2,"A",2,56.2341325190349,"Value2"
3,"A",3,31.6227766016838,"Value1"
4,"A",4,57.6955935818121,NA
5,"A",5,67.2218478880274,NA
6,"B",1,70.1696158367646,NA
7,"B",2,58.2375221868697,NA
8,"B",3,11.6122760562313,NA
9,"B",4,64.0663918679505,NA
10,"B",5,51.883089653918,NA
