"Order","Group","GroupOrder","Height","Identifier"
1,"A",1,84.4195554604532,NA
2,"A",2,14.6779926762207,"Value1"
3,"A",3,38.3118684955729,"Value2"
4,"A",4,72.463175797789,NA
5,"A",5,40.3946545565328,NA
6,"B",1,21.2392604294204,NA
7,"B",2,88.6744135712401,NA
8,"B",3,60.9151673967699,NA
9,"B",4,60.5228881256009,NA
10,"B",5,24.6691823628911,NA
