"Order","Group","GroupOrder","Height","Identifier"
1,"A",1,64.0997512229277,NA
2,"A",2,10,"Value1"
3,"A",3,14.6779926762207,"Value2"
4,"A",4,64.5848889829048,NA
5,"A",5,44.1086987872363,NA
6,"B",1,41.3158947807063,NA
7,"B",2,79.3322969639641,NA
8,"B",3,74.9269772339742,NA
9,"B",4,53.215220868445,NA
10,"B",5,39.3752130918525,NA
