"Order","Group","GroupOrder","Height","Identifier"
1,"A",1,64.6300137833679,NA
2,"A",2,26.1015721568254,"Value2"
3,"A",3,17.7827941003892,"Value1"
4,"A",4,23.1760478658052,NA
5,"A",5,57.5556560339691,NA
6,"B",1,42.3460884678346,NA
7,"B",2,63.0624297962814,NA
8,"B",3,69.1211023901515,NA
9,"B",4,74.8247031492049,NA
10,"B",5,57.3266967399814,NA
