"Order","Group","GroupOrder","Height","Identifier"
1,"A",1,53.341532376736,NA
2,"A",2,26.1015721568254,"Value2"
3,"A",3,12.1152765862859,"Value1"
4,"A",4,66.0627339537242,NA
5,"A",5,80.1688950255856,NA
6,"B",1,13.4723715645928,NA
7,"B",2,29.5083763612292,NA
8,"B",3,49.2710231006113,NA
9,"B",4,76.0626083858369,NA
10,"B",5,75.9343572912913,NA
