"Order","Group","GroupOrder","Height","Identifier","IDchr"
1,"A",1,84.5594779628005,"random",""
2,"A",2,14.6779926762207,"v1","▲"
3,"A",3,71.642905068796,"random",""
4,"A",4,62.604002608125,"random",""
5,"A",5,31.3502431350684,"random",""
6,"B",1,67.2071965212829,"random",""
7,"B",2,38.3118684955729,"v2","●"
8,"B",3,2.50093960681484,"random",""
9,"B",4,29.0916278667799,"random",""
10,"B",5,20.3409801379268,"random",""
