"Order","Group","GroupOrder","Height","Identifier"
1,"A",1,52.1406937674724,NA
2,"A",2,26.1015721568254,"Value2"
3,"A",3,12.1152765862859,"Value1"
4,"A",4,78.1184708384277,NA
5,"A",5,48.1496005037275,NA
6,"B",1,31.600451814692,NA
7,"B",2,56.2263627855591,NA
8,"B",3,61.9147510205925,NA
9,"B",4,38.7741169022462,NA
10,"B",5,73.7784641359423,NA
