"Order","Group","GroupOrder","Height","Identifier"
1,"A",1,79.2693015530191,NA
2,"A",2,10,"Value1"
3,"A",3,56.2341325190349,"Value2"
4,"A",4,13.2956823959316,NA
5,"A",5,34.0741128965269,NA
6,"B",1,44.6629335965863,NA
7,"B",2,55.3050772889203,NA
8,"B",3,54.8897562694967,NA
9,"B",4,52.9535911800219,NA
10,"B",5,86.6083222118981,NA
