"Order","Group","GroupOrder","Height","Identifier"
1,"A",1,60.3175435039025,NA
2,"A",2,31.6227766016838,"Value1"
3,"A",3,38.3118684955729,"Value2"
4,"A",4,17.5610073002644,NA
5,"A",5,24.8951753540592,NA
6,"B",1,20.1388368234444,NA
7,"B",2,10.5287388033395,NA
8,"B",3,34.9162546321099,NA
9,"B",4,52.9614778614116,NA
10,"B",5,48.3111213174483,NA
