"Order","Group","GroupOrder","Height","Identifier"
1,"A",1,58.5697212643417,NA
2,"A",2,10,"Value1"
3,"A",3,14.6779926762207,"Value2"
4,"A",4,54.4944001412763,NA
5,"A",5,66.7219008047147,NA
6,"B",1,51.7550221307063,NA
7,"B",2,57.7581402827131,NA
8,"B",3,51.4983667096068,NA
9,"B",4,57.4778015309823,NA
10,"B",5,71.5704581937262,NA
