"Order","Group","GroupOrder","Height","Identifier"
1,"A",1,51.725036014893,NA
2,"A",2,12.1152765862859,"Value1"
3,"A",3,46.4158883361278,"Value2"
4,"A",4,17.7790059021712,NA
5,"A",5,36.7177789496123,NA
6,"B",1,21.1731364712939,NA
7,"B",2,48.2407823383606,NA
8,"B",3,29.4734159251684,NA
9,"B",4,87.828599624295,NA
10,"B",5,55.3637844014413,NA
