"Order","Group","GroupOrder","Height","Identifier"
1,"A",1,28.5282166324644,NA
2,"A",2,21.5443469003188,"Value2"
3,"A",3,17.7827941003892,"Value1"
4,"A",4,52.4022786525986,NA
5,"A",5,88.4926022492517,NA
6,"B",1,53.4488783383219,NA
7,"B",2,81.665493420312,NA
8,"B",3,68.3335791587189,NA
9,"B",4,75.5767411458371,NA
10,"B",5,42.3915532801339,NA
