"Order","Group","GroupOrder","Height","Identifier"
1,"A",1,40.703712832285,NA
2,"A",2,21.5443469003188,"Value1"
3,"A",3,46.4158883361278,"Value2"
4,"A",4,20.3675343439055,NA
5,"A",5,26.185751338147,NA
6,"B",1,22.9319480969742,NA
7,"B",2,40.1932520408286,NA
8,"B",3,82.2936741342838,NA
9,"B",4,36.3778035644552,NA
10,"B",5,84.6511203378276,NA
