"Order","Group","GroupOrder","Height","Identifier"
1,"A",1,66.3648648215982,NA
2,"A",2,31.6227766016838,"Value1"
3,"A",3,56.2341325190349,"Value2"
4,"A",4,83.6942823270778,NA
5,"A",5,72.076660207683,NA
6,"B",1,69.7696477959482,NA
7,"B",2,49.4255720240737,NA
8,"B",3,49.1869222612562,NA
9,"B",4,61.2691012168193,NA
10,"B",5,58.8367432162099,NA
