"Order","Group","GroupOrder","Height","Identifier"
1,"A",1,73.1925686671775,NA
2,"A",2,26.1015721568254,"Value2"
3,"A",3,17.7827941003892,"Value1"
4,"A",4,63.0993286335599,NA
5,"A",5,10.8823113462227,NA
6,"B",1,72.1920687101161,NA
7,"B",2,46.5963844240168,NA
8,"B",3,63.7570392815203,NA
9,"B",4,64.5944249650896,NA
10,"B",5,75.77635606653,NA
