"Order","Group","GroupOrder","Height","Identifier"
1,"A",1,36.9537601246606,NA
2,"A",2,56.2341325190349,"Value2"
3,"A",3,10,"Value1"
4,"A",4,29.8123031819554,NA
5,"A",5,31.7525705104944,NA
6,"B",1,48.1648569411664,NA
7,"B",2,24.7211983537805,NA
8,"B",3,32.191165914166,NA
9,"B",4,36.6722613201433,NA
10,"B",5,85.9845093433987,NA
