"Order","Group","GroupOrder","Height","Identifier"
1,"A",1,36.7227116651466,NA
2,"A",2,46.4158883361278,"Value2"
3,"A",3,39.3862485736989,NA
4,"A",4,90.7841473015279,NA
5,"A",5,51.4625376662822,NA
6,"B",1,58.3844216955634,NA
7,"B",2,21.5443469003188,"Value1"
8,"B",3,27.1484208973839,NA
9,"B",4,47.2164739969851,NA
10,"B",5,53.6323305731536,NA
