"Order","Group","GroupOrder","Height","Identifier"
1,"A",1,47.198076212267,NA
2,"A",2,46.4158883361278,"Value2"
3,"A",3,65.7687306920469,NA
4,"A",4,35.6487315158546,NA
5,"A",5,90.5529906449999,NA
6,"B",1,25.1983620986814,NA
7,"B",2,12.1152765862859,"Value1"
8,"B",3,37.7801953172442,NA
9,"B",4,31.8400897973687,NA
10,"B",5,77.9828488940157,NA
