"Order","Group","GroupOrder","Height","Identifier"
1,"A",1,35.6191468868926,NA
2,"A",2,56.2341325190349,"Value2"
3,"A",3,56.182243383351,NA
4,"A",4,54.0088113791809,NA
5,"A",5,53.7522431434595,NA
6,"B",1,44.6211838866308,NA
7,"B",2,31.6227766016838,"Value1"
8,"B",3,65.7235613707031,NA
9,"B",4,23.0654699779743,NA
10,"B",5,45.487618744086,NA
