"Order","Group","GroupOrder","Height","Identifier"
1,"A",1,50.7700517151572,NA
2,"A",2,38.3118684955729,"Value2"
3,"A",3,18.8930277496681,NA
4,"A",4,16.8906404505908,NA
5,"A",5,38.5976882839898,NA
6,"B",1,34.4249377999055,NA
7,"B",2,14.6779926762207,"Value1"
8,"B",3,81.1733827941075,NA
9,"B",4,41.139172466343,NA
10,"B",5,8.79931875741555,NA
