"Order","Group","GroupOrder","Height","Identifier"
1,"A",1,94.0845481162342,NA
2,"A",2,17.7827941003892,"Value1"
3,"A",3,32.7506028322373,NA
4,"A",4,13.369208344727,NA
5,"A",5,49.0979642957684,NA
6,"B",1,39.7718465690507,NA
7,"B",2,21.5443469003188,"Value2"
8,"B",3,57.8095178395062,NA
9,"B",4,24.8616858829711,NA
10,"B",5,27.3451294177355,NA
