"Order","Group","GroupOrder","Height","Identifier"
1,"A",1,48.9786396959302,NA
2,"A",2,10,"Value1"
3,"A",3,28.4419207876982,NA
4,"A",4,78.8706154053836,NA
5,"A",5,17.6770858607763,NA
6,"B",1,72.7024137473832,NA
7,"B",2,56.2341325190349,"Value2"
8,"B",3,25.4783443096059,NA
9,"B",4,68.5379947671045,NA
10,"B",5,29.3748254947727,NA
