"Order","Group","GroupOrder","Height","Identifier"
1,"A",1,76.0961200001388,NA
2,"A",2,46.4158883361278,"Value2"
3,"A",3,26.9227676130027,NA
4,"A",4,34.3578804478905,NA
5,"A",5,84.5815809330876,NA
6,"B",1,37.7086924182253,NA
7,"B",2,12.1152765862859,"Value1"
8,"B",3,20.5403125571681,NA
9,"B",4,65.6778817223314,NA
10,"B",5,56.8337958100939,NA
