"Order","Group","GroupOrder","Height","Identifier"
1,"A",1,78.8471774853182,NA
2,"A",2,31.6227766016838,"Value1"
3,"A",3,42.7922082842522,NA
4,"A",4,48.5439382128864,NA
5,"A",5,37.4974732840486,NA
6,"B",1,43.4393480276399,NA
7,"B",2,38.3118684955729,"Value2"
8,"B",3,39.9676451567654,NA
9,"B",4,51.7834042891725,NA
10,"B",5,12.0389601158204,NA
