"Order","Group","GroupOrder","Height","Identifier"
1,"A",1,57.8100146165331,NA
2,"A",2,21.5443469003188,"Value2"
3,"A",3,17.7827941003892,"Value1"
4,"A",4,34.0283598745475,NA
5,"A",5,69.2794890970392,NA
6,"B",1,44.9825395866896,NA
7,"B",2,26.8924921288172,NA
8,"B",3,49.5931765686585,NA
9,"B",4,53.2433677627778,NA
10,"B",5,18.9970144406054,NA
