"Order","Group","GroupOrder","Height","Identifier"
1,"A",1,29.5623303077859,NA
2,"A",2,12.1152765862859,"Value1"
3,"A",3,26.1015721568254,"Value2"
4,"A",4,25.7257497779187,NA
5,"A",5,61.0617497935049,NA
6,"B",1,24.9229771104218,NA
7,"B",2,36.1678476155921,NA
8,"B",3,46.002453861426,NA
9,"B",4,49.3349587526823,NA
10,"B",5,22.5860230162409,NA
