"Order","Group","GroupOrder","Height","Identifier"
1,"A",1,24.4617453717072,NA
2,"A",2,38.3118684955729,"Value2"
3,"A",3,31.6227766016838,"Value1"
4,"A",4,69.4181198599234,NA
5,"A",5,71.9591355020118,NA
6,"B",1,39.3273603082935,NA
7,"B",2,46.4305596156338,NA
8,"B",3,57.3786350516809,NA
9,"B",4,61.289521250631,NA
10,"B",5,54.8173315104133,NA
