"Order","Group","GroupOrder","Height","Identifier"
1,"A",1,40.5563340264747,NA
2,"A",2,56.2341325190349,"Value2"
3,"A",3,10,"Value1"
4,"A",4,52.5208343549664,NA
5,"A",5,82.3255297451652,NA
6,"B",1,71.3589490797319,NA
7,"B",2,89.9928087752968,NA
8,"B",3,45.6361003800377,NA
9,"B",4,77.6623853177449,NA
10,"B",5,46.3059077353927,NA
