"Order","Group","GroupOrder","Height","Identifier"
1,"A",1,33.8044392749717,NA
2,"A",2,14.6779926762207,"Value1"
3,"A",3,38.3118684955729,"Value2"
4,"A",4,29.7933526780125,NA
5,"A",5,52.4446798957289,NA
6,"B",1,51.0553147168856,NA
7,"B",2,37.1477947284363,NA
8,"B",3,65.7508310824349,NA
9,"B",4,40.831547381299,NA
10,"B",5,34.162816898179,NA
