"Order","Group","GroupOrder","Height","Identifier"
1,"A",1,55.3725018362084,NA
2,"A",2,12.1152765862859,"Value1"
3,"A",3,20.2053613143917,NA
4,"A",4,36.1792675458798,NA
5,"A",5,61.0480935738018,NA
6,"B",1,82.5514014669238,NA
7,"B",2,26.1015721568254,"Value2"
8,"B",3,48.7140099677226,NA
9,"B",4,64.5826371715665,NA
10,"B",5,41.7156231932082,NA
