"Order","Group","GroupOrder","Height","Identifier"
1,"A",1,80.9690048275146,NA
2,"A",2,56.2341325190349,"Value2"
3,"A",3,47.3455098498028,NA
4,"A",4,12.0714687518723,NA
5,"A",5,46.9460056638566,NA
6,"B",1,15.6387340595964,NA
7,"B",2,31.6227766016838,"Value1"
8,"B",3,39.9927768552021,NA
9,"B",4,32.3855842674119,NA
10,"B",5,20.9038907676839,NA
