"Order","Group","GroupOrder","Height","Identifier"
1,"A",1,89.2431002286063,NA
2,"A",2,10,"Value1"
3,"A",3,34.6147794464825,NA
4,"A",4,20.8158080715111,NA
5,"A",5,44.5442636070814,NA
6,"B",1,78.0878272048425,NA
7,"B",2,14.6779926762207,"Value2"
8,"B",3,82.3248337598244,NA
9,"B",4,53.0352450726171,NA
10,"B",5,15.8111662353396,NA
