"Order","Group","GroupOrder","Height","Identifier"
1,"A",1,42.6852381183481,NA
2,"A",2,46.4158883361278,"Value2"
3,"A",3,64.304912698173,NA
4,"A",4,38.278715005723,NA
5,"A",5,50.6118008956158,NA
6,"B",1,15.254957145614,NA
7,"B",2,21.5443469003188,"Value1"
8,"B",3,44.3038242603572,NA
9,"B",4,31.2824872776044,NA
10,"B",5,74.549766407248,NA
