"Order","Group","GroupOrder","Height","Identifier"
1,"A",1,46.4607344775615,NA
2,"A",2,14.6779926762207,"Value1"
3,"A",3,54.0732773579547,NA
4,"A",4,22.683362495005,NA
5,"A",5,48.0659390481932,NA
6,"B",1,41.882233964905,NA
7,"B",2,38.3118684955729,"Value2"
8,"B",3,78.9146737510426,NA
9,"B",4,5.17942794169651,NA
10,"B",5,22.8014051702872,NA
