"Order","Group","GroupOrder","Height","Identifier"
1,"A",1,35.5148767186751,NA
2,"A",2,10,"Value1"
3,"A",3,47.8122716781788,NA
4,"A",4,70.0373263332903,NA
5,"A",5,28.0908690732389,NA
6,"B",1,29.723193131798,NA
7,"B",2,56.2341325190349,"Value2"
8,"B",3,47.1470239357073,NA
9,"B",4,58.6572247295899,NA
10,"B",5,36.9955934272081,NA
