"Order","Group","GroupOrder","Height","Identifier"
1,"A",1,78.0349438545938,NA
2,"A",2,17.7827941003892,"Value1"
3,"A",3,26.1015721568254,"Value2"
4,"A",4,44.9063561249501,NA
5,"A",5,62.3036682299244,NA
6,"B",1,13.6413704591352,NA
7,"B",2,23.616560766611,NA
8,"B",3,28.2707518417678,NA
9,"B",4,64.6196789180252,NA
10,"B",5,31.2170992042863,NA
