"Order","Group","GroupOrder","Height","Identifier"
1,"A",1,26.5597080636119,NA
2,"A",2,31.6227766016838,"Value1"
3,"A",3,56.2341325190349,"Value2"
4,"A",4,42.8823563799771,NA
5,"A",5,40.215372932505,NA
6,"B",1,52.893902367735,NA
7,"B",2,81.3429167695557,NA
8,"B",3,4.40061034219731,NA
9,"B",4,34.6516950523481,NA
10,"B",5,10.5913335819017,NA
