"Order","Group","GroupOrder","Height","Identifier"
1,"A",1,12.1154514778235,NA
2,"A",2,46.4158883361278,"Value2"
3,"A",3,21.5443469003188,"Value1"
4,"A",4,28.890381006724,NA
5,"A",5,3.95773418903055,NA
6,"B",1,63.4777936437278,NA
7,"B",2,35.7842162035456,NA
8,"B",3,8.98080658702791,NA
9,"B",4,93.6164150505235,NA
10,"B",5,19.5252829600952,NA
