"Order","Group","GroupOrder","Height","Identifier"
1,"A",1,19.1910309338487,NA
2,"A",2,14.6779926762207,"Value1"
3,"A",3,38.3118684955729,"Value2"
4,"A",4,42.7684968081585,NA
5,"A",5,51.4609561044611,NA
6,"B",1,51.2479906670052,NA
7,"B",2,30.7097543991094,NA
8,"B",3,83.9171175461113,NA
9,"B",4,77.3632004525377,NA
10,"B",5,75.3211664700065,NA
