"Order","Group","GroupOrder","Height","Identifier"
1,"A",1,21.7986347413965,NA
2,"A",2,12.1152765862859,"Value1"
3,"A",3,38.7734380495469,NA
4,"A",4,47.8112723997878,NA
5,"A",5,95.7524451795178,NA
6,"B",1,31.1984969098086,NA
7,"B",2,46.4158883361278,"Value2"
8,"B",3,8.61347311191796,NA
9,"B",4,89.6745454869624,NA
10,"B",5,74.0526806081364,NA
