"Order","Group","GroupOrder","Height","Identifier"
1,"A",1,53.1211486368401,NA
2,"A",2,21.5443469003188,"Value2"
3,"A",3,36.3274371599777,NA
4,"A",4,63.9135846670689,NA
5,"A",5,14.0885526442265,NA
6,"B",1,59.5666392176182,NA
7,"B",2,17.7827941003892,"Value1"
8,"B",3,52.4320673934923,NA
9,"B",4,58.0352025144986,NA
10,"B",5,83.5328029248049,NA
