"Order","Group","GroupOrder","Height","Identifier"
1,"A",1,51.8262950332224,NA
2,"A",2,14.6779926762207,"Value2"
3,"A",3,40.754860481267,NA
4,"A",4,15.2007486906362,NA
5,"A",5,66.8102831689717,NA
6,"B",1,46.6418206910949,NA
7,"B",2,10,"Value1"
8,"B",3,94.9523180447771,NA
9,"B",4,59.0588727158625,NA
10,"B",5,59.3813599435238,NA
