"Order","Group","GroupOrder","Height","Identifier"
1,"A",1,85.126407639008,NA
2,"A",2,10,"Value1"
3,"A",3,22.8793040192804,NA
4,"A",4,64.0633570577552,NA
5,"A",5,77.3225395034473,NA
6,"B",1,67.0992712928121,NA
7,"B",2,56.2341325190349,"Value2"
8,"B",3,26.030178878659,NA
9,"B",4,17.3651574068844,NA
10,"B",5,39.5290718304667,NA
