"Order","Group","GroupOrder","Height","Identifier"
1,"A",1,36.1965313378701,NA
2,"A",2,17.7827941003892,"Value1"
3,"A",3,69.7283397624079,NA
4,"A",4,37.3514621413586,NA
5,"A",5,27.5744532703118,NA
6,"B",1,19.1498483808122,NA
7,"B",2,26.1015721568254,"Value2"
8,"B",3,84.7351787409172,NA
9,"B",4,61.9394051629886,NA
10,"B",5,4.87871445669382,NA
