"Order","Group","GroupOrder","Height","Identifier"
1,"A",1,76.6787308487001,NA
2,"A",2,31.6227766016838,"Value1"
3,"A",3,23.1111849045408,NA
4,"A",4,86.2883710959514,NA
5,"A",5,71.6669514000807,NA
6,"B",1,13.3757868362253,NA
7,"B",2,56.2341325190349,"Value2"
8,"B",3,8.68353753577158,NA
9,"B",4,80.3561842008241,NA
10,"B",5,36.142970024566,NA
