"Order","Group","GroupOrder","Height","Identifier"
1,"A",1,49.1690240780251,NA
2,"A",2,56.2341325190349,"Value2"
3,"A",3,31.6227766016838,"Value1"
4,"A",4,57.7644160105016,NA
5,"A",5,6.40210225215304,NA
6,"B",1,82.2237898822662,NA
7,"B",2,12.2005593344041,NA
8,"B",3,37.1618633542844,NA
9,"B",4,88.9989796520178,NA
10,"B",5,66.8331467363885,NA
