"Order","Group","GroupOrder","Height","Identifier"
1,"A",1,30.7833607906407,NA
2,"A",2,31.6227766016838,"Value1"
3,"A",3,38.3118684955729,"Value2"
4,"A",4,29.8813835621713,NA
5,"A",5,49.8798499860785,NA
6,"B",1,70.4221736593689,NA
7,"B",2,16.3650356957337,NA
8,"B",3,65.1244048400651,NA
9,"B",4,79.2298644455866,NA
10,"B",5,52.935487359308,NA
