"Order","Group","GroupOrder","Height","Identifier"
1,"A",1,61.6531686353349,NA
2,"A",2,12.1152765862859,"Value1"
3,"A",3,26.1015721568254,"Value2"
4,"A",4,51.1047706465463,NA
5,"A",5,59.2083323307018,NA
6,"B",1,68.9410780762398,NA
7,"B",2,38.9021825584335,NA
8,"B",3,91.4612484374905,NA
9,"B",4,73.9405996575466,NA
10,"B",5,63.8481051161239,NA
