"Order","Group","GroupOrder","Height","Identifier"
1,"A",1,5.7826811123357,NA
2,"A",2,17.7827941003892,"Value1"
3,"A",3,26.1015721568254,"Value2"
4,"A",4,42.3357095917545,NA
5,"A",5,48.8748190277007,NA
6,"B",1,53.1435506302541,NA
7,"B",2,56.612404723484,NA
8,"B",3,26.0972705448636,NA
9,"B",4,45.4750474004722,NA
10,"B",5,79.6381508190497,NA
