"Order","Group","GroupOrder","Height","Identifier"
1,"A",1,76.7267810343128,NA
2,"A",2,14.6779926762207,"Value1"
3,"A",3,38.3118684955729,"Value2"
4,"A",4,55.913714386336,NA
5,"A",5,2.5064467991607,NA
6,"B",1,16.8482886760032,NA
7,"B",2,36.5081993845667,NA
8,"B",3,46.2081421161311,NA
9,"B",4,70.4268572467141,NA
10,"B",5,47.9172594262269,NA
