"Order","Group","GroupOrder","Height","Identifier"
1,"A",1,64.2122293467785,NA
2,"A",2,12.1152765862859,"Value1"
3,"A",3,11.6226153149476,NA
4,"A",4,36.829677411216,NA
5,"A",5,38.5070495188192,NA
6,"B",1,77.8362385781525,NA
7,"B",2,26.1015721568254,"Value2"
8,"B",3,22.8199418835975,NA
9,"B",4,33.4320345191462,NA
10,"B",5,45.948523527705,NA
