"Order","Group","GroupOrder","Height","Identifier"
1,"A",1,80.5479185431708,NA
2,"A",2,12.1152765862859,"Value1"
3,"A",3,80.0339888925558,NA
4,"A",4,84.4810127746848,NA
5,"A",5,70.5171788395229,NA
6,"B",1,99.0330894581203,NA
7,"B",2,46.4158883361278,"Value2"
8,"B",3,14.1644449298015,NA
9,"B",4,56.0949131294497,NA
10,"B",5,75.1163303850749,NA
