"Order","Group","GroupOrder","Height","Identifier"
1,"A",1,34.9089075177844,NA
2,"A",2,14.6779926762207,"Value1"
3,"A",3,54.8667290290712,NA
4,"A",4,76.966157751881,NA
5,"A",5,68.3547142823702,NA
6,"B",1,20.8726278160597,NA
7,"B",2,38.3118684955729,"Value2"
8,"B",3,87.1271801133604,NA
9,"B",4,54.7963304052811,NA
10,"B",5,9.73852890048231,NA
