"Order","Group","GroupOrder","Height","Identifier"
1,"A",1,34.8801144884376,NA
2,"A",2,38.3118684955729,"Value2"
3,"A",3,53.0819940389112,NA
4,"A",4,88.4971679047482,NA
5,"A",5,35.2817026285584,NA
6,"B",1,25.1669159754156,NA
7,"B",2,31.6227766016838,"Value1"
8,"B",3,67.9914281627508,NA
9,"B",4,66.8583504069419,NA
10,"B",5,54.3877598228759,NA
