"Order","Group","GroupOrder","Height","Identifier"
1,"A",1,74.2587363902591,NA
2,"A",2,31.6227766016838,"Value1"
3,"A",3,24.6075978063402,NA
4,"A",4,71.5185224448274,NA
5,"A",5,32.0891231263512,NA
6,"B",1,53.6745367236473,NA
7,"B",2,56.2341325190349,"Value2"
8,"B",3,63.7066435946379,NA
9,"B",4,67.2357181138321,NA
10,"B",5,24.6572175182089,NA
