"Order","Group","GroupOrder","Height","Identifier"
1,"A",1,19.4638235592946,NA
2,"A",2,12.1152765862859,"Value1"
3,"A",3,82.2105767442237,NA
4,"A",4,23.3050798751095,NA
5,"A",5,81.7248605320279,NA
6,"B",1,51.3503123836904,NA
7,"B",2,26.1015721568254,"Value2"
8,"B",3,44.1671261713567,NA
9,"B",4,10.5341201464314,NA
10,"B",5,70.1628332764002,NA
