"Order","Group","GroupOrder","Height","Identifier"
1,"A",1,51.4995105754611,NA
2,"A",2,12.1152765862859,"Value1"
3,"A",3,52.1173784079993,NA
4,"A",4,50.7924237684837,NA
5,"A",5,84.6089162909211,NA
6,"B",1,74.0044796181541,NA
7,"B",2,46.4158883361278,"Value2"
8,"B",3,22.3017689324227,NA
9,"B",4,61.9078900948115,NA
10,"B",5,60.2672898477918,NA
