"Order","Group","GroupOrder","Height","Identifier"
1,"A",1,70.3513331532171,NA
2,"A",2,17.7827941003892,"Value1"
3,"A",3,85.9603452153549,NA
4,"A",4,13.4026605818373,NA
5,"A",5,45.5543792338193,NA
6,"B",1,74.8599685101327,NA
7,"B",2,21.5443469003188,"Value2"
8,"B",3,80.8256194458729,NA
9,"B",4,34.2801984682659,NA
10,"B",5,45.3776182079385,NA
