"Order","Group","GroupOrder","Height","Identifier"
1,"A",1,85.6893729173805,NA
2,"A",2,14.6779926762207,"Value1"
3,"A",3,26.9873593615243,NA
4,"A",4,49.0942451686471,NA
5,"A",5,59.1042304288946,NA
6,"B",1,38.1779767080836,NA
7,"B",2,38.3118684955729,"Value2"
8,"B",3,84.2509996579673,NA
9,"B",4,79.5770930016643,NA
10,"B",5,11.2722742013142,NA
