"Order","Group","GroupOrder","Height","Identifier","IDchr"
1,"A",1,90.363059089301,"random",""
2,"A",2,31.6227766016838,"v1","▲"
3,"A",3,38.3118684955729,"v2","●"
4,"A",4,76.5845793121832,"random",""
5,"A",5,67.926498998216,"random",""
6,"B",1,30.6089901306434,"random",""
7,"B",2,50.2471109603818,"random",""
8,"B",3,70.1535020871658,"random",""
9,"B",4,25.2405521483718,"random",""
10,"B",5,52.1945482914329,"random",""
