"Order","Group","GroupOrder","Height","Identifier"
1,"A",1,94.6245205121271,NA
2,"A",2,14.6779926762207,"Value2"
3,"A",3,10,"Value1"
4,"A",4,26.3296618779338,NA
5,"A",5,38.257222812588,NA
6,"B",1,81.5984872398219,NA
7,"B",2,58.0768010519226,NA
8,"B",3,42.885660341042,NA
9,"B",4,82.3750069891792,NA
10,"B",5,90.2717108197373,NA
