"Order","Group","GroupOrder","Height","Identifier"
1,"A",1,55.6951614326427,NA
2,"A",2,26.1015721568254,"Value2"
3,"A",3,12.1152765862859,"Value1"
4,"A",4,71.7596099952226,NA
5,"A",5,80.1086035510295,NA
6,"B",1,27.0628803126861,NA
7,"B",2,74.5334487057132,NA
8,"B",3,42.9676739965738,NA
9,"B",4,41.2605195857653,NA
10,"B",5,75.1454723548668,NA
