"Order","Group","GroupOrder","Height","Identifier"
1,"A",1,58.4958310534066,NA
2,"A",2,21.5443469003188,"Value1"
3,"A",3,46.4158883361278,"Value2"
4,"A",4,52.4676822272893,NA
5,"A",5,37.5848434748081,NA
6,"B",1,38.1051251553304,NA
7,"B",2,59.9733214415225,NA
8,"B",3,74.2627495542,NA
9,"B",4,59.1072902389374,NA
10,"B",5,80.1414202177945,NA
