"Order","Group","GroupOrder","Height","Identifier"
1,"A",1,46.9132125383466,NA
2,"A",2,17.7827941003892,"Value1"
3,"A",3,26.1015721568254,"Value2"
4,"A",4,35.2343890431752,NA
5,"A",5,52.5705063469498,NA
6,"B",1,30.4491206174206,NA
7,"B",2,6.63713705914406,NA
8,"B",3,59.2602175619035,NA
9,"B",4,65.4427685275955,NA
10,"B",5,32.4959142123962,NA
