"Order","Group","GroupOrder","Height","Identifier"
1,"A",1,29.3751074445965,NA
2,"A",2,31.6227766016838,"Value1"
3,"A",3,50.3866319096776,NA
4,"A",4,15.9437491463126,NA
5,"A",5,15.8578227113688,NA
6,"B",1,80.0649113285389,NA
7,"B",2,38.3118684955729,"Value2"
8,"B",3,37.6639239284676,NA
9,"B",4,57.856207278511,NA
10,"B",5,52.4324974191225,NA
