"Order","Group","GroupOrder","Height","Identifier"
1,"A",1,19.3123744058043,NA
2,"A",2,46.4158883361278,"Value2"
3,"A",3,72.2369023148288,NA
4,"A",4,74.4960579676912,NA
5,"A",5,67.1969840212158,NA
6,"B",1,51.0879750543214,NA
7,"B",2,12.1152765862859,"Value1"
8,"B",3,49.2456464476785,NA
9,"B",4,23.0550822815171,NA
10,"B",5,88.2386190644275,NA
