"Order","Group","GroupOrder","Height","Identifier"
1,"A",1,14.336762061253,NA
2,"A",2,17.7827941003892,"Value1"
3,"A",3,59.7994035700778,NA
4,"A",4,8.14183952306539,NA
5,"A",5,77.7529058828262,NA
6,"B",1,34.4589621966626,NA
7,"B",2,21.5443469003188,"Value2"
8,"B",3,85.4582644600997,NA
9,"B",4,13.9486041290553,NA
10,"B",5,34.0714877228045,NA
