"Order","Group","GroupOrder","Height","Identifier"
1,"A",1,81.0467535481743,NA
2,"A",2,26.1015721568254,"Value2"
3,"A",3,42.8004972012806,NA
4,"A",4,70.8025953973201,NA
5,"A",5,3.65587595574408,NA
6,"B",1,31.4315645354446,NA
7,"B",2,17.7827941003892,"Value1"
8,"B",3,61.5422181283797,NA
9,"B",4,39.995048822001,NA
10,"B",5,29.8514938139513,NA
