"Order","Group","GroupOrder","Height","Identifier"
1,"A",1,53.8429433921214,NA
2,"A",2,10,"Value1"
3,"A",3,56.2341325190349,"Value2"
4,"A",4,42.2354523078267,NA
5,"A",5,82.4399520600351,NA
6,"B",1,43.1262919424073,NA
7,"B",2,84.8969146426209,NA
8,"B",3,59.6088279043728,NA
9,"B",4,35.3337109206373,NA
10,"B",5,14.9021974479179,NA
