"Order","Group","GroupOrder","Height","Identifier"
1,"A",1,57.6870862239314,NA
2,"A",2,38.3118684955729,"Value2"
3,"A",3,14.6779926762207,"Value1"
4,"A",4,56.1511729136322,NA
5,"A",5,51.5940187999835,NA
6,"B",1,84.4024547337456,NA
7,"B",2,50.6283515615161,NA
8,"B",3,64.2610185675131,NA
9,"B",4,35.0019617489514,NA
10,"B",5,5.46402033152283,NA
