"Order","Group","GroupOrder","Height","Identifier"
1,"A",1,88.7993254476177,NA
2,"A",2,14.6779926762207,"Value2"
3,"A",3,10,"Value1"
4,"A",4,72.7943960059915,NA
5,"A",5,82.7190710036269,NA
6,"B",1,66.2169253017659,NA
7,"B",2,20.4628392588087,NA
8,"B",3,42.235769865069,NA
9,"B",4,36.082389643159,NA
10,"B",5,81.8238559397681,NA
