"Order","Group","GroupOrder","Height","Identifier"
1,"A",1,42.0517493095295,NA
2,"A",2,12.1152765862859,"Value1"
3,"A",3,46.4158883361278,"Value2"
4,"A",4,57.5450370309429,NA
5,"A",5,38.8206178144468,NA
6,"B",1,17.9644729567275,NA
7,"B",2,41.4301614275744,NA
8,"B",3,52.6462956133729,NA
9,"B",4,59.2993761268623,NA
10,"B",5,7.08450858827506,NA
