"Order","Group","GroupOrder","Height","Identifier"
1,"A",1,44.556866273007,NA
2,"A",2,14.6779926762207,"Value2"
3,"A",3,10,"Value1"
4,"A",4,27.5220661647866,NA
5,"A",5,75.1010020161255,NA
6,"B",1,79.2168873253158,NA
7,"B",2,18.819042324198,NA
8,"B",3,23.7443518834523,NA
9,"B",4,48.4656200036964,NA
10,"B",5,48.2413639764322,NA
