"Order","Group","GroupOrder","Height","Identifier"
1,"A",1,63.4196025016149,NA
2,"A",2,46.4158883361278,"Value2"
3,"A",3,21.5443469003188,"Value1"
4,"A",4,16.6869171410495,NA
5,"A",5,43.8821447811552,NA
6,"B",1,64.9032157703602,NA
7,"B",2,53.5777584187883,NA
8,"B",3,30.9167174370327,NA
9,"B",4,19.1633840190493,NA
10,"B",5,24.4428499140122,NA
