"Order","Group","GroupOrder","Height","Identifier"
1,"A",1,88.015719610869,NA
2,"A",2,31.6227766016838,"Value1"
3,"A",3,38.3118684955729,"Value2"
4,"A",4,24.9695252415021,NA
5,"A",5,52.353902892915,NA
6,"B",1,20.6010016709301,NA
7,"B",2,27.58844343006,NA
8,"B",3,57.5449859253623,NA
9,"B",4,79.9869028264007,NA
10,"B",5,66.3541399511482,NA
