"Order","Group","GroupOrder","Height","Identifier"
1,"A",1,16.6179009674979,NA
2,"A",2,56.2341325190349,"Value2"
3,"A",3,10,"Value1"
4,"A",4,47.7211027251574,NA
5,"A",5,67.404343183319,NA
6,"B",1,46.4008116510935,NA
7,"B",2,52.3863626831013,NA
8,"B",3,56.1871571362091,NA
9,"B",4,58.0231086451682,NA
10,"B",5,72.8816143713301,NA
