"Order","Group","GroupOrder","Height","Identifier"
1,"A",1,46.6724728880326,NA
2,"A",2,12.1152765862859,"Value1"
3,"A",3,54.2040831557883,NA
4,"A",4,45.3233610555787,NA
5,"A",5,40.2533629908794,NA
6,"B",1,56.0288234555089,NA
7,"B",2,26.1015721568254,"Value2"
8,"B",3,31.5572527078301,NA
9,"B",4,88.8046886797653,NA
10,"B",5,77.7194823526855,NA
