"Order","Group","GroupOrder","Height","Identifier"
1,"A",1,18.5099685770651,NA
2,"A",2,46.4158883361278,"Value2"
3,"A",3,56.6879507665457,NA
4,"A",4,61.0019554491984,NA
5,"A",5,20.6192856283022,NA
6,"B",1,84.6220760611434,NA
7,"B",2,21.5443469003188,"Value1"
8,"B",3,41.0392001861267,NA
9,"B",4,88.9257675841537,NA
10,"B",5,74.3677833169326,NA
