"Order","Group","GroupOrder","Height","Identifier"
1,"A",1,35.8463000646107,NA
2,"A",2,26.1015721568254,"Value2"
3,"A",3,46.8251060189664,NA
4,"A",4,58.8757919642734,NA
5,"A",5,60.2937118635147,NA
6,"B",1,84.7467485739784,NA
7,"B",2,17.7827941003892,"Value1"
8,"B",3,35.7238548167221,NA
9,"B",4,81.0266709240183,NA
10,"B",5,78.5157933916602,NA
