"Order","Group","GroupOrder","Height","Identifier"
1,"A",1,23.9918192027552,NA
2,"A",2,10,"Value1"
3,"A",3,24.6942803175666,NA
4,"A",4,42.9633310729844,NA
5,"A",5,80.733056851238,NA
6,"B",1,73.9477730908162,NA
7,"B",2,56.2341325190349,"Value2"
8,"B",3,72.0060314900125,NA
9,"B",4,61.0137719713669,NA
10,"B",5,48.6943912157743,NA
