"Order","Group","GroupOrder","Height","Identifier"
1,"A",1,60.6819433854679,NA
2,"A",2,17.7827941003892,"Value1"
3,"A",3,53.0503681311651,NA
4,"A",4,26.6291618326694,NA
5,"A",5,45.6996872100045,NA
6,"B",1,75.2211117361063,NA
7,"B",2,21.5443469003188,"Value2"
8,"B",3,79.9019410699119,NA
9,"B",4,70.4668969891467,NA
10,"B",5,60.6691477252066,NA
