"Order","Group","GroupOrder","Height","Identifier"
1,"A",1,89.5209931321271,NA
2,"A",2,12.1152765862859,"Value1"
3,"A",3,26.1015721568254,"Value2"
4,"A",4,52.6299507486688,NA
5,"A",5,52.1310440836469,NA
6,"B",1,64.4481929115038,NA
7,"B",2,80.6022394675151,NA
8,"B",3,24.1699487200032,NA
9,"B",4,62.852393909813,NA
10,"B",5,55.0393096244925,NA
