"Order","Group","GroupOrder","Height","Identifier"
1,"A",1,23.7805130220174,NA
2,"A",2,38.3118684955729,"Value2"
3,"A",3,14.6779926762207,"Value1"
4,"A",4,70.9500378378157,NA
5,"A",5,42.3901786012324,NA
6,"B",1,7.03995750536911,NA
7,"B",2,60.1214875994909,NA
8,"B",3,43.2985068195627,NA
9,"B",4,22.2705639778117,NA
10,"B",5,20.5804493343294,NA
