"Order","Group","GroupOrder","Height","Identifier"
1,"A",1,73.8371388743692,NA
2,"A",2,21.5443469003188,"Value2"
3,"A",3,17.7827941003892,"Value1"
4,"A",4,81.5743816615285,NA
5,"A",5,33.4189016098126,NA
6,"B",1,22.4866213696701,NA
7,"B",2,80.8001262662341,NA
8,"B",3,48.8410195763709,NA
9,"B",4,48.4282263518705,NA
10,"B",5,34.4963317758967,NA
