"Order","Group","GroupOrder","Height","Identifier"
1,"A",1,83.788473148218,NA
2,"A",2,14.6779926762207,"Value2"
3,"A",3,62.4038875834224,NA
4,"A",4,60.5619597504599,NA
5,"A",5,46.3844845859897,NA
6,"B",1,33.0683324248853,NA
7,"B",2,10,"Value1"
8,"B",3,55.9321850295377,NA
9,"B",4,52.8003560640521,NA
10,"B",5,28.2227285177086,NA
