"Order","Group","GroupOrder","Height","Identifier"
1,"A",1,79.1108433904725,NA
2,"A",2,12.1152765862859,"Value1"
3,"A",3,45.1791507301009,NA
4,"A",4,39.0862328111209,NA
5,"A",5,44.6510130053683,NA
6,"B",1,10.784376110032,NA
7,"B",2,26.1015721568254,"Value2"
8,"B",3,68.5477657372831,NA
9,"B",4,43.0739660823981,NA
10,"B",5,49.1507729624574,NA
