"Order","Group","GroupOrder","Height","Identifier"
1,"A",1,46.1779488016293,NA
2,"A",2,46.4158883361278,"Value2"
3,"A",3,47.1684022263221,NA
4,"A",4,55.5044951330232,NA
5,"A",5,85.9956218373787,NA
6,"B",1,96.2683490143803,NA
7,"B",2,12.1152765862859,"Value1"
8,"B",3,38.2868169886631,NA
9,"B",4,54.2655375955999,NA
10,"B",5,83.040553862958,NA
