"Order","Group","GroupOrder","Height","Identifier"
1,"A",1,19.3725100815819,NA
2,"A",2,26.1015721568254,"Value2"
3,"A",3,64.6737294226669,NA
4,"A",4,90.924828094085,NA
5,"A",5,23.6078269033201,NA
6,"B",1,73.408470592555,NA
7,"B",2,17.7827941003892,"Value1"
8,"B",3,6.27703810317771,NA
9,"B",4,34.6960306393763,NA
10,"B",5,36.7354435967778,NA
