"Order","Group","GroupOrder","Height","Identifier"
1,"A",1,35.9060697162553,NA
2,"A",2,56.2341325190349,"Value2"
3,"A",3,19.4039112582379,NA
4,"A",4,74.7960203549111,NA
5,"A",5,18.626235233497,NA
6,"B",1,53.3764575551436,NA
7,"B",2,10,"Value1"
8,"B",3,38.1165543395841,NA
9,"B",4,8.61539451792842,NA
10,"B",5,29.8163030464729,NA
