"Order","Group","GroupOrder","Height","Identifier"
1,"A",1,63.0627728458517,NA
2,"A",2,56.2341325190349,"Value2"
3,"A",3,77.175256754082,NA
4,"A",4,30.3787820962363,NA
5,"A",5,40.8791809735322,NA
6,"B",1,16.2981249558457,NA
7,"B",2,10,"Value1"
8,"B",3,47.8818931211074,NA
9,"B",4,54.038858718907,NA
10,"B",5,1.04191928200567,NA
