"Order","Group","GroupOrder","Height","Identifier"
1,"A",1,25.164952010838,NA
2,"A",2,12.1152765862859,"Value1"
3,"A",3,66.0352066594914,NA
4,"A",4,82.887239039245,NA
5,"A",5,26.684560355774,NA
6,"B",1,56.6395775310663,NA
7,"B",2,46.4158883361278,"Value2"
8,"B",3,27.4957473170755,NA
9,"B",4,25.2524775865492,NA
10,"B",5,26.7697783985331,NA
