"Order","Group","GroupOrder","Height","Identifier"
1,"A",1,32.6139258849616,NA
2,"A",2,38.3118684955729,"Value2"
3,"A",3,60.035482618442,NA
4,"A",4,29.4015978582887,NA
5,"A",5,65.5242357353925,NA
6,"B",1,77.7347556360904,NA
7,"B",2,31.6227766016838,"Value1"
8,"B",3,28.8128389599438,NA
9,"B",4,58.8843254106518,NA
10,"B",5,23.9887939865544,NA
