"Order","Group","GroupOrder","Height","Identifier"
1,"A",1,60.3322706245113,NA
2,"A",2,21.5443469003188,"Value2"
3,"A",3,24.4348348442375,NA
4,"A",4,76.6281094168323,NA
5,"A",5,80.7221136398713,NA
6,"B",1,83.1979612628835,NA
7,"B",2,17.7827941003892,"Value1"
8,"B",3,55.4243852826703,NA
9,"B",4,35.6672696476979,NA
10,"B",5,59.5835017614068,NA
