"Order","Group","GroupOrder","Height","Identifier","IDchr"
1,"A",1,33.3720264242574,"random",""
2,"A",2,26.1015721568254,"v1","▲"
3,"A",3,88.3089338948103,"random",""
4,"A",4,12.6902636651609,"random",""
5,"A",5,70.415499667766,"random",""
6,"B",1,32.2656828547977,"random",""
7,"B",2,31.6227766016838,"v2","●"
8,"B",3,67.0156774304951,"random",""
9,"B",4,76.2631005983594,"random",""
10,"B",5,52.1221615463901,"random",""
