"Order","Group","GroupOrder","Height","Identifier"
1,"A",1,41.4933165169273,NA
2,"A",2,17.7827941003892,"Value1"
3,"A",3,21.5443469003188,"Value2"
4,"A",4,15.6444233190493,NA
5,"A",5,58.6436328679113,NA
6,"B",1,20.6778214836646,NA
7,"B",2,24.5480393707705,NA
8,"B",3,52.3536832923879,NA
9,"B",4,49.478654488611,NA
10,"B",5,57.4478642348816,NA
