"Order","Group","GroupOrder","Height","Identifier"
1,"A",1,50.2205170009648,NA
2,"A",2,46.4158883361278,"Value2"
3,"A",3,12.1152765862859,"Value1"
4,"A",4,83.5655585300206,NA
5,"A",5,51.8150728186582,NA
6,"B",1,79.154879458677,NA
7,"B",2,50.9531956677982,NA
8,"B",3,3.82217852811964,NA
9,"B",4,49.5849505780757,NA
10,"B",5,60.0735762236103,NA
