"Order","Group","GroupOrder","Height","Identifier"
1,"A",1,46.6732069534526,NA
2,"A",2,31.6227766016838,"Value1"
3,"A",3,38.3118684955729,"Value2"
4,"A",4,68.8893573314894,NA
5,"A",5,25.5825045138435,NA
6,"B",1,80.4935906374121,NA
7,"B",2,45.2136067469204,NA
8,"B",3,44.0525987354076,NA
9,"B",4,77.2137753780203,NA
10,"B",5,77.3794963105031,NA
