"Order","Group","GroupOrder","Height","Identifier"
1,"A",1,22.0456649812963,NA
2,"A",2,10,"Value1"
3,"A",3,56.2341325190349,"Value2"
4,"A",4,38.5616778238945,NA
5,"A",5,78.4308703817102,NA
6,"B",1,41.5280903118855,NA
7,"B",2,54.5737057834602,NA
8,"B",3,16.7135927652382,NA
9,"B",4,21.1040665263989,NA
10,"B",5,28.4644718307539,NA
