"Order","Group","GroupOrder","Height","Identifier"
1,"A",1,68.8694302864201,NA
2,"A",2,17.7827941003892,"Value1"
3,"A",3,26.1015721568254,"Value2"
4,"A",4,75.3100084800987,NA
5,"A",5,39.4895948134013,NA
6,"B",1,57.2118928675384,NA
7,"B",2,54.7602332193387,NA
8,"B",3,67.5298430379744,NA
9,"B",4,34.8105517685604,NA
10,"B",5,56.2859282275048,NA
