"Order","Group","GroupOrder","Height","Identifier"
1,"A",1,33.6755926539556,NA
2,"A",2,14.6779926762207,"Value2"
3,"A",3,10,"Value1"
4,"A",4,48.3978533588752,NA
5,"A",5,33.2853149748917,NA
6,"B",1,48.0799685184808,NA
7,"B",2,78.1800376837244,NA
8,"B",3,41.2985003378285,NA
9,"B",4,89.1877447152326,NA
10,"B",5,41.4887272845838,NA
