"Order","Group","GroupOrder","Height","Identifier"
1,"A",1,61.8102202391539,NA
2,"A",2,46.4158883361278,"Value2"
3,"A",3,21.5443469003188,"Value1"
4,"A",4,8.78728636882079,NA
5,"A",5,86.7081751921216,NA
6,"B",1,69.3850248324084,NA
7,"B",2,62.3520528951582,NA
8,"B",3,65.9084228325533,NA
9,"B",4,90.1666052254002,NA
10,"B",5,41.7959732573775,NA
