"Order","Group","GroupOrder","Height","Identifier"
1,"A",1,83.4557648731564,NA
2,"A",2,14.6779926762207,"Value1"
3,"A",3,38.3118684955729,"Value2"
4,"A",4,73.9634075106157,NA
5,"A",5,11.281797381149,NA
6,"B",1,88.624357435017,NA
7,"B",2,71.3133238237549,NA
8,"B",3,80.605155639576,NA
9,"B",4,75.7816706789816,NA
10,"B",5,31.9793335549084,NA
