"Order","Group","GroupOrder","Height","Identifier"
1,"A",1,58.5667346882417,NA
2,"A",2,38.3118684955729,"Value2"
3,"A",3,7.21886728448844,NA
4,"A",4,36.4572784284348,NA
5,"A",5,59.0861519325443,NA
6,"B",1,50.8081236223036,NA
7,"B",2,31.6227766016838,"Value1"
8,"B",3,31.753937330828,NA
9,"B",4,56.0000941951215,NA
10,"B",5,35.7369540597314,NA
