"Order","Group","GroupOrder","Height","Identifier"
1,"A",1,79.4181904942781,NA
2,"A",2,12.1152765862859,"Value1"
3,"A",3,26.1015721568254,"Value2"
4,"A",4,87.0552403571266,NA
5,"A",5,91.9388235847539,NA
6,"B",1,79.0243185815785,NA
7,"B",2,44.0020617162481,NA
8,"B",3,49.6285984823392,NA
9,"B",4,78.6458869230468,NA
10,"B",5,38.0866588507399,NA
