"Order","Group","GroupOrder","Height","Identifier"
1,"A",1,49.498091966946,NA
2,"A",2,56.2341325190349,"Value2"
3,"A",3,10,"Value1"
4,"A",4,43.1857849102945,NA
5,"A",5,60.949957947402,NA
6,"B",1,93.9155013636628,NA
7,"B",2,53.9718909537531,NA
8,"B",3,56.8122544765955,NA
9,"B",4,52.9412830182713,NA
10,"B",5,40.5525414381278,NA
