"Order","Group","GroupOrder","Height","Identifier"
1,"A",1,48.5922186252864,NA
2,"A",2,46.4158883361278,"Value2"
3,"A",3,21.5443469003188,"Value1"
4,"A",4,82.6626230373913,NA
5,"A",5,76.6131594450776,NA
6,"B",1,33.7291540021681,NA
7,"B",2,80.8924450745902,NA
8,"B",3,35.1173794762062,NA
9,"B",4,31.4856914545016,NA
10,"B",5,29.5764803742439,NA
