"Order","Group","GroupOrder","Height","Identifier"
1,"A",1,84.2126326740489,NA
2,"A",2,14.6779926762207,"Value2"
3,"A",3,10,"Value1"
4,"A",4,83.2326426520148,NA
5,"A",5,19.187964255031,NA
6,"B",1,60.7396975985969,NA
7,"B",2,22.0088374585962,NA
8,"B",3,35.5023597322362,NA
9,"B",4,72.7622120022931,NA
10,"B",5,73.3958884296399,NA
