"Order","Group","GroupOrder","Height","Identifier"
1,"A",1,45.3744886049175,NA
2,"A",2,31.6227766016838,"Value1"
3,"A",3,56.2341325190349,"Value2"
4,"A",4,50.3894473570207,NA
5,"A",5,60.2776688844378,NA
6,"B",1,83.9746359168808,NA
7,"B",2,63.0850943838467,NA
8,"B",3,82.3189340684729,NA
9,"B",4,83.6742445700907,NA
10,"B",5,61.3264494789233,NA
