"Order","Group","GroupOrder","Height","Identifier"
1,"A",1,44.4217776815834,NA
2,"A",2,46.4158883361278,"Value2"
3,"A",3,12.8229983801355,NA
4,"A",4,41.4533607500417,NA
5,"A",5,44.9722118675053,NA
6,"B",1,62.4401573329888,NA
7,"B",2,21.5443469003188,"Value1"
8,"B",3,26.4590987854199,NA
9,"B",4,11.2495556120427,NA
10,"B",5,59.5742008088484,NA
