"Order","Group","GroupOrder","Height","Identifier"
1,"A",1,24.1964416257674,NA
2,"A",2,56.2341325190349,"Value2"
3,"A",3,50.6583654003041,NA
4,"A",4,76.0372322356404,NA
5,"A",5,74.6988332934264,NA
6,"B",1,44.4140996512695,NA
7,"B",2,31.6227766016838,"Value1"
8,"B",3,32.8465560914956,NA
9,"B",4,28.7917666101538,NA
10,"B",5,19.974346270665,NA
