"Order","Group","GroupOrder","Height","Identifier"
1,"A",1,34.6686129205433,NA
2,"A",2,56.2341325190349,"Value2"
3,"A",3,29.1230219185895,NA
4,"A",4,21.694208364721,NA
5,"A",5,18.2265012032859,NA
6,"B",1,39.1356461897616,NA
7,"B",2,10,"Value1"
8,"B",3,64.2830851202826,NA
9,"B",4,53.9137505660643,NA
10,"B",5,35.6235366199492,NA
