"Order","Group","GroupOrder","Height","Identifier"
1,"A",1,51.7747180265553,NA
2,"A",2,12.1152765862859,"Value1"
3,"A",3,41.7537840919529,NA
4,"A",4,34.8904865054135,NA
5,"A",5,46.2364947450493,NA
6,"B",1,27.9726953080728,NA
7,"B",2,26.1015721568254,"Value2"
8,"B",3,76.3198996910151,NA
9,"B",4,72.6189343161669,NA
10,"B",5,35.734015468022,NA
