"Order","Group","GroupOrder","Height","Identifier"
1,"A",1,72.2381182457665,NA
2,"A",2,46.4158883361278,"Value2"
3,"A",3,49.9542911373666,NA
4,"A",4,39.6361111126056,NA
5,"A",5,61.4183998539291,NA
6,"B",1,56.7658679181066,NA
7,"B",2,12.1152765862859,"Value1"
8,"B",3,20.4619512130532,NA
9,"B",4,49.4253884964166,NA
10,"B",5,41.4615954530343,NA
