"Order","Group","GroupOrder","Height","Identifier"
1,"A",1,31.4714682648868,NA
2,"A",2,21.5443469003188,"Value2"
3,"A",3,51.6638899052843,NA
4,"A",4,9.30485674740311,NA
5,"A",5,9.34945928381211,NA
6,"B",1,60.8361200407557,NA
7,"B",2,17.7827941003892,"Value1"
8,"B",3,60.487062421791,NA
9,"B",4,59.6869529668149,NA
10,"B",5,59.7384447424365,NA
