"Order","Group","GroupOrder","Height","Identifier"
1,"A",1,32.888026604763,NA
2,"A",2,26.1015721568254,"Value2"
3,"A",3,18.6435298412845,NA
4,"A",4,72.0768408142559,NA
5,"A",5,38.6648205360189,NA
6,"B",1,58.2220629837219,NA
7,"B",2,17.7827941003892,"Value1"
8,"B",3,87.8111382462491,NA
9,"B",4,78.346817756674,NA
10,"B",5,45.9728946637877,NA
