"Order","Group","GroupOrder","Height","Identifier","IDchr"
1,"A",1,96.4911155946427,"random",""
2,"A",2,14.6779926762207,"v1","▲"
3,"A",3,38.3118684955729,"v2","●"
4,"A",4,54.1298916003351,"random",""
5,"A",5,86.1621947793128,"random",""
6,"B",1,58.600258059547,"random",""
7,"B",2,52.0043781654874,"random",""
8,"B",3,78.5659004708245,"random",""
9,"B",4,29.6718923746629,"random",""
10,"B",5,52.4576995358353,"random",""
