"Order","Group","GroupOrder","Height","Identifier"
1,"A",1,37.3658519915611,NA
2,"A",2,56.2341325190349,"Value2"
3,"A",3,39.818306836166,NA
4,"A",4,8.16823018703116,NA
5,"A",5,82.6267963775637,NA
6,"B",1,84.7298762673562,NA
7,"B",2,10,"Value1"
8,"B",3,47.4774713658173,NA
9,"B",4,29.5261957218992,NA
10,"B",5,25.8217894469425,NA
