"Order","Group","GroupOrder","Height","Identifier"
1,"A",1,82.581707855792,NA
2,"A",2,21.5443469003188,"Value1"
3,"A",3,79.2343828393101,NA
4,"A",4,9.82521291678209,NA
5,"A",5,53.2810600679418,NA
6,"B",1,57.3715865371034,NA
7,"B",2,46.4158883361278,"Value2"
8,"B",3,41.6905579362791,NA
9,"B",4,64.9231161406351,NA
10,"B",5,57.6722918521178,NA
