"Order","Group","GroupOrder","Height","Identifier"
1,"A",1,71.0138873570069,NA
2,"A",2,14.6779926762207,"Value2"
3,"A",3,49.1597806354717,NA
4,"A",4,59.8503027919571,NA
5,"A",5,38.2581924200111,NA
6,"B",1,80.5954921643096,NA
7,"B",2,10,"Value1"
8,"B",3,32.0846253425786,NA
9,"B",4,82.7264582712315,NA
10,"B",5,45.2730180489379,NA
