"Order","Group","GroupOrder","Height","Identifier"
1,"A",1,26.974461451156,NA
2,"A",2,38.3118684955729,"Value2"
3,"A",3,68.258447913283,NA
4,"A",4,54.3697099599936,NA
5,"A",5,18.1621702729525,NA
6,"B",1,45.4152361330585,NA
7,"B",2,31.6227766016838,"Value1"
8,"B",3,69.8138520239894,NA
9,"B",4,67.2160381296591,NA
10,"B",5,76.5940325772579,NA
