"Order","Group","GroupOrder","Height","Identifier"
1,"A",1,5.11970569558928,NA
2,"A",2,31.6227766016838,"Value1"
3,"A",3,56.2341325190349,"Value2"
4,"A",4,51.8945640203014,NA
5,"A",5,70.5176708062849,NA
6,"B",1,80.259883694351,NA
7,"B",2,93.1343406453207,NA
8,"B",3,44.4448444594748,NA
9,"B",4,78.775799596951,NA
10,"B",5,52.3782507202044,NA
