"Order","Group","GroupOrder","Height","Identifier"
1,"A",1,26.0783897690495,NA
2,"A",2,56.2341325190349,"Value2"
3,"A",3,10,"Value1"
4,"A",4,12.3195881070122,NA
5,"A",5,68.8782426542988,NA
6,"B",1,59.0470816089475,NA
7,"B",2,17.6227617080027,NA
8,"B",3,33.2267329923488,NA
9,"B",4,73.0601397522579,NA
10,"B",5,36.0383304665873,NA
