"Order","Group","GroupOrder","Height","Identifier"
1,"A",1,57.158300805924,NA
2,"A",2,12.1152765862859,"Value1"
3,"A",3,46.4158883361278,"Value2"
4,"A",4,53.4672952658566,NA
5,"A",5,55.1495580014604,NA
6,"B",1,69.0257837803767,NA
7,"B",2,11.5440866441425,NA
8,"B",3,96.8786382587444,NA
9,"B",4,73.7609241959028,NA
10,"B",5,71.8255136924668,NA
