"Order","Group","GroupOrder","Height","Identifier"
1,"A",1,69.4962008815318,NA
2,"A",2,21.5443469003188,"Value2"
3,"A",3,17.7827941003892,"Value1"
4,"A",4,64.4749802659009,NA
5,"A",5,19.7669362598367,NA
6,"B",1,72.9214824079748,NA
7,"B",2,35.4821253122565,NA
8,"B",3,41.2529346515818,NA
9,"B",4,29.030997850416,NA
10,"B",5,16.6008581277803,NA
