"Order","Group","GroupOrder","Height","Identifier"
1,"A",1,18.3073108499916,NA
2,"A",2,56.2341325190349,"Value2"
3,"A",3,10,"Value1"
4,"A",4,72.607835884345,NA
5,"A",5,15.5198186763891,NA
6,"B",1,38.0768423184386,NA
7,"B",2,59.0706502408555,NA
8,"B",3,40.9029971869309,NA
9,"B",4,41.135773073307,NA
10,"B",5,37.6228265780037,NA
