"Order","Group","GroupOrder","Height","Identifier"
1,"A",1,46.622839192819,NA
2,"A",2,14.6779926762207,"Value1"
3,"A",3,38.3118684955729,"Value2"
4,"A",4,36.1576808322533,NA
5,"A",5,86.0632202258473,NA
6,"B",1,67.0877843337351,NA
7,"B",2,38.9997129641294,NA
8,"B",3,49.8466085002414,NA
9,"B",4,30.5258390626293,NA
10,"B",5,90.2957619725288,NA
