"Order","Group","GroupOrder","Height","Identifier"
1,"A",1,63.2034849999085,NA
2,"A",2,12.1152765862859,"Value1"
3,"A",3,46.4158883361278,"Value2"
4,"A",4,74.4076081365999,NA
5,"A",5,49.4332703252494,NA
6,"B",1,50.2018677083086,NA
7,"B",2,27.4649341092282,NA
8,"B",3,28.314388948068,NA
9,"B",4,6.76311151258074,NA
10,"B",5,33.7512971733467,NA
