"Order","Group","GroupOrder","Height","Identifier"
1,"A",1,72.2519054101669,NA
2,"A",2,56.2341325190349,"Value2"
3,"A",3,31.6227766016838,"Value1"
4,"A",4,26.5622799352029,NA
5,"A",5,31.8296298797105,NA
6,"B",1,80.5179044778847,NA
7,"B",2,80.5825974200378,NA
8,"B",3,17.3227146671164,NA
9,"B",4,52.5069772302643,NA
10,"B",5,24.6933959142357,NA
