"Order","Group","GroupOrder","Height","Identifier"
1,"A",1,94.9295991069532,NA
2,"A",2,31.6227766016838,"Value1"
3,"A",3,38.3118684955729,"Value2"
4,"A",4,74.3822052409502,NA
5,"A",5,87.9616388435886,NA
6,"B",1,35.1087391346397,NA
7,"B",2,18.5415509749481,NA
8,"B",3,45.2555406585376,NA
9,"B",4,62.8808639089027,NA
10,"B",5,61.539374507986,NA
