"Order","Group","GroupOrder","Height","Identifier"
1,"A",1,48.0318103557973,NA
2,"A",2,21.5443469003188,"Value1"
3,"A",3,35.4218328491789,NA
4,"A",4,4.13536975693019,NA
5,"A",5,73.7732187329279,NA
6,"B",1,68.1511058301146,NA
7,"B",2,46.4158883361278,"Value2"
8,"B",3,56.3122285540596,NA
9,"B",4,73.3283200222342,NA
10,"B",5,75.5422762703715,NA
