"Order","Group","GroupOrder","Height","Identifier"
1,"A",1,55.4680984542055,NA
2,"A",2,10,"Value1"
3,"A",3,67.3544753978961,NA
4,"A",4,39.6090152012302,NA
5,"A",5,78.925108890665,NA
6,"B",1,63.9168295025514,NA
7,"B",2,56.2341325190349,"Value2"
8,"B",3,67.2316878297652,NA
9,"B",4,32.5509870417245,NA
10,"B",5,48.9453764368755,NA
