"Order","Group","GroupOrder","Height","Identifier"
1,"A",1,41.4289676368961,NA
2,"A",2,14.6779926762207,"Value1"
3,"A",3,32.3469410878717,NA
4,"A",4,33.7125384653493,NA
5,"A",5,38.1279093720763,NA
6,"B",1,58.6443287157297,NA
7,"B",2,38.3118684955729,"Value2"
8,"B",3,16.7475600298213,NA
9,"B",4,72.9557851877831,NA
10,"B",5,40.871967018903,NA
