"Order","Group","GroupOrder","Height","Identifier"
1,"A",1,27.1096564346324,NA
2,"A",2,12.1152765862859,"Value1"
3,"A",3,86.3121202596286,NA
4,"A",4,25.4658105754314,NA
5,"A",5,71.4374103886395,NA
6,"B",1,73.0953139084909,NA
7,"B",2,46.4158883361278,"Value2"
8,"B",3,30.2591426696459,NA
9,"B",4,33.6091341722717,NA
10,"B",5,36.9652480323652,NA
