"Order","Group","GroupOrder","Height","Identifier"
1,"A",1,16.6440512903369,NA
2,"A",2,17.7827941003892,"Value1"
3,"A",3,28.5005986183392,NA
4,"A",4,30.521421589806,NA
5,"A",5,29.5200878443694,NA
6,"B",1,80.7258444447396,NA
7,"B",2,21.5443469003188,"Value2"
8,"B",3,27.4927803587319,NA
9,"B",4,13.1947576565517,NA
10,"B",5,28.3954130171049,NA
