"Order","Group","GroupOrder","Height","Identifier"
1,"A",1,92.4852215234481,NA
2,"A",2,17.7827941003892,"Value1"
3,"A",3,30.2991247883523,NA
4,"A",4,76.5198683866067,NA
5,"A",5,62.9362328575958,NA
6,"B",1,43.4916900096802,NA
7,"B",2,26.1015721568254,"Value2"
8,"B",3,72.1213964267265,NA
9,"B",4,77.5749220219108,NA
10,"B",5,73.1348304910186,NA
