"Order","Group","GroupOrder","Height","Identifier"
1,"A",1,57.2498081089682,NA
2,"A",2,56.2341325190349,"Value2"
3,"A",3,56.9876769661749,NA
4,"A",4,87.4538449237493,NA
5,"A",5,38.9425890853591,NA
6,"B",1,36.7619430825256,NA
7,"B",2,10,"Value1"
8,"B",3,40.1303292044226,NA
9,"B",4,29.5692647575688,NA
10,"B",5,51.624755288665,NA
