"Order","Group","GroupOrder","Height","Identifier"
1,"A",1,44.8045524091173,NA
2,"A",2,12.1152765862859,"Value1"
3,"A",3,31.5125768068769,NA
4,"A",4,53.5178853657947,NA
5,"A",5,44.7681445654961,NA
6,"B",1,41.4889998248306,NA
7,"B",2,46.4158883361278,"Value2"
8,"B",3,68.4522404813133,NA
9,"B",4,93.4052343932224,NA
10,"B",5,75.5032517063895,NA
