"Order","Group","GroupOrder","Height","Identifier"
1,"A",1,36.0752802994314,NA
2,"A",2,31.6227766016838,"Value1"
3,"A",3,70.6530103965075,NA
4,"A",4,80.2940985685384,NA
5,"A",5,48.5276824453737,NA
6,"B",1,54.4392913144129,NA
7,"B",2,56.2341325190349,"Value2"
8,"B",3,85.0286581525558,NA
9,"B",4,72.0576387910933,NA
10,"B",5,43.1049061592168,NA
