"Order","Group","GroupOrder","Height","Identifier"
1,"A",1,73.4351898414029,NA
2,"A",2,14.6779926762207,"Value2"
3,"A",3,44.9260309838632,NA
4,"A",4,66.0993749088153,NA
5,"A",5,43.9431459053258,NA
6,"B",1,55.337430413563,NA
7,"B",2,10,"Value1"
8,"B",3,34.8067301811312,NA
9,"B",4,41.0244253557112,NA
10,"B",5,59.04146417322,NA
