"Order","Group","GroupOrder","Height","Identifier"
1,"A",1,15.6608429422138,NA
2,"A",2,17.7827941003892,"Value1"
3,"A",3,38.6160800727837,NA
4,"A",4,18.0527358344707,NA
5,"A",5,29.9954051332717,NA
6,"B",1,56.0536254447093,NA
7,"B",2,26.1015721568254,"Value2"
8,"B",3,66.4767039225015,NA
9,"B",4,16.1946242868172,NA
10,"B",5,63.5655996897893,NA
