"Order","Group","GroupOrder","Height","Identifier"
1,"A",1,27.6137776389135,NA
2,"A",2,17.7827941003892,"Value1"
3,"A",3,77.0391284115209,NA
4,"A",4,55.0572524500704,NA
5,"A",5,78.2263582889578,NA
6,"B",1,82.2892052525396,NA
7,"B",2,21.5443469003188,"Value2"
8,"B",3,77.7799476008836,NA
9,"B",4,16.3410350755962,NA
10,"B",5,80.1235724088157,NA
