"Order","Group","GroupOrder","Height","Identifier","IDchr"
1,"A",1,23.5305336326048,"random",""
2,"A",2,14.6779926762207,"v1","▲"
3,"A",3,56.2341325190349,"v2","●"
4,"A",4,58.1342542656128,"random",""
5,"A",5,63.4114656631488,"random",""
6,"B",1,41.2125621132656,"random",""
7,"B",2,8.66842771592108,"random",""
8,"B",3,40.8099804888154,"random",""
9,"B",4,70.3640561667756,"random",""
10,"B",5,57.5366609641989,"random",""
