"Order","Group","GroupOrder","Height","Identifier"
1,"A",1,59.530714683667,NA
2,"A",2,46.4158883361278,"Value2"
3,"A",3,2.91428126307566,NA
4,"A",4,72.3225438567197,NA
5,"A",5,92.5606035723517,NA
6,"B",1,16.6152651747593,NA
7,"B",2,21.5443469003188,"Value1"
8,"B",3,43.015107754274,NA
9,"B",4,18.3780072740968,NA
10,"B",5,65.2563856849006,NA
