"Order","Group","GroupOrder","Height","Identifier"
1,"A",1,32.0787563899392,NA
2,"A",2,26.1015721568254,"Value2"
3,"A",3,66.0343910777956,NA
4,"A",4,45.4356911179895,NA
5,"A",5,39.0555054550652,NA
6,"B",1,49.5964699519799,NA
7,"B",2,12.1152765862859,"Value1"
8,"B",3,70.485561459784,NA
9,"B",4,76.9271116074342,NA
10,"B",5,80.1412063748078,NA
