"Order","Group","GroupOrder","Height","Identifier"
1,"A",1,48.2629392571189,NA
2,"A",2,38.3118684955729,"Value2"
3,"A",3,71.2134248180108,NA
4,"A",4,48.9913244728368,NA
5,"A",5,80.3853760402063,NA
6,"B",1,39.8981814724108,NA
7,"B",2,31.6227766016838,"Value1"
8,"B",3,90.0495303161647,NA
9,"B",4,47.6283773427537,NA
10,"B",5,61.2150188403436,NA
