"Order","Group","GroupOrder","Height","Identifier"
1,"A",1,72.1138548696514,NA
2,"A",2,12.1152765862859,"Value1"
3,"A",3,35.7900567654834,NA
4,"A",4,15.7288301020476,NA
5,"A",5,41.5341427340509,NA
6,"B",1,37.2421032592262,NA
7,"B",2,46.4158883361278,"Value2"
8,"B",3,59.3502130866694,NA
9,"B",4,76.5487538731622,NA
10,"B",5,65.8370968518145,NA
