"Order","Group","GroupOrder","Height","Identifier"
1,"A",1,38.0913385232593,NA
2,"A",2,46.4158883361278,"Value2"
3,"A",3,42.4394662286416,NA
4,"A",4,41.3569964884503,NA
5,"A",5,68.9428432558205,NA
6,"B",1,72.6980969883336,NA
7,"B",2,21.5443469003188,"Value1"
8,"B",3,67.9070586851626,NA
9,"B",4,41.1945512427275,NA
10,"B",5,10.2452539290636,NA
