"Order","Group","GroupOrder","Height","Identifier"
1,"A",1,29.5522996047187,NA
2,"A",2,31.6227766016838,"Value1"
3,"A",3,38.1992011380102,NA
4,"A",4,72.9541953412361,NA
5,"A",5,50.7527786970278,NA
6,"B",1,64.0068725463869,NA
7,"B",2,56.2341325190349,"Value2"
8,"B",3,51.7859588425886,NA
9,"B",4,47.9746352409229,NA
10,"B",5,13.6649789748956,NA
