"Order","Group","GroupOrder","Height","Identifier"
1,"A",1,20.9062438431697,NA
2,"A",2,10,"Value1"
3,"A",3,42.3094085167758,NA
4,"A",4,57.4495981707829,NA
5,"A",5,64.5692504065545,NA
6,"B",1,17.882885089801,NA
7,"B",2,56.2341325190349,"Value2"
8,"B",3,41.5383314483451,NA
9,"B",4,61.9385092241617,NA
10,"B",5,5.14847761232238,NA
