"Order","Group","GroupOrder","Height","Identifier"
1,"A",1,60.143379022885,NA
2,"A",2,26.1015721568254,"Value2"
3,"A",3,60.494196367824,NA
4,"A",4,41.0954365798222,NA
5,"A",5,29.8152214185655,NA
6,"B",1,28.2785966602832,NA
7,"B",2,17.7827941003892,"Value1"
8,"B",3,60.2428856072199,NA
9,"B",4,24.1884151166221,NA
10,"B",5,89.6241214991009,NA
