"Order","Group","GroupOrder","Height","Identifier"
1,"A",1,61.9368835652839,NA
2,"A",2,14.6779926762207,"Value1"
3,"A",3,78.9953511096505,NA
4,"A",4,14.9273440677923,NA
5,"A",5,43.0494089798831,NA
6,"B",1,15.1691011487798,NA
7,"B",2,38.3118684955729,"Value2"
8,"B",3,44.5297859322013,NA
9,"B",4,38.9387678090282,NA
10,"B",5,11.3373531420136,NA
