"Order","Group","GroupOrder","Height","Identifier"
1,"A",1,18.494230421967,NA
2,"A",2,38.3118684955729,"Value2"
3,"A",3,2.19331766672602,NA
4,"A",4,92.6092465519557,NA
5,"A",5,47.4431131924209,NA
6,"B",1,60.5056945143503,NA
7,"B",2,31.6227766016838,"Value1"
8,"B",3,47.0319131213572,NA
9,"B",4,68.3817018631353,NA
10,"B",5,38.1834992906556,NA
