"Order","Group","GroupOrder","Height","Identifier"
1,"A",1,76.6218994580959,NA
2,"A",2,14.6779926762207,"Value2"
3,"A",3,58.4439183793333,NA
4,"A",4,13.782785874052,NA
5,"A",5,56.0230181053987,NA
6,"B",1,27.2213869159633,NA
7,"B",2,10,"Value1"
8,"B",3,46.0899794960216,NA
9,"B",4,12.3956190228288,NA
10,"B",5,90.3757943832824,NA
