"Order","Group","GroupOrder","Height","Identifier"
1,"A",1,26.3573220519244,NA
2,"A",2,26.1015721568254,"Value2"
3,"A",3,14.7765972160511,NA
4,"A",4,66.8728135339002,NA
5,"A",5,28.1174429925129,NA
6,"B",1,38.6587752848065,NA
7,"B",2,17.7827941003892,"Value1"
8,"B",3,58.595726822063,NA
9,"B",4,29.0636163118259,NA
10,"B",5,64.9726494543874,NA
