"Order","Group","GroupOrder","Height","Identifier"
1,"A",1,24.9035978062122,NA
2,"A",2,56.2341325190349,"Value2"
3,"A",3,39.9911036172913,NA
4,"A",4,34.4809874437328,NA
5,"A",5,52.3636957763246,NA
6,"B",1,49.2630436625527,NA
7,"B",2,31.6227766016838,"Value1"
8,"B",3,78.1612501843686,NA
9,"B",4,49.3383065919692,NA
10,"B",5,46.1799099693289,NA
