"Order","Group","GroupOrder","Height","Identifier"
1,"A",1,84.2650914878514,NA
2,"A",2,56.2341325190349,"Value2"
3,"A",3,64.1656469872268,NA
4,"A",4,60.0694708686361,NA
5,"A",5,31.6718155152838,NA
6,"B",1,56.3641510683892,NA
7,"B",2,10,"Value1"
8,"B",3,67.5898096807791,NA
9,"B",4,80.954824156156,NA
10,"B",5,40.6135961401894,NA
