"Order","Group","GroupOrder","Height","Identifier"
1,"A",1,58.2835974577146,NA
2,"A",2,26.1015721568254,"Value2"
3,"A",3,11.9728145940324,NA
4,"A",4,41.1317501045132,NA
5,"A",5,67.6924792638871,NA
6,"B",1,79.4160444813898,NA
7,"B",2,12.1152765862859,"Value1"
8,"B",3,49.3835414548742,NA
9,"B",4,65.0220260601556,NA
10,"B",5,83.4439526070448,NA
