"Order","Group","GroupOrder","Height","Identifier"
1,"A",1,43.3270741773431,NA
2,"A",2,14.6779926762207,"Value1"
3,"A",3,45.5397933907367,NA
4,"A",4,89.562680287263,NA
5,"A",5,40.8843470698132,NA
6,"B",1,7.86444337014919,NA
7,"B",2,38.3118684955729,"Value2"
8,"B",3,13.8267038599898,NA
9,"B",4,29.074392607223,NA
10,"B",5,62.5312436032058,NA
