"Order","Group","GroupOrder","Height","Identifier"
1,"A",1,20.4613690140858,NA
2,"A",2,21.5443469003188,"Value1"
3,"A",3,75.6648126773055,NA
4,"A",4,40.7894961707591,NA
5,"A",5,45.3751457430343,NA
6,"B",1,60.6978085966227,NA
7,"B",2,46.4158883361278,"Value2"
8,"B",3,37.1847861830829,NA
9,"B",4,72.1496417528975,NA
10,"B",5,36.7483199365835,NA
