"Order","Group","GroupOrder","Height","Identifier"
1,"A",1,84.7969999715487,NA
2,"A",2,21.5443469003188,"Value2"
3,"A",3,17.7827941003892,"Value1"
4,"A",4,79.6480841398675,NA
5,"A",5,60.6939336270824,NA
6,"B",1,86.0141899273783,NA
7,"B",2,77.6481139429558,NA
8,"B",3,26.8762162404568,NA
9,"B",4,5.96130337518603,NA
10,"B",5,75.9408153791422,NA
