"Order","Group","GroupOrder","Height","Identifier"
1,"A",1,19.8905348740182,NA
2,"A",2,14.6779926762207,"Value2"
3,"A",3,10,"Value1"
4,"A",4,76.7885630717114,NA
5,"A",5,61.3177918339688,NA
6,"B",1,17.6259212979945,NA
7,"B",2,15.0306449022793,NA
8,"B",3,51.4080610827238,NA
9,"B",4,86.9670404489057,NA
10,"B",5,39.757092890326,NA
