"Order","Group","GroupOrder","Height","Identifier"
1,"A",1,29.2401324791049,NA
2,"A",2,38.3118684955729,"Value2"
3,"A",3,14.6779926762207,"Value1"
4,"A",4,67.9508630606615,NA
5,"A",5,72.8086830744027,NA
6,"B",1,28.6275349745885,NA
7,"B",2,21.4160500620575,NA
8,"B",3,30.2422868707503,NA
9,"B",4,60.4542946039264,NA
10,"B",5,26.1071145171316,NA
