"Order","Group","GroupOrder","Height","Identifier"
1,"A",1,80.534854231428,NA
2,"A",2,17.7827941003892,"Value1"
3,"A",3,26.1015721568254,"Value2"
4,"A",4,86.0445451079314,NA
5,"A",5,56.7534756025794,NA
6,"B",1,68.4314512817239,NA
7,"B",2,27.3644943663903,NA
8,"B",3,24.9753029826954,NA
9,"B",4,33.8464191162236,NA
10,"B",5,51.6825090823065,NA
