"Order","Group","GroupOrder","Height","Identifier"
1,"A",1,38.6743840309459,NA
2,"A",2,26.1015721568254,"Value2"
3,"A",3,12.1152765862859,"Value1"
4,"A",4,32.5283497575337,NA
5,"A",5,18.8375102204778,NA
6,"B",1,21.0458856309765,NA
7,"B",2,88.6132797559906,NA
8,"B",3,47.1784691993879,NA
9,"B",4,31.0056392428313,NA
10,"B",5,78.2951717851365,NA
