"Order","Group","GroupOrder","Height","Identifier"
1,"A",1,8.02850353808086,NA
2,"A",2,21.5443469003188,"Value1"
3,"A",3,46.4158883361278,"Value2"
4,"A",4,40.3553944805887,NA
5,"A",5,65.7387319450026,NA
6,"B",1,53.1091104007068,NA
7,"B",2,30.0661974101211,NA
8,"B",3,63.2959434581529,NA
9,"B",4,29.9499658393703,NA
10,"B",5,32.1980309205409,NA
