"Order","Group","GroupOrder","Height","Identifier"
1,"A",1,54.252316368751,NA
2,"A",2,38.3118684955729,"Value2"
3,"A",3,31.6227766016838,"Value1"
4,"A",4,95.4758934374462,NA
5,"A",5,22.7941262471316,NA
6,"B",1,28.5715310784787,NA
7,"B",2,46.0195848562273,NA
8,"B",3,75.925214795658,NA
9,"B",4,17.6065337415351,NA
10,"B",5,80.5933815410052,NA
