"Order","Group","GroupOrder","Height","Identifier"
1,"A",1,11.3787439494913,NA
2,"A",2,31.6227766016838,"Value1"
3,"A",3,74.916236707119,NA
4,"A",4,74.5952383297436,NA
5,"A",5,23.9641223530591,NA
6,"B",1,30.7975918414903,NA
7,"B",2,38.3118684955729,"Value2"
8,"B",3,30.183188995403,NA
9,"B",4,41.4536643659384,NA
10,"B",5,41.671264802565,NA
