"Order","Group","GroupOrder","Height","Identifier"
1,"A",1,66.3621920188996,NA
2,"A",2,26.1015721568254,"Value2"
3,"A",3,56.4261386515406,NA
4,"A",4,9.74198623763143,NA
5,"A",5,23.6420376456933,NA
6,"B",1,62.7633657898729,NA
7,"B",2,17.7827941003892,"Value1"
8,"B",3,65.8048463891715,NA
9,"B",4,32.2609299936427,NA
10,"B",5,23.0887344865327,NA
