"Order","Group","GroupOrder","Height","Identifier"
1,"A",1,31.9476642734829,NA
2,"A",2,14.6779926762207,"Value2"
3,"A",3,44.3937996025883,NA
4,"A",4,59.5216274902693,NA
5,"A",5,72.847135093097,NA
6,"B",1,32.4030313848034,NA
7,"B",2,10,"Value1"
8,"B",3,25.2330504689148,NA
9,"B",4,16.8858539422559,NA
10,"B",5,45.0747462466607,NA
