"Order","Group","GroupOrder","Height","Identifier"
1,"A",1,31.2334413252645,NA
2,"A",2,12.1152765862859,"Value1"
3,"A",3,94.4679671099483,NA
4,"A",4,51.3160217987678,NA
5,"A",5,13.586872497995,NA
6,"B",1,36.4758905583605,NA
7,"B",2,46.4158883361278,"Value2"
8,"B",3,28.5212259865848,NA
9,"B",4,55.0011626702559,NA
10,"B",5,68.0094766880287,NA
