"Order","Group","GroupOrder","Height","Identifier"
1,"A",1,84.7540946078429,NA
2,"A",2,21.5443469003188,"Value2"
3,"A",3,29.7386603274771,NA
4,"A",4,63.0418644717683,NA
5,"A",5,40.253846699667,NA
6,"B",1,80.6454849586263,NA
7,"B",2,17.7827941003892,"Value1"
8,"B",3,79.7990426400482,NA
9,"B",4,41.9148703469128,NA
10,"B",5,88.7615305665756,NA
