"Order","Group","GroupOrder","Height","Identifier"
1,"A",1,84.6307883065742,NA
2,"A",2,10,"Value1"
3,"A",3,53.4177085086568,NA
4,"A",4,65.1644718427078,NA
5,"A",5,8.82538815343966,NA
6,"B",1,10.5873835031497,NA
7,"B",2,56.2341325190349,"Value2"
8,"B",3,5.06660930087208,NA
9,"B",4,42.3302245074039,NA
10,"B",5,49.7900688701264,NA
