"Order","Group","GroupOrder","Height","Identifier"
1,"A",1,77.6474976343291,NA
2,"A",2,21.5443469003188,"Value1"
3,"A",3,31.6428339189254,NA
4,"A",4,5.05568361903114,NA
5,"A",5,46.735732430037,NA
6,"B",1,59.0507222895002,NA
7,"B",2,46.4158883361278,"Value2"
8,"B",3,70.4341959258235,NA
9,"B",4,22.4668997266768,NA
10,"B",5,34.0781084550832,NA
