"Order","Group","GroupOrder","Height","Identifier"
1,"A",1,34.4975400492545,NA
2,"A",2,12.1152765862859,"Value1"
3,"A",3,55.6042128965708,NA
4,"A",4,33.2712690768583,NA
5,"A",5,33.6626954576257,NA
6,"B",1,16.5918979896481,NA
7,"B",2,46.4158883361278,"Value2"
8,"B",3,18.8982015511526,NA
9,"B",4,22.979303141955,NA
10,"B",5,34.3504258327737,NA
