"Order","Group","GroupOrder","Height","Identifier"
1,"A",1,43.5063378769886,NA
2,"A",2,26.1015721568254,"Value2"
3,"A",3,18.448251366674,NA
4,"A",4,62.6258302267601,NA
5,"A",5,81.4990981729662,NA
6,"B",1,59.6139748951478,NA
7,"B",2,17.7827941003892,"Value1"
8,"B",3,69.5396424525102,NA
9,"B",4,55.1152805135798,NA
10,"B",5,89.0215331295159,NA
