"Order","Group","GroupOrder","Height","Identifier"
1,"A",1,44.0485847132169,NA
2,"A",2,56.2341325190349,"Value2"
3,"A",3,17.9622346592391,NA
4,"A",4,69.8032394325065,NA
5,"A",5,65.2480257151522,NA
6,"B",1,50.2937740268626,NA
7,"B",2,10,"Value1"
8,"B",3,33.0604037760011,NA
9,"B",4,51.1225681777289,NA
10,"B",5,60.6256455249684,NA
