"Order","Group","GroupOrder","Height","Identifier"
1,"A",1,55.0019448867124,NA
2,"A",2,31.6227766016838,"Value1"
3,"A",3,16.1661118537716,NA
4,"A",4,15.5534011316365,NA
5,"A",5,34.9222140639566,NA
6,"B",1,56.692033315421,NA
7,"B",2,38.3118684955729,"Value2"
8,"B",3,27.1864837912924,NA
9,"B",4,71.4044235428926,NA
10,"B",5,60.8733519656508,NA
