"Order","Group","GroupOrder","Height","Identifier"
1,"A",1,30.171798368866,NA
2,"A",2,26.1015721568254,"Value2"
3,"A",3,52.940883861437,NA
4,"A",4,11.0226302906949,NA
5,"A",5,36.0051525434314,NA
6,"B",1,42.8582011763056,NA
7,"B",2,12.1152765862859,"Value1"
8,"B",3,36.9720299119224,NA
9,"B",4,5.80975030143096,NA
10,"B",5,56.5896172703962,NA
