"Order","Group","GroupOrder","Height","Identifier"
1,"A",1,68.5447436749071,NA
2,"A",2,14.6779926762207,"Value1"
3,"A",3,29.2135877112394,NA
4,"A",4,37.4631165683358,NA
5,"A",5,67.9757936437095,NA
6,"B",1,28.3005311803446,NA
7,"B",2,38.3118684955729,"Value2"
8,"B",3,47.5298784916857,NA
9,"B",4,77.4278838244936,NA
10,"B",5,45.5467503274267,NA
