"Order","Group","GroupOrder","Height","Identifier"
1,"A",1,36.4423226176078,NA
2,"A",2,21.5443469003188,"Value2"
3,"A",3,17.7827941003892,"Value1"
4,"A",4,35.0966455733311,NA
5,"A",5,92.2100276664168,NA
6,"B",1,64.8572870502804,NA
7,"B",2,37.6915877231039,NA
8,"B",3,42.4097727012108,NA
9,"B",4,23.5099523046273,NA
10,"B",5,47.8542041414376,NA
