"Order","Group","GroupOrder","Height","Identifier"
1,"A",1,29.1228202498645,NA
2,"A",2,46.4158883361278,"Value2"
3,"A",3,21.5443469003188,"Value1"
4,"A",4,48.6796748329862,NA
5,"A",5,30.0878301527854,NA
6,"B",1,69.1850439869725,NA
7,"B",2,42.2220430127256,NA
8,"B",3,16.6997102409905,NA
9,"B",4,59.3703459981875,NA
10,"B",5,14.7590473218595,NA
