"Order","Group","GroupOrder","Height","Identifier"
1,"A",1,84.5268896135227,NA
2,"A",2,10,"Value1"
3,"A",3,14.6779926762207,"Value2"
4,"A",4,6.2953111584518,NA
5,"A",5,65.3353821506033,NA
6,"B",1,34.2356392987626,NA
7,"B",2,70.5821728151475,NA
8,"B",3,72.2333476965946,NA
9,"B",4,41.4206719085895,NA
10,"B",5,48.2564178606157,NA
