"Order","Group","GroupOrder","Height","Identifier"
1,"A",1,42.3624189067795,NA
2,"A",2,31.6227766016838,"Value1"
3,"A",3,56.2341325190349,"Value2"
4,"A",4,72.293929085591,NA
5,"A",5,53.8453252236543,NA
6,"B",1,51.5298618277827,NA
7,"B",2,17.2127592117744,NA
8,"B",3,61.3062462676727,NA
9,"B",4,47.4017343778698,NA
10,"B",5,98.5929624062215,NA
