"Order","Group","GroupOrder","Height","Identifier"
1,"A",1,37.9992913141526,NA
2,"A",2,26.1015721568254,"Value2"
3,"A",3,12.1152765862859,"Value1"
4,"A",4,75.0855429806854,NA
5,"A",5,10.0953788208448,NA
6,"B",1,68.3295709131458,NA
7,"B",2,48.5095339898442,NA
8,"B",3,58.3885823638738,NA
9,"B",4,23.7577259494296,NA
10,"B",5,23.7047329487762,NA
