"Order","Group","GroupOrder","Height","Identifier"
1,"A",1,27.6965258730553,NA
2,"A",2,38.3118684955729,"Value2"
3,"A",3,31.6227766016838,"Value1"
4,"A",4,10.5139574889617,NA
5,"A",5,42.3712911825552,NA
6,"B",1,57.1422729028336,NA
7,"B",2,70.4148052335905,NA
8,"B",3,52.9932371610281,NA
9,"B",4,73.1233130357868,NA
10,"B",5,39.4377855701361,NA
