"Order","Group","GroupOrder","Height","Identifier"
1,"A",1,50.7251183792645,NA
2,"A",2,56.2341325190349,"Value2"
3,"A",3,62.9510733515984,NA
4,"A",4,66.55858215054,NA
5,"A",5,35.7128104015186,NA
6,"B",1,82.4448929664952,NA
7,"B",2,31.6227766016838,"Value1"
8,"B",3,69.4094443266512,NA
9,"B",4,95.1777518517217,NA
10,"B",5,65.8822296967189,NA
