"Order","Group","GroupOrder","Height","Identifier"
1,"A",1,78.6293124574601,NA
2,"A",2,38.3118684955729,"Value2"
3,"A",3,55.3177137169463,NA
4,"A",4,25.3747647341512,NA
5,"A",5,29.4196457314711,NA
6,"B",1,15.1531854708413,NA
7,"B",2,14.6779926762207,"Value1"
8,"B",3,39.6715829145433,NA
9,"B",4,71.2015520993273,NA
10,"B",5,71.1180819998965,NA
