"Order","Group","GroupOrder","Height","Identifier"
1,"A",1,32.2549614031643,NA
2,"A",2,46.4158883361278,"Value2"
3,"A",3,42.5222765441954,NA
4,"A",4,45.9852951319888,NA
5,"A",5,58.4926501649002,NA
6,"B",1,30.1100188617745,NA
7,"B",2,12.1152765862859,"Value1"
8,"B",3,57.1908051847504,NA
9,"B",4,46.2922118794271,NA
10,"B",5,11.7748589676591,NA
