"Order","Group","GroupOrder","Height","Identifier"
1,"A",1,44.325877909838,NA
2,"A",2,26.1015721568254,"Value2"
3,"A",3,44.2847219909059,NA
4,"A",4,82.5832490741369,NA
5,"A",5,86.2801932988907,NA
6,"B",1,38.8986462522687,NA
7,"B",2,17.7827941003892,"Value1"
8,"B",3,15.550280244886,NA
9,"B",4,37.1866305522079,NA
10,"B",5,62.7394079958898,NA
