"Order","Group","GroupOrder","Height","Identifier"
1,"A",1,57.5989422071868,NA
2,"A",2,26.1015721568254,"Value2"
3,"A",3,59.1807309106531,NA
4,"A",4,16.2543094272157,NA
5,"A",5,63.8638058070829,NA
6,"B",1,51.6068612565957,NA
7,"B",2,12.1152765862859,"Value1"
8,"B",3,54.0550852358178,NA
9,"B",4,81.8037295313101,NA
10,"B",5,80.9363302961236,NA
