"Order","Group","GroupOrder","Height","Identifier"
1,"A",1,30.2762918731333,NA
2,"A",2,17.7827941003892,"Value1"
3,"A",3,61.2751565850166,NA
4,"A",4,32.6051983617908,NA
5,"A",5,53.4145529888374,NA
6,"B",1,73.8580329650568,NA
7,"B",2,21.5443469003188,"Value2"
8,"B",3,2.99872646988446,NA
9,"B",4,54.059059881462,NA
10,"B",5,24.292744206276,NA
