"Order","Group","GroupOrder","Height","Identifier"
1,"A",1,51.8912060659606,NA
2,"A",2,56.2341325190349,"Value2"
3,"A",3,31.6227766016838,"Value1"
4,"A",4,36.7217838272454,NA
5,"A",5,44.7503292917297,NA
6,"B",1,77.0134431046173,NA
7,"B",2,69.746030801317,NA
8,"B",3,45.2758236075909,NA
9,"B",4,26.7953061833825,NA
10,"B",5,72.7184853917982,NA
