"Order","Group","GroupOrder","Height","Identifier"
1,"A",1,69.2506800893787,NA
2,"A",2,46.4158883361278,"Value2"
3,"A",3,21.5443469003188,"Value1"
4,"A",4,36.9007947794527,NA
5,"A",5,47.7667835099027,NA
6,"B",1,3.26785978607265,NA
7,"B",2,29.3297549959085,NA
8,"B",3,39.3346877571151,NA
9,"B",4,51.7209099457792,NA
10,"B",5,68.791954756698,NA
