"Order","Group","GroupOrder","Height","Identifier"
1,"A",1,52.1012819833574,NA
2,"A",2,21.5443469003188,"Value2"
3,"A",3,17.7827941003892,"Value1"
4,"A",4,10.7471074675327,NA
5,"A",5,73.1304641791255,NA
6,"B",1,38.6089233155761,NA
7,"B",2,19.5364086667817,NA
8,"B",3,68.9222344261199,NA
9,"B",4,77.1358631514224,NA
10,"B",5,72.8928811407267,NA
