"Order","Group","GroupOrder","Height","Identifier"
1,"A",1,53.7641030878461,NA
2,"A",2,26.1015721568254,"Value2"
3,"A",3,17.7827941003892,"Value1"
4,"A",4,83.9331930350028,NA
5,"A",5,57.1726501078579,NA
6,"B",1,17.9021394680232,NA
7,"B",2,90.6796003489237,NA
8,"B",3,54.3068150390052,NA
9,"B",4,42.5551417903505,NA
10,"B",5,84.5599244948026,NA
