"Order","Group","GroupOrder","Height","Identifier"
1,"A",1,42.185351484343,NA
2,"A",2,14.6779926762207,"Value2"
3,"A",3,10,"Value1"
4,"A",4,21.3778682332482,NA
5,"A",5,27.0000836701984,NA
6,"B",1,5.78580817856221,NA
7,"B",2,41.6154668185148,NA
8,"B",3,51.3692478176387,NA
9,"B",4,60.6684499823562,NA
10,"B",5,50.9428056655536,NA
