"Order","Group","GroupOrder","Height","Identifier"
1,"A",1,53.8063632625479,NA
2,"A",2,21.5443469003188,"Value1"
3,"A",3,12.0279217269599,NA
4,"A",4,44.820991849547,NA
5,"A",5,64.54504199639,NA
6,"B",1,58.634605696297,NA
7,"B",2,46.4158883361278,"Value2"
8,"B",3,52.0480683599189,NA
9,"B",4,39.2776587530194,NA
10,"B",5,76.3684491965526,NA
