"Order","Group","GroupOrder","Height","Identifier"
1,"A",1,54.0321008661625,NA
2,"A",2,14.6779926762207,"Value2"
3,"A",3,78.4516711398959,NA
4,"A",4,55.4091508091219,NA
5,"A",5,78.6686762580401,NA
6,"B",1,87.0464966384382,NA
7,"B",2,10,"Value1"
8,"B",3,66.2063297709733,NA
9,"B",4,39.5512306430133,NA
10,"B",5,69.0287703484531,NA
