"Order","Group","GroupOrder","Height","Identifier"
1,"A",1,87.5876086374736,NA
2,"A",2,17.7827941003892,"Value1"
3,"A",3,62.066001501212,NA
4,"A",4,47.6526306335618,NA
5,"A",5,92.4426757287931,NA
6,"B",1,70.5197515489264,NA
7,"B",2,26.1015721568254,"Value2"
8,"B",3,69.0594516563732,NA
9,"B",4,43.0301148912717,NA
10,"B",5,43.6525390048458,NA
