"Order","Group","GroupOrder","Height","Identifier"
1,"A",1,72.7741306839489,NA
2,"A",2,31.6227766016838,"Value1"
3,"A",3,35.1257824125775,NA
4,"A",4,66.4150100481626,NA
5,"A",5,32.7752842612958,NA
6,"B",1,62.7961550808233,NA
7,"B",2,38.3118684955729,"Value2"
8,"B",3,15.5290596678174,NA
9,"B",4,76.8830535399996,NA
10,"B",5,57.038517206767,NA
