"Order","Group","GroupOrder","Height","Identifier"
1,"A",1,17.2809186300312,NA
2,"A",2,10,"Value1"
3,"A",3,55.4009863604694,NA
4,"A",4,21.7194834712561,NA
5,"A",5,1.45690470077261,NA
6,"B",1,21.0234308938627,NA
7,"B",2,56.2341325190349,"Value2"
8,"B",3,63.9719495127728,NA
9,"B",4,49.0435468064481,NA
10,"B",5,48.5479254655248,NA
