"Order","Group","GroupOrder","Height","Identifier","IDchr"
1,"A",1,34.8188586349653,"random",""
2,"A",2,12.1152765862859,"v1","▲"
3,"A",3,17.7675676087894,"random",""
4,"A",4,32.159218800929,"random",""
5,"A",5,23.8558013062151,"random",""
6,"B",1,13.2279996630731,"random",""
7,"B",2,26.1015721568254,"v2","●"
8,"B",3,62.3534996620067,"random",""
9,"B",4,82.3374190421128,"random",""
10,"B",5,49.9531909061153,"random",""
