"Order","Group","GroupOrder","Height","Identifier"
1,"A",1,79.2539072730576,NA
2,"A",2,38.3118684955729,"Value2"
3,"A",3,71.1602576630109,NA
4,"A",4,44.6286740823656,NA
5,"A",5,60.4427122516621,NA
6,"B",1,63.7294105735469,NA
7,"B",2,31.6227766016838,"Value1"
8,"B",3,55.9878844802058,NA
9,"B",4,70.8905882182617,NA
10,"B",5,54.2122739150642,NA
