"Order","Group","GroupOrder","Height","Identifier"
1,"A",1,73.1313735922061,NA
2,"A",2,10,"Value1"
3,"A",3,68.4587298337885,NA
4,"A",4,28.9383150575264,NA
5,"A",5,85.158426402803,NA
6,"B",1,41.5892047686702,NA
7,"B",2,14.6779926762207,"Value2"
8,"B",3,73.7140775904107,NA
9,"B",4,32.5241604132071,NA
10,"B",5,40.3615273680855,NA
