"Order","Group","GroupOrder","Height","Identifier"
1,"A",1,29.8960502895607,NA
2,"A",2,38.3118684955729,"Value2"
3,"A",3,52.4251411556496,NA
4,"A",4,39.0919415109946,NA
5,"A",5,46.7994281337627,NA
6,"B",1,62.4070900090682,NA
7,"B",2,14.6779926762207,"Value1"
8,"B",3,44.8841170714821,NA
9,"B",4,79.03010339185,NA
10,"B",5,44.1175437336798,NA
