"Order","Group","GroupOrder","Height","Identifier"
1,"A",1,55.6274534818871,NA
2,"A",2,56.2341325190349,"Value2"
3,"A",3,50.869932116023,NA
4,"A",4,61.3380291207035,NA
5,"A",5,57.0972357860604,NA
6,"B",1,52.3020190211451,NA
7,"B",2,10,"Value1"
8,"B",3,52.8397513155638,NA
9,"B",4,13.4370831893499,NA
10,"B",5,70.4028893615381,NA
