"Order","Group","GroupOrder","Height","Identifier"
1,"A",1,21.6122580770002,NA
2,"A",2,12.1152765862859,"Value1"
3,"A",3,63.7033941511573,NA
4,"A",4,39.6188200501805,NA
5,"A",5,70.0047313579188,NA
6,"B",1,39.2707920126205,NA
7,"B",2,26.1015721568254,"Value2"
8,"B",3,61.8346275423523,NA
9,"B",4,71.7092988120698,NA
10,"B",5,67.4390138090024,NA
