"Order","Group","GroupOrder","Height","Identifier"
1,"A",1,82.4915763574389,NA
2,"A",2,31.6227766016838,"Value1"
3,"A",3,61.2197389700061,NA
4,"A",4,11.1994035163501,NA
5,"A",5,22.3270440832863,NA
6,"B",1,42.9348992266023,NA
7,"B",2,56.2341325190349,"Value2"
8,"B",3,63.7971160592527,NA
9,"B",4,82.4145862754117,NA
10,"B",5,81.8701879988926,NA
