"Order","Group","GroupOrder","Height","Identifier"
1,"A",1,88.9041633340518,NA
2,"A",2,12.1152765862859,"Value1"
3,"A",3,45.6486677198916,NA
4,"A",4,42.8460969653927,NA
5,"A",5,41.5059033736246,NA
6,"B",1,42.9075254783939,NA
7,"B",2,46.4158883361278,"Value2"
8,"B",3,71.8375305860835,NA
9,"B",4,12.4016995098124,NA
10,"B",5,35.206766368877,NA
