"Order","Group","GroupOrder","Height","Identifier"
1,"A",1,62.0831536197281,NA
2,"A",2,21.5443469003188,"Value1"
3,"A",3,63.1992207484402,NA
4,"A",4,78.0829890982426,NA
5,"A",5,47.0974721264656,NA
6,"B",1,20.327237122489,NA
7,"B",2,46.4158883361278,"Value2"
8,"B",3,41.0250704698419,NA
9,"B",4,18.0972565483312,NA
10,"B",5,36.4478589435438,NA
