"Order","Group","GroupOrder","Height","Identifier"
1,"A",1,8.17802148994772,NA
2,"A",2,31.6227766016838,"Value1"
3,"A",3,72.0381906311393,NA
4,"A",4,51.5303977591481,NA
5,"A",5,32.3610432910881,NA
6,"B",1,82.2931873645711,NA
7,"B",2,56.2341325190349,"Value2"
8,"B",3,32.4901846952159,NA
9,"B",4,43.8088052003436,NA
10,"B",5,72.7272556463317,NA
