"Order","Group","GroupOrder","Height","Identifier"
1,"A",1,35.5368017147164,NA
2,"A",2,10,"Value1"
3,"A",3,55.9667765941561,NA
4,"A",4,42.5905097550622,NA
5,"A",5,42.1661871747085,NA
6,"B",1,40.1963137239439,NA
7,"B",2,14.6779926762207,"Value2"
8,"B",3,23.1154290806676,NA
9,"B",4,94.5064424672239,NA
10,"B",5,77.8293571090243,NA
