"Order","Group","GroupOrder","Height","Identifier"
1,"A",1,62.3572522940196,NA
2,"A",2,21.5443469003188,"Value2"
3,"A",3,37.6309707824942,NA
4,"A",4,68.6499731163137,NA
5,"A",5,50.9448349525797,NA
6,"B",1,77.787988877625,NA
7,"B",2,17.7827941003892,"Value1"
8,"B",3,87.7093670665434,NA
9,"B",4,23.0917131291423,NA
10,"B",5,74.5852755124535,NA
