"Order","Group","GroupOrder","Height","Identifier"
1,"A",1,38.1549178537984,NA
2,"A",2,31.6227766016838,"Value1"
3,"A",3,82.4264774518103,NA
4,"A",4,56.5424097151684,NA
5,"A",5,93.1755581628434,NA
6,"B",1,49.2351495751345,NA
7,"B",2,56.2341325190349,"Value2"
8,"B",3,94.7667063413505,NA
9,"B",4,68.8753072268315,NA
10,"B",5,43.5227325204144,NA
