"Order","Group","GroupOrder","Height","Identifier","IDchr"
1,"A",1,67.3084705639853,"random",""
2,"A",2,17.7827941003892,"v1","▲"
3,"A",3,80.2966891843263,"random",""
4,"A",4,73.945468140578,"random",""
5,"A",5,12.0312781362774,"random",""
6,"B",1,35.634352529352,"random",""
7,"B",2,26.1015721568254,"v2","●"
8,"B",3,46.8056646657945,"random",""
9,"B",4,62.9857826400209,"random",""
10,"B",5,10.3055053329971,"random",""
