"Order","Group","GroupOrder","Height","Identifier"
1,"A",1,38.0754559396813,NA
2,"A",2,56.2341325190349,"Value2"
3,"A",3,31.6227766016838,"Value1"
4,"A",4,56.5122669683637,NA
5,"A",5,36.99649633439,NA
6,"B",1,72.7007353186751,NA
7,"B",2,56.4309184824646,NA
8,"B",3,9.0345780058606,NA
9,"B",4,68.7011316151842,NA
10,"B",5,33.4574512284193,NA
