"Order","Group","GroupOrder","Height","Identifier"
1,"A",1,55.7588564986699,NA
2,"A",2,14.6779926762207,"Value1"
3,"A",3,38.3118684955729,"Value2"
4,"A",4,58.874966996896,NA
5,"A",5,82.7671053031461,NA
6,"B",1,18.6411542763451,NA
7,"B",2,77.5845731472577,NA
8,"B",3,78.3323031478318,NA
9,"B",4,83.9856741713746,NA
10,"B",5,39.8938171892331,NA
