"Order","Group","GroupOrder","Height","Identifier"
1,"A",1,45.1846193141155,NA
2,"A",2,21.5443469003188,"Value2"
3,"A",3,17.7827941003892,"Value1"
4,"A",4,78.9227567629751,NA
5,"A",5,61.586443356641,NA
6,"B",1,69.7213598038255,NA
7,"B",2,40.8887872082093,NA
8,"B",3,29.1670271423916,NA
9,"B",4,70.8496480545879,NA
10,"B",5,48.0057577704377,NA
