"Order","Group","GroupOrder","Height","Identifier"
1,"A",1,53.0058425128481,NA
2,"A",2,38.3118684955729,"Value2"
3,"A",3,31.6227766016838,"Value1"
4,"A",4,38.6584856401592,NA
5,"A",5,36.0420928741949,NA
6,"B",1,98.3847536374352,NA
7,"B",2,28.4921414695738,NA
8,"B",3,51.528452970344,NA
9,"B",4,56.7794244211527,NA
10,"B",5,23.6792353377948,NA
