"Order","Group","GroupOrder","Height","Identifier"
1,"A",1,45.2926070504902,NA
2,"A",2,38.3118684955729,"Value2"
3,"A",3,14.6779926762207,"Value1"
4,"A",4,21.6259519855696,NA
5,"A",5,61.9279013303456,NA
6,"B",1,74.285310627952,NA
7,"B",2,41.9163817277451,NA
8,"B",3,68.4380816873732,NA
9,"B",4,40.1022528193203,NA
10,"B",5,31.5931513548559,NA
