"Order","Group","GroupOrder","Height","Identifier"
1,"A",1,10.0574340958407,NA
2,"A",2,17.7827941003892,"Value1"
3,"A",3,26.1015721568254,"Value2"
4,"A",4,64.6962671061696,NA
5,"A",5,37.7322470991508,NA
6,"B",1,17.2258979951837,NA
7,"B",2,74.959133490236,NA
8,"B",3,67.5930725295416,NA
9,"B",4,38.7479061492882,NA
10,"B",5,6.36536985256607,NA
