"Order","Group","GroupOrder","Height","Identifier"
1,"A",1,42.8356222661556,NA
2,"A",2,46.4158883361278,"Value2"
3,"A",3,12.1152765862859,"Value1"
4,"A",4,17.830212311303,NA
5,"A",5,84.6764568632582,NA
6,"B",1,18.2527478972613,NA
7,"B",2,23.0394003387857,NA
8,"B",3,70.3021548056898,NA
9,"B",4,74.9504762440965,NA
10,"B",5,52.7688694080512,NA
