"Order","Group","GroupOrder","Height","Identifier"
1,"A",1,11.1542422812539,NA
2,"A",2,12.1152765862859,"Value1"
3,"A",3,46.4158883361278,"Value2"
4,"A",4,49.6209258420445,NA
5,"A",5,54.3546807098951,NA
6,"B",1,32.1293613411451,NA
7,"B",2,33.3174093421605,NA
8,"B",3,35.9987544482555,NA
9,"B",4,29.2055231536753,NA
10,"B",5,58.3796807173531,NA
