"Order","Group","GroupOrder","Height","Identifier"
1,"A",1,41.6254188621578,NA
2,"A",2,31.6227766016838,"Value1"
3,"A",3,38.3118684955729,"Value2"
4,"A",4,52.8722227141928,NA
5,"A",5,78.3992403326971,NA
6,"B",1,27.6817046854714,NA
7,"B",2,38.9497415740724,NA
8,"B",3,68.7299641626076,NA
9,"B",4,36.9110521708413,NA
10,"B",5,30.6872111572896,NA
