"Order","Group","GroupOrder","Height","Identifier"
1,"A",1,35.6666195611986,NA
2,"A",2,31.6227766016838,"Value1"
3,"A",3,56.2341325190349,"Value2"
4,"A",4,95.7876602287999,NA
5,"A",5,56.8199413111276,NA
6,"B",1,83.9432147002355,NA
7,"B",2,22.4818920847064,NA
8,"B",3,66.90488811062,NA
9,"B",4,35.3824702480166,NA
10,"B",5,43.4137889039446,NA
