"Order","Group","GroupOrder","Height","Identifier"
1,"A",1,64.175912300977,NA
2,"A",2,21.5443469003188,"Value1"
3,"A",3,46.4158883361278,"Value2"
4,"A",4,65.1734316318439,NA
5,"A",5,72.5462778483372,NA
6,"B",1,59.1861045985163,NA
7,"B",2,34.119871755817,NA
8,"B",3,32.5023009926417,NA
9,"B",4,83.0224524884892,NA
10,"B",5,51.0363847561518,NA
