"Order","Group","GroupOrder","Height","Identifier"
1,"A",1,31.6585469220327,NA
2,"A",2,10,"Value1"
3,"A",3,14.6779926762207,"Value2"
4,"A",4,46.1266064684195,NA
5,"A",5,64.4803560606496,NA
6,"B",1,84.0280155418103,NA
7,"B",2,28.3566363544575,NA
8,"B",3,35.6536295790164,NA
9,"B",4,30.9472017796612,NA
10,"B",5,24.1007559475626,NA
