"Order","Group","GroupOrder","Height","Identifier"
1,"A",1,14.4543010932788,NA
2,"A",2,26.1015721568254,"Value2"
3,"A",3,17.7827941003892,"Value1"
4,"A",4,58.9463873863125,NA
5,"A",5,92.5279033262325,NA
6,"B",1,90.2733045355891,NA
7,"B",2,57.8320794367928,NA
8,"B",3,75.1781186787797,NA
9,"B",4,52.154958678739,NA
10,"B",5,58.0463791203449,NA
