"Order","Group","GroupOrder","Height","Identifier"
1,"A",1,41.5015740213389,NA
2,"A",2,12.1152765862859,"Value1"
3,"A",3,26.1015721568254,"Value2"
4,"A",4,62.7310126106499,NA
5,"A",5,63.9718827582856,NA
6,"B",1,66.7908962669469,NA
7,"B",2,50.5706709149368,NA
8,"B",3,27.5335031572816,NA
9,"B",4,77.6264034749796,NA
10,"B",5,35.8583354962578,NA
