"Order","Group","GroupOrder","Height","Identifier"
1,"A",1,51.754287294718,NA
2,"A",2,14.6779926762207,"Value2"
3,"A",3,10,"Value1"
4,"A",4,71.5135172901237,NA
5,"A",5,66.1038507092385,NA
6,"B",1,66.8291968552973,NA
7,"B",2,87.219716453965,NA
8,"B",3,52.2323682407236,NA
9,"B",4,91.4396230222961,NA
10,"B",5,17.4539278456901,NA
