"Order","Group","GroupOrder","Height","Identifier"
1,"A",1,88.9010851947405,NA
2,"A",2,56.2341325190349,"Value2"
3,"A",3,10,"Value1"
4,"A",4,36.5540282665532,NA
5,"A",5,73.9613795106268,NA
6,"B",1,60.9186131199888,NA
7,"B",2,38.9329712147421,NA
8,"B",3,58.5700086506639,NA
9,"B",4,71.0113481765467,NA
10,"B",5,70.3728924005535,NA
