"Order","Group","GroupOrder","Height","Identifier"
1,"A",1,35.2864289221119,NA
2,"A",2,12.1152765862859,"Value1"
3,"A",3,26.1015721568254,"Value2"
4,"A",4,33.5515610048775,NA
5,"A",5,35.1642257131174,NA
6,"B",1,68.2151148257151,NA
7,"B",2,71.0627508277803,NA
8,"B",3,88.5254318036698,NA
9,"B",4,35.2808767033684,NA
10,"B",5,46.7584708935009,NA
