"Order","Group","GroupOrder","Height","Identifier"
1,"A",1,35.8721245234045,NA
2,"A",2,38.3118684955729,"Value2"
3,"A",3,31.6227766016838,"Value1"
4,"A",4,19.8325569288155,NA
5,"A",5,49.7362829947834,NA
6,"B",1,67.0727562077321,NA
7,"B",2,56.9455133856535,NA
8,"B",3,14.5899034442469,NA
9,"B",4,70.0136394896032,NA
10,"B",5,77.9029335843108,NA
