"Order","Group","GroupOrder","Height","Identifier"
1,"A",1,73.9477682751098,NA
2,"A",2,21.5443469003188,"Value2"
3,"A",3,17.7827941003892,"Value1"
4,"A",4,87.7563053693955,NA
5,"A",5,39.8801424664346,NA
6,"B",1,62.0535510704381,NA
7,"B",2,28.1197347555696,NA
8,"B",3,52.979981131076,NA
9,"B",4,51.6980963140095,NA
10,"B",5,74.3041343950049,NA
