"Order","Group","GroupOrder","Height","Identifier"
1,"A",1,84.5594779628005,NA
2,"A",2,12.1152765862859,"Value1"
3,"A",3,26.1015721568254,"Value2"
4,"A",4,23.8558013062151,NA
5,"A",5,62.3534996620067,NA
6,"B",1,13.2279996630731,NA
7,"B",2,49.9531909061153,NA
8,"B",3,17.7675676087894,NA
9,"B",4,82.3374190421128,NA
10,"B",5,32.159218800929,NA
