"Order","Group","GroupOrder","Height","Identifier"
1,"A",1,67.0156774304951,NA
2,"A",2,21.5443469003188,"Value2"
3,"A",3,17.7827941003892,"Value1"
4,"A",4,52.1221615463901,NA
5,"A",5,32.2656828547977,NA
6,"B",1,12.6902636651609,NA
7,"B",2,88.3089338948103,NA
8,"B",3,76.2631005983594,NA
9,"B",4,65.1659001889961,NA
10,"B",5,39.7074697891309,NA
