"Order","Group","GroupOrder","Height","Identifier"
1,"A",1,51.3420815928469,NA
2,"A",2,26.1015721568254,"Value2"
3,"A",3,17.7827941003892,"Value1"
4,"A",4,36.4813109609509,NA
5,"A",5,67.3914760329437,NA
6,"B",1,56.927018312888,NA
7,"B",2,49.3633808673719,NA
8,"B",3,20.0072057102251,NA
9,"B",4,23.3640224931995,NA
10,"B",5,40.3926664675446,NA
