"Order","Group","GroupOrder","Height","Identifier"
1,"A",1,46.7567049001142,NA
2,"A",2,14.6779926762207,"Value1"
3,"A",3,38.3118684955729,"Value2"
4,"A",4,25.6732385955396,NA
5,"A",5,39.6336274791043,NA
6,"B",1,10.3228670429296,NA
7,"B",2,69.4358347067944,NA
8,"B",3,95.9605033606637,NA
9,"B",4,72.8711163876476,NA
10,"B",5,70.415499667766,NA
