"Order","Group","GroupOrder","Height","Identifier"
1,"A",1,41.658256843034,NA
2,"A",2,46.4158883361278,"Value2"
3,"A",3,12.1152765862859,"Value1"
4,"A",4,14.9736521445185,NA
5,"A",5,82.5578882453707,NA
6,"B",1,41.2527013568344,NA
7,"B",2,46.7390456937182,NA
8,"B",3,94.1383267124979,NA
9,"B",4,67.3734515178027,NA
10,"B",5,79.3814860150836,NA
