"Order","Group","GroupOrder","Height","Identifier"
1,"A",1,65.854304007707,NA
2,"A",2,17.7827941003892,"Value1"
3,"A",3,56.992861461189,NA
4,"A",4,72.3137896537195,NA
5,"A",5,73.0310901690515,NA
6,"B",1,69.6901283761923,NA
7,"B",2,21.5443469003188,"Value2"
8,"B",3,39.7736590142724,NA
9,"B",4,38.3128047930822,NA
10,"B",5,84.6192647836299,NA
