"Order","Group","GroupOrder","Height","Identifier"
1,"A",1,52.8487038278228,NA
2,"A",2,38.3118684955729,"Value2"
3,"A",3,48.5363357521395,NA
4,"A",4,60.6592447741455,NA
5,"A",5,58.744400508281,NA
6,"B",1,68.7246479074969,NA
7,"B",2,31.6227766016838,"Value1"
8,"B",3,58.4508769728553,NA
9,"B",4,27.872403452809,NA
10,"B",5,68.218214701471,NA
