"Order","Group","GroupOrder","Height","Identifier"
1,"A",1,45.3322657138834,NA
2,"A",2,21.5443469003188,"Value1"
3,"A",3,65.7957764042514,NA
4,"A",4,24.9568796880779,NA
5,"A",5,73.5459311549563,NA
6,"B",1,72.1360751165401,NA
7,"B",2,46.4158883361278,"Value2"
8,"B",3,38.4054139904125,NA
9,"B",4,10.3877723110656,NA
10,"B",5,15.9312963083107,NA
