"Order","Group","GroupOrder","Height","Identifier"
1,"A",1,68.1951506905703,NA
2,"A",2,10,"Value1"
3,"A",3,58.5195811582909,NA
4,"A",4,23.3178854066796,NA
5,"A",5,53.6441777293139,NA
6,"B",1,93.0496920196639,NA
7,"B",2,14.6779926762207,"Value2"
8,"B",3,83.8516701389307,NA
9,"B",4,12.6144205941912,NA
10,"B",5,38.3471711964905,NA
