"Order","Group","GroupOrder","Height","Identifier"
1,"A",1,54.4543674081177,NA
2,"A",2,26.1015721568254,"Value2"
3,"A",3,52.9512675958174,NA
4,"A",4,54.5087098558119,NA
5,"A",5,52.9394117704431,NA
6,"B",1,63.1526981712968,NA
7,"B",2,12.1152765862859,"Value1"
8,"B",3,18.58488339434,NA
9,"B",4,9.95548619227881,NA
10,"B",5,53.9158925803233,NA
