"Order","Group","GroupOrder","Height","Identifier"
1,"A",1,66.1561010590427,NA
2,"A",2,10,"Value1"
3,"A",3,68.080917081081,NA
4,"A",4,57.9294911208053,NA
5,"A",5,35.5806012114275,NA
6,"B",1,79.4976138676147,NA
7,"B",2,56.2341325190349,"Value2"
8,"B",3,14.3847858556346,NA
9,"B",4,28.3011920347385,NA
10,"B",5,14.0955565001557,NA
