"Order","Group","GroupOrder","Height","Identifier"
1,"A",1,28.2373118404656,NA
2,"A",2,26.1015721568254,"Value2"
3,"A",3,12.1152765862859,"Value1"
4,"A",4,65.8108642313377,NA
5,"A",5,55.6482820654463,NA
6,"B",1,40.1553274292885,NA
7,"B",2,43.3027533301747,NA
8,"B",3,22.9201635261862,NA
9,"B",4,62.3291062044193,NA
10,"B",5,9.87984277763657,NA
