"Order","Group","GroupOrder","Height","Identifier"
1,"A",1,62.0132793197843,NA
2,"A",2,31.6227766016838,"Value1"
3,"A",3,56.2341325190349,"Value2"
4,"A",4,50.473895162213,NA
5,"A",5,47.7966764507879,NA
6,"B",1,12.0784045069906,NA
7,"B",2,70.9966630055667,NA
8,"B",3,52.9233673893379,NA
9,"B",4,77.7103602783636,NA
10,"B",5,36.9553516804163,NA
