"Order","Group","GroupOrder","Height","Identifier"
1,"A",1,24.6213280303772,NA
2,"A",2,12.1152765862859,"Value1"
3,"A",3,46.4158883361278,"Value2"
4,"A",4,39.4170047707351,NA
5,"A",5,21.631747753341,NA
6,"B",1,32.9085237743926,NA
7,"B",2,20.8110846632547,NA
8,"B",3,37.6447662702581,NA
9,"B",4,36.958758349415,NA
10,"B",5,31.0140652118722,NA
