"Order","Group","GroupOrder","Height","Identifier"
1,"A",1,53.788422128042,NA
2,"A",2,56.2341325190349,"Value2"
3,"A",3,31.6227766016838,"Value1"
4,"A",4,88.9911987226271,NA
5,"A",5,40.6562615731164,NA
6,"B",1,53.6048346403535,NA
7,"B",2,64.864572916128,NA
8,"B",3,48.0770910908329,NA
9,"B",4,22.0647988161954,NA
10,"B",5,50.6287612244734,NA
