"Order","Group","GroupOrder","Height","Identifier"
1,"A",1,46.2833775310037,NA
2,"A",2,38.3118684955729,"Value2"
3,"A",3,14.6779926762207,"Value1"
4,"A",4,16.7266524713872,NA
5,"A",5,77.8240200430091,NA
6,"B",1,66.3849697358769,NA
7,"B",2,6.81569691504952,NA
8,"B",3,49.2505851664851,NA
9,"B",4,51.7109565927309,NA
10,"B",5,59.0796031668458,NA
