"Order","Group","GroupOrder","Height","Identifier"
1,"A",1,53.3497341231093,NA
2,"A",2,26.1015721568254,"Value2"
3,"A",3,17.7827941003892,"Value1"
4,"A",4,25.3416599395848,NA
5,"A",5,75.6502150965065,NA
6,"B",1,15.6220199645796,NA
7,"B",2,27.4705945045611,NA
8,"B",3,64.7228946836243,NA
9,"B",4,61.7764109684937,NA
10,"B",5,86.974224849082,NA
