"Order","Group","GroupOrder","Height","Identifier"
1,"A",1,9.72828987779661,NA
2,"A",2,26.1015721568254,"Value2"
3,"A",3,12.1152765862859,"Value1"
4,"A",4,49.3397670049703,NA
5,"A",5,46.8039516544713,NA
6,"B",1,78.1643036051868,NA
7,"B",2,12.8144413965356,NA
8,"B",3,38.0200024955203,NA
9,"B",4,66.435557853458,NA
10,"B",5,6.87239348264348,NA
