"Order","Group","GroupOrder","Height","Identifier"
1,"A",1,73.8076940833797,NA
2,"A",2,17.7827941003892,"Value1"
3,"A",3,21.5443469003188,"Value2"
4,"A",4,16.5567784759997,NA
5,"A",5,51.8692511980637,NA
6,"B",1,80.1187024239061,NA
7,"B",2,68.647226320868,NA
8,"B",3,63.1268484772124,NA
9,"B",4,80.7232350885781,NA
10,"B",5,32.6594811327164,NA
