"Order","Group","GroupOrder","Height","Identifier","IDchr"
1,"A",1,13.7265863802651,"random",""
2,"A",2,17.7827941003892,"v1","▲"
3,"A",3,21.7773190154089,"random",""
4,"A",4,20.7891413381012,"random",""
5,"A",5,52.5589380716241,"random",""
6,"B",1,65.1470860921223,"random",""
7,"B",2,21.5443469003188,"v2","●"
8,"B",3,68.3389171509227,"random",""
9,"B",4,29.7223371465049,"random",""
10,"B",5,61.215438263311,"random",""
