"Order","Group","GroupOrder","Height","Identifier"
1,"A",1,30.3593734782085,NA
2,"A",2,21.5443469003188,"Value1"
3,"A",3,54.4098058755359,NA
4,"A",4,69.9930819927131,NA
5,"A",5,73.7136561436229,NA
6,"B",1,79.2678349831038,NA
7,"B",2,46.4158883361278,"Value2"
8,"B",3,26.6304980026359,NA
9,"B",4,25.5541936886116,NA
10,"B",5,88.6826646637986,NA
