"Order","Group","GroupOrder","Height","Identifier"
1,"A",1,89.4710509124871,NA
2,"A",2,26.1015721568254,"Value2"
3,"A",3,53.0542045861586,NA
4,"A",4,79.3366091693512,NA
5,"A",5,58.3911350662473,NA
6,"B",1,30.2348775597763,NA
7,"B",2,12.1152765862859,"Value1"
8,"B",3,48.6692856612878,NA
9,"B",4,25.1299782814985,NA
10,"B",5,7.68378944930849,NA
