"Order","Group","GroupOrder","Height","Identifier"
1,"A",1,60.2857053101227,NA
2,"A",2,14.6779926762207,"Value1"
3,"A",3,46.6910569689571,NA
4,"A",4,5.11904570410383,NA
5,"A",5,47.5678684112853,NA
6,"B",1,75.9592512259087,NA
7,"B",2,38.3118684955729,"Value2"
8,"B",3,89.9691767732381,NA
9,"B",4,71.3160971719198,NA
10,"B",5,53.2187812894159,NA
