"Order","Group","GroupOrder","Height","Identifier"
1,"A",1,19.4211451290738,NA
2,"A",2,17.7827941003892,"Value1"
3,"A",3,63.4420075001877,NA
4,"A",4,26.6392546530214,NA
5,"A",5,90.090915770453,NA
6,"B",1,2.63229303362418,NA
7,"B",2,21.5443469003188,"Value2"
8,"B",3,19.2073379027969,NA
9,"B",4,97.3153454615261,NA
10,"B",5,62.0125768180554,NA
