"Order","Group","GroupOrder","Height","Identifier"
1,"A",1,28.4371643104944,NA
2,"A",2,31.6227766016838,"Value1"
3,"A",3,74.3922560303571,NA
4,"A",4,77.1734904643812,NA
5,"A",5,50.8893120814647,NA
6,"B",1,88.5199142362997,NA
7,"B",2,38.3118684955729,"Value2"
8,"B",3,84.2868110022728,NA
9,"B",4,84.1521672252598,NA
10,"B",5,31.7858083251877,NA
