"Order","Group","GroupOrder","Height","Identifier"
1,"A",1,79.3871036610869,NA
2,"A",2,46.4158883361278,"Value2"
3,"A",3,48.9125965693589,NA
4,"A",4,31.3310168971966,NA
5,"A",5,26.133364714828,NA
6,"B",1,13.5918628290546,NA
7,"B",2,12.1152765862859,"Value1"
8,"B",3,64.1803352156339,NA
9,"B",4,74.6261908821525,NA
10,"B",5,30.8604697502298,NA
