"Order","Group","GroupOrder","Height","Identifier"
1,"A",1,14.0167618255492,NA
2,"A",2,26.1015721568254,"Value2"
3,"A",3,17.7827941003892,"Value1"
4,"A",4,8.81769482414342,NA
5,"A",5,83.9135043648842,NA
6,"B",1,4.30296094440822,NA
7,"B",2,26.7397700513674,NA
8,"B",3,56.4555748882626,NA
9,"B",4,40.4028259143562,NA
10,"B",5,43.5574304332533,NA
