"Order","Group","GroupOrder","Height","Identifier"
1,"A",1,50.7210780716762,NA
2,"A",2,38.3118684955729,"Value2"
3,"A",3,31.6227766016838,"Value1"
4,"A",4,74.7002432691164,NA
5,"A",5,80.6800673626703,NA
6,"B",1,60.7009051524599,NA
7,"B",2,51.774404213639,NA
8,"B",3,21.7680149972818,NA
9,"B",4,49.1654150268178,NA
10,"B",5,42.3115854503398,NA
