"Order","Group","GroupOrder","Height","Identifier"
1,"A",1,25.6982369511469,NA
2,"A",2,31.6227766016838,"Value1"
3,"A",3,56.2341325190349,"Value2"
4,"A",4,21.6940084118929,NA
5,"A",5,35.5230837814768,NA
6,"B",1,42.9166364420183,NA
7,"B",2,46.3404495178192,NA
8,"B",3,41.4951723458208,NA
9,"B",4,52.2506574561129,NA
10,"B",5,46.0942312299232,NA
