"Order","Group","GroupOrder","Height","Identifier"
1,"A",1,85.8933588123143,NA
2,"A",2,21.5443469003188,"Value2"
3,"A",3,17.7827941003892,"Value1"
4,"A",4,63.3890283682731,NA
5,"A",5,10.8664416815667,NA
6,"B",1,43.8246950456268,NA
7,"B",2,62.5060802047096,NA
8,"B",3,60.3215860271246,NA
9,"B",4,55.3238964752486,NA
10,"B",5,37.9057895785172,NA
