"Order","Group","GroupOrder","Height","Identifier"
1,"A",1,92.3736206939943,NA
2,"A",2,12.1152765862859,"Value1"
3,"A",3,26.1015721568254,"Value2"
4,"A",4,22.5453402695472,NA
5,"A",5,16.1642369525371,NA
6,"B",1,89.8074963502657,NA
7,"B",2,54.5130389862923,NA
8,"B",3,72.9064816167916,NA
9,"B",4,30.9145490785158,NA
10,"B",5,42.1141388907761,NA
