"Order","Group","GroupOrder","Height","Identifier"
1,"A",1,51.8847358156615,NA
2,"A",2,21.5443469003188,"Value1"
3,"A",3,46.4158883361278,"Value2"
4,"A",4,81.6448592610791,NA
5,"A",5,69.1469111955978,NA
6,"B",1,48.8763893308051,NA
7,"B",2,13.8420857549658,NA
8,"B",3,69.0050603270093,NA
9,"B",4,48.1784988462173,NA
10,"B",5,10.1001694411316,NA
