"Order","Group","GroupOrder","Height","Identifier"
1,"A",1,30.2470180341489,NA
2,"A",2,12.1152765862859,"Value1"
3,"A",3,46.4158883361278,"Value2"
4,"A",4,61.1691167664053,NA
5,"A",5,69.0452929011728,NA
6,"B",1,83.748241360683,NA
7,"B",2,57.5733134895289,NA
8,"B",3,63.346681327117,NA
9,"B",4,19.8188765885632,NA
10,"B",5,35.8729858434579,NA
