"Order","Group","GroupOrder","Height","Identifier"
1,"A",1,67.3413013362844,NA
2,"A",2,10,"Value1"
3,"A",3,14.6779926762207,"Value2"
4,"A",4,44.6966930534014,NA
5,"A",5,50.0693501153724,NA
6,"B",1,33.7857338759255,NA
7,"B",2,38.7583837034789,NA
8,"B",3,39.1978508810439,NA
9,"B",4,9.71388934843022,NA
10,"B",5,57.3956515370759,NA
