"Order","Group","GroupOrder","Height","Identifier"
1,"A",1,44.1027950945034,NA
2,"A",2,26.1015721568254,"Value2"
3,"A",3,12.1152765862859,"Value1"
4,"A",4,19.4478107560447,NA
5,"A",5,64.7762595440983,NA
6,"B",1,62.4046883903248,NA
7,"B",2,71.3736224253853,NA
8,"B",3,53.6106474814011,NA
9,"B",4,22.0170340826609,NA
10,"B",5,39.1853383870684,NA
