"Order","Group","GroupOrder","Height","Identifier"
1,"A",1,91.8075128895652,NA
2,"A",2,26.1015721568254,"Value2"
3,"A",3,17.7827941003892,"Value1"
4,"A",4,66.0572568363824,NA
5,"A",5,39.488876020355,NA
6,"B",1,63.8109972881117,NA
7,"B",2,90.3383474332195,NA
8,"B",3,73.9806007436135,NA
9,"B",4,77.0952761734477,NA
10,"B",5,81.8750495832927,NA
