"Order","Group","GroupOrder","Height","Identifier"
1,"A",1,80.5773824349952,NA
2,"A",2,14.6779926762207,"Value1"
3,"A",3,38.3118684955729,"Value2"
4,"A",4,70.1146862709333,NA
5,"A",5,55.323453124359,NA
6,"B",1,56.0705382526575,NA
7,"B",2,19.6843376595421,NA
8,"B",3,76.8836090092124,NA
9,"B",4,31.5972400904297,NA
10,"B",5,70.8700958935461,NA
