"Order","Group","GroupOrder","Height","Identifier"
1,"A",1,54.5540857079937,NA
2,"A",2,31.6227766016838,"Value1"
3,"A",3,56.2341325190349,"Value2"
4,"A",4,45.6754159329174,NA
5,"A",5,68.5560404248199,NA
6,"B",1,26.3135146111983,NA
7,"B",2,53.720402242428,NA
8,"B",3,70.9062270455256,NA
9,"B",4,70.0632669479019,NA
10,"B",5,12.158719268032,NA
