"Order","Group","GroupOrder","Height","Identifier"
1,"A",1,56.326132656572,NA
2,"A",2,46.4158883361278,"Value2"
3,"A",3,21.5443469003188,"Value1"
4,"A",4,19.3086791703807,NA
5,"A",5,35.7725256944172,NA
6,"B",1,50.3191200691601,NA
7,"B",2,33.4490920325881,NA
8,"B",3,21.1487562228196,NA
9,"B",4,86.8248486594824,NA
10,"B",5,61.5390719763685,NA
