"Order","Group","GroupOrder","Height","Identifier"
1,"A",1,29.7662392335815,NA
2,"A",2,12.1152765862859,"Value1"
3,"A",3,71.1274712596863,NA
4,"A",4,35.0636103428595,NA
5,"A",5,38.7855234019754,NA
6,"B",1,24.7680643210857,NA
7,"B",2,26.1015721568254,"Value2"
8,"B",3,80.3942703409157,NA
9,"B",4,43.9655540094321,NA
10,"B",5,44.4946111999942,NA
