"Order","Group","GroupOrder","Height","Identifier"
1,"A",1,42.0123852495432,NA
2,"A",2,10,"Value1"
3,"A",3,67.8939559366878,NA
4,"A",4,50.2494958722793,NA
5,"A",5,53.5660238091898,NA
6,"B",1,6.002445397361,NA
7,"B",2,14.6779926762207,"Value2"
8,"B",3,62.5237677551919,NA
9,"B",4,24.3157104373268,NA
10,"B",5,73.6116878498089,NA
