"Order","Group","GroupOrder","Height","Identifier"
1,"A",1,27.5845066275205,NA
2,"A",2,56.2341325190349,"Value2"
3,"A",3,60.9506979396715,NA
4,"A",4,93.7036665828158,NA
5,"A",5,72.5860283112107,NA
6,"B",1,46.5581360961979,NA
7,"B",2,31.6227766016838,"Value1"
8,"B",3,17.1050525031008,NA
9,"B",4,24.6272682578674,NA
10,"B",5,12.1308780752239,NA
