"Order","Group","GroupOrder","Height","Identifier"
1,"A",1,43.3459821582488,NA
2,"A",2,38.3118684955729,"Value2"
3,"A",3,51.1452759658486,NA
4,"A",4,37.5783286850992,NA
5,"A",5,81.3004005478765,NA
6,"B",1,45.2102975841571,NA
7,"B",2,31.6227766016838,"Value1"
8,"B",3,77.4888611769963,NA
9,"B",4,41.4898014417401,NA
10,"B",5,33.0200629274768,NA
