"Order","Group","GroupOrder","Height","Identifier"
1,"A",1,81.774070349583,NA
2,"A",2,17.7827941003892,"Value1"
3,"A",3,20.3195213569493,NA
4,"A",4,47.4486479540004,NA
5,"A",5,70.2666758748698,NA
6,"B",1,51.9671555280287,NA
7,"B",2,21.5443469003188,"Value2"
8,"B",3,54.1646602694049,NA
9,"B",4,16.4785813701886,NA
10,"B",5,60.397095399798,NA
