"Order","Group","GroupOrder","Height","Identifier"
1,"A",1,45.6995626325383,NA
2,"A",2,17.7827941003892,"Value1"
3,"A",3,65.4684716927939,NA
4,"A",4,19.7076548815925,NA
5,"A",5,95.0669962890436,NA
6,"B",1,44.0485224756951,NA
7,"B",2,26.1015721568254,"Value2"
8,"B",3,86.2398058346046,NA
9,"B",4,61.1532705890766,NA
10,"B",5,64.4630479823813,NA
