"Order","Group","GroupOrder","Height","Identifier"
1,"A",1,89.0862902663538,NA
2,"A",2,46.4158883361278,"Value2"
3,"A",3,31.057219478485,NA
4,"A",4,36.0424742177802,NA
5,"A",5,73.0748448242722,NA
6,"B",1,36.6799189878605,NA
7,"B",2,12.1152765862859,"Value1"
8,"B",3,35.0780530662836,NA
9,"B",4,52.3250981286828,NA
10,"B",5,66.7929365564954,NA
