"Order","Group","GroupOrder","Height","Identifier"
1,"A",1,90.3596478587422,NA
2,"A",2,31.6227766016838,"Value1"
3,"A",3,47.2228724067106,NA
4,"A",4,65.9830746610904,NA
5,"A",5,86.4296079263679,NA
6,"B",1,39.3781730070295,NA
7,"B",2,38.3118684955729,"Value2"
8,"B",3,33.1930107592203,NA
9,"B",4,41.8600603669434,NA
10,"B",5,22.544629163267,NA
