"Order","Group","GroupOrder","Height","Identifier"
1,"A",1,4.6131542015775,NA
2,"A",2,26.1015721568254,"Value2"
3,"A",3,57.4703794684359,NA
4,"A",4,28.8702467328411,NA
5,"A",5,10.9661267668032,NA
6,"B",1,82.6724239931709,NA
7,"B",2,12.1152765862859,"Value1"
8,"B",3,64.1370801633693,NA
9,"B",4,68.2320112329466,NA
10,"B",5,36.751815284674,NA
