"Order","Group","GroupOrder","Height","Identifier"
1,"A",1,69.5487434997599,NA
2,"A",2,10,"Value1"
3,"A",3,59.2237526537923,NA
4,"A",4,42.84234243261,NA
5,"A",5,29.5645136784209,NA
6,"B",1,40.7048935655536,NA
7,"B",2,14.6779926762207,"Value2"
8,"B",3,20.1882163060232,NA
9,"B",4,86.3724636379627,NA
10,"B",5,45.7498229978461,NA
