"Order","Group","GroupOrder","Height","Identifier"
1,"A",1,66.5426018075581,NA
2,"A",2,14.6779926762207,"Value1"
3,"A",3,76.7300623599115,NA
4,"A",4,79.033214116678,NA
5,"A",5,70.3715084627271,NA
6,"B",1,28.8300497542459,NA
7,"B",2,38.3118684955729,"Value2"
8,"B",3,40.6361841227275,NA
9,"B",4,18.0586142700896,NA
10,"B",5,67.3884499719684,NA
