"Order","Group","GroupOrder","Height","Identifier"
1,"A",1,21.9181604792758,NA
2,"A",2,12.1152765862859,"Value1"
3,"A",3,46.4158883361278,"Value2"
4,"A",4,55.4176940432757,NA
5,"A",5,84.7086096571376,NA
6,"B",1,31.2113978717642,NA
7,"B",2,45.6485351908575,NA
8,"B",3,47.2343001190325,NA
9,"B",4,42.2382618081191,NA
10,"B",5,23.7850320826807,NA
