"Order","Group","GroupOrder","Height","Identifier"
1,"A",1,48.2344982101165,NA
2,"A",2,31.6227766016838,"Value1"
3,"A",3,38.3118684955729,"Value2"
4,"A",4,70.3234072651986,NA
5,"A",5,71.3734951284823,NA
6,"B",1,71.3845107803403,NA
7,"B",2,10.1800215394181,NA
8,"B",3,50.732890033266,NA
9,"B",4,64.908461162142,NA
10,"B",5,32.9739983465681,NA
