"Order","Group","GroupOrder","Height","Identifier"
1,"A",1,32.3932954228458,NA
2,"A",2,26.1015721568254,"Value2"
3,"A",3,12.1152765862859,"Value1"
4,"A",4,46.1897059273714,NA
5,"A",5,53.2190173503531,NA
6,"B",1,29.5302861210243,NA
7,"B",2,34.7139265740708,NA
8,"B",3,59.8727217967682,NA
9,"B",4,72.343376166255,NA
10,"B",5,17.309095728748,NA
