"Order","Group","GroupOrder","Height","Identifier"
1,"A",1,14.6404807575521,NA
2,"A",2,21.5443469003188,"Value2"
3,"A",3,17.7827941003892,"Value1"
4,"A",4,29.4289755199482,NA
5,"A",5,57.9183244808282,NA
6,"B",1,98.1743715046349,NA
7,"B",2,11.7650663274955,NA
8,"B",3,69.2600188690018,NA
9,"B",4,66.9193823398234,NA
10,"B",5,94.1004832012454,NA
