"Order","Group","GroupOrder","Height","Identifier"
1,"A",1,59.6232346875242,NA
2,"A",2,14.6779926762207,"Value2"
3,"A",3,10,"Value1"
4,"A",4,59.2102315723112,NA
5,"A",5,82.6504735306112,NA
6,"B",1,79.1438577369044,NA
7,"B",2,20.0450476472678,NA
8,"B",3,84.4605166216555,NA
9,"B",4,60.7311944781971,NA
10,"B",5,13.0032688898795,NA
