"Order","Group","GroupOrder","Height","Identifier"
1,"A",1,81.7461258821229,NA
2,"A",2,17.7827941003892,"Value1"
3,"A",3,39.6341106831619,NA
4,"A",4,50.5627693578625,NA
5,"A",5,60.1178875622713,NA
6,"B",1,45.8745641987785,NA
7,"B",2,26.1015721568254,"Value2"
8,"B",3,59.1507701385551,NA
9,"B",4,46.2447185923704,NA
10,"B",5,56.7101974148303,NA
