"Order","Group","GroupOrder","Height","Identifier"
1,"A",1,57.8018186523131,NA
2,"A",2,38.3118684955729,"Value2"
3,"A",3,81.9047829974724,NA
4,"A",4,65.8823295909677,NA
5,"A",5,66.0501171338198,NA
6,"B",1,80.1920676436082,NA
7,"B",2,14.6779926762207,"Value1"
8,"B",3,71.8281023838212,NA
9,"B",4,38.948967554927,NA
10,"B",5,67.7963223016188,NA
