"Order","Group","GroupOrder","Height","Identifier"
1,"A",1,84.9418048079506,NA
2,"A",2,56.2341325190349,"Value2"
3,"A",3,60.1040997872651,NA
4,"A",4,48.3313388453137,NA
5,"A",5,57.856388907594,NA
6,"B",1,58.514160056373,NA
7,"B",2,10,"Value1"
8,"B",3,61.3310070133576,NA
9,"B",4,55.8985237472127,NA
10,"B",5,55.5552097299085,NA
