"Order","Group","GroupOrder","Height","Identifier"
1,"A",1,73.0726109288131,NA
2,"A",2,31.6227766016838,"Value1"
3,"A",3,85.6599540326279,NA
4,"A",4,40.5352104522904,NA
5,"A",5,10.4633421161949,NA
6,"B",1,12.2391803704498,NA
7,"B",2,56.2341325190349,"Value2"
8,"B",3,80.6589868517126,NA
9,"B",4,87.4435923415536,NA
10,"B",5,42.0341924106883,NA
