"Order","Group","GroupOrder","Height","Identifier"
1,"A",1,12.1711625891077,NA
2,"A",2,46.4158883361278,"Value2"
3,"A",3,38.9177076789732,NA
4,"A",4,40.6034443014372,NA
5,"A",5,21.3343894132201,NA
6,"B",1,85.3949920924583,NA
7,"B",2,12.1152765862859,"Value1"
8,"B",3,68.2069268545489,NA
9,"B",4,33.2999715745691,NA
10,"B",5,61.1623119177386,NA
