"Order","Group","GroupOrder","Height","Identifier"
1,"A",1,57.1516218457729,NA
2,"A",2,46.4158883361278,"Value2"
3,"A",3,65.8745172365639,NA
4,"A",4,58.828600084399,NA
5,"A",5,17.6959231754293,NA
6,"B",1,52.2966663206208,NA
7,"B",2,21.5443469003188,"Value1"
8,"B",3,32.1926880014575,NA
9,"B",4,67.7668823362377,NA
10,"B",5,30.8000536281726,NA
