"Order","Group","GroupOrder","Height","Identifier"
1,"A",1,92.7291495548801,NA
2,"A",2,12.1152765862859,"Value1"
3,"A",3,36.7996352809896,NA
4,"A",4,56.6970735460774,NA
5,"A",5,84.6453541405806,NA
6,"B",1,75.3857939859783,NA
7,"B",2,26.1015721568254,"Value2"
8,"B",3,51.386365749126,NA
9,"B",4,76.6001454837465,NA
10,"B",5,19.5522342606313,NA
