"Order","Group","GroupOrder","Height","Identifier"
1,"A",1,11.1958134535521,NA
2,"A",2,10,"Value1"
3,"A",3,15.7062196027344,NA
4,"A",4,51.1518763190188,NA
5,"A",5,77.3555141060937,NA
6,"B",1,65.5388252741523,NA
7,"B",2,14.6779926762207,"Value2"
8,"B",3,88.2505193926716,NA
9,"B",4,56.6848648568939,NA
10,"B",5,67.7052602600826,NA
