"Order","Group","GroupOrder","Height","Identifier"
1,"A",1,29.3360808486722,NA
2,"A",2,12.1152765862859,"Value1"
3,"A",3,46.4158883361278,"Value2"
4,"A",4,26.2406016863775,NA
5,"A",5,69.3989696865991,NA
6,"B",1,27.5835161592523,NA
7,"B",2,92.3418867908102,NA
8,"B",3,10.6249120411659,NA
9,"B",4,35.7555834197056,NA
10,"B",5,31.4115737052478,NA
