"Order","Group","GroupOrder","Height","Identifier"
1,"A",1,76.7110199034561,NA
2,"A",2,17.7827941003892,"Value1"
3,"A",3,26.1015721568254,"Value2"
4,"A",4,85.7858541636045,NA
5,"A",5,62.7710712315437,NA
6,"B",1,33.4621897930871,NA
7,"B",2,30.0723584437933,NA
8,"B",3,81.3475379252608,NA
9,"B",4,43.676217376867,NA
10,"B",5,8.5722244270006,NA
