"Order","Group","GroupOrder","Height","Identifier"
1,"A",1,38.6757905610633,NA
2,"A",2,14.6779926762207,"Value2"
3,"A",3,10,"Value1"
4,"A",4,73.7861771189063,NA
5,"A",5,60.7487538260692,NA
6,"B",1,23.2270221742985,NA
7,"B",2,45.9882607056676,NA
8,"B",3,59.4166850215281,NA
9,"B",4,23.2884370328575,NA
10,"B",5,83.155585408647,NA
