"Order","Group","GroupOrder","Height","Identifier"
1,"A",1,56.1554805831583,NA
2,"A",2,38.3118684955729,"Value2"
3,"A",3,31.6227766016838,"Value1"
4,"A",4,34.4224665059608,NA
5,"A",5,71.168046719607,NA
6,"B",1,49.2746767208992,NA
7,"B",2,47.7694579325466,NA
8,"B",3,38.1202143048713,NA
9,"B",4,60.8294013473875,NA
10,"B",5,67.5944867510932,NA
