"Order","Group","GroupOrder","Height","Identifier"
1,"A",1,45.0812334880859,NA
2,"A",2,31.6227766016838,"Value1"
3,"A",3,56.2341325190349,"Value2"
4,"A",4,25.8320649019503,NA
5,"A",5,49.2255227155785,NA
6,"B",1,89.693640490936,NA
7,"B",2,80.5485790088195,NA
8,"B",3,68.4437764810804,NA
9,"B",4,30.2269568486177,NA
10,"B",5,20.7464575307656,NA
