"Order","Group","GroupOrder","Height","Identifier"
1,"A",1,37.5960725752433,NA
2,"A",2,21.5443469003188,"Value1"
3,"A",3,46.4158883361278,"Value2"
4,"A",4,51.6881709776203,NA
5,"A",5,61.8327297233888,NA
6,"B",1,4.27919028090805,NA
7,"B",2,65.4793196292843,NA
8,"B",3,71.417672930014,NA
9,"B",4,79.9468067113817,NA
10,"B",5,22.3006972689524,NA
