"Order","Group","GroupOrder","Height","Identifier"
1,"A",1,45.1295851975121,NA
2,"A",2,56.2341325190349,"Value2"
3,"A",3,10,"Value1"
4,"A",4,72.6886072311143,NA
5,"A",5,60.0229484058919,NA
6,"B",1,57.534791791305,NA
7,"B",2,67.4771836332983,NA
8,"B",3,67.2208121810477,NA
9,"B",4,40.0612030438163,NA
10,"B",5,25.2147397022468,NA
