"Order","Group","GroupOrder","Height","Identifier"
1,"A",1,52.7435510999153,NA
2,"A",2,12.1152765862859,"Value1"
3,"A",3,74.4136148140646,NA
4,"A",4,46.3392677603809,NA
5,"A",5,20.1027738566367,NA
6,"B",1,39.1902867470051,NA
7,"B",2,46.4158883361278,"Value2"
8,"B",3,34.9091929179692,NA
9,"B",4,60.4873480707562,NA
10,"B",5,78.6049636761175,NA
