"Order","Group","GroupOrder","Height","Identifier"
1,"A",1,38.2458016580659,NA
2,"A",2,31.6227766016838,"Value1"
3,"A",3,49.1127155419781,NA
4,"A",4,47.1132660098995,NA
5,"A",5,29.870441113076,NA
6,"B",1,24.4134983087775,NA
7,"B",2,38.3118684955729,"Value2"
8,"B",3,14.9400830026693,NA
9,"B",4,57.0063232422957,NA
10,"B",5,42.7597448116741,NA
