"Order","Group","GroupOrder","Height","Identifier"
1,"A",1,74.5336275602385,NA
2,"A",2,17.7827941003892,"Value1"
3,"A",3,71.0170206528175,NA
4,"A",4,76.5211703201348,NA
5,"A",5,47.3602391412528,NA
6,"B",1,47.4773971566875,NA
7,"B",2,26.1015721568254,"Value2"
8,"B",3,41.5572137158539,NA
9,"B",4,57.5516999602581,NA
10,"B",5,12.5153477616125,NA
