"Order","Group","GroupOrder","Height","Identifier"
1,"A",1,63.805160013637,NA
2,"A",2,17.7827941003892,"Value1"
3,"A",3,43.7144849859074,NA
4,"A",4,58.8455744180707,NA
5,"A",5,13.5166113123403,NA
6,"B",1,39.0310925999077,NA
7,"B",2,21.5443469003188,"Value2"
8,"B",3,70.0918755444724,NA
9,"B",4,82.6581542393832,NA
10,"B",5,24.4837756816766,NA
