"Order","Group","GroupOrder","Height","Identifier"
1,"A",1,47.5159864409961,NA
2,"A",2,10,"Value1"
3,"A",3,5.81544487895234,NA
4,"A",4,70.1066471501269,NA
5,"A",5,53.8647240428116,NA
6,"B",1,63.9805073600756,NA
7,"B",2,56.2341325190349,"Value2"
8,"B",3,89.0208714916232,NA
9,"B",4,26.4846140497526,NA
10,"B",5,85.6569459611126,NA
