"Order","Group","GroupOrder","Height","Identifier"
1,"A",1,69.9071721378488,NA
2,"A",2,10,"Value1"
3,"A",3,68.5364639303945,NA
4,"A",4,19.5848490933929,NA
5,"A",5,4.62608849687822,NA
6,"B",1,14.8497383959349,NA
7,"B",2,14.6779926762207,"Value2"
8,"B",3,72.5915216418527,NA
9,"B",4,81.8654691094215,NA
10,"B",5,5.90898233729318,NA
