"Order","Group","GroupOrder","Height","Identifier"
1,"A",1,13.2941703714017,NA
2,"A",2,31.6227766016838,"Value1"
3,"A",3,55.2284528474478,NA
4,"A",4,22.3335553979161,NA
5,"A",5,44.8734727196855,NA
6,"B",1,42.9907330049564,NA
7,"B",2,38.3118684955729,"Value2"
8,"B",3,44.263319659746,NA
9,"B",4,32.9996657993259,NA
10,"B",5,76.8621559972043,NA
