"Order","Group","GroupOrder","Height","Identifier"
1,"A",1,58.7034768912583,NA
2,"A",2,14.6779926762207,"Value1"
3,"A",3,49.5555890290021,NA
4,"A",4,31.5354177164015,NA
5,"A",5,40.4684622516077,NA
6,"B",1,42.9201823213575,NA
7,"B",2,38.3118684955729,"Value2"
8,"B",3,31.7646250920912,NA
9,"B",4,84.3415925946047,NA
10,"B",5,46.6568945031639,NA
