"Order","Group","GroupOrder","Height","Identifier"
1,"A",1,37.6147667649373,NA
2,"A",2,38.3118684955729,"Value2"
3,"A",3,31.6227766016838,"Value1"
4,"A",4,51.1970778391355,NA
5,"A",5,77.0259726968557,NA
6,"B",1,41.470337442448,NA
7,"B",2,83.8303638838021,NA
8,"B",3,20.5698345793612,NA
9,"B",4,73.2129687234365,NA
10,"B",5,76.1004314316967,NA
