"Order","Group","GroupOrder","Height","Identifier"
1,"A",1,66.2413167909123,NA
2,"A",2,17.7827941003892,"Value1"
3,"A",3,26.1015721568254,"Value2"
4,"A",4,45.338460783297,NA
5,"A",5,45.9519698599468,NA
6,"B",1,46.8347548599993,NA
7,"B",2,45.5038251806392,NA
8,"B",3,29.1273333297744,NA
9,"B",4,59.0407006557608,NA
10,"B",5,38.0034218883375,NA
