"Order","Group","GroupOrder","Height","Identifier"
1,"A",1,32.7826964691977,NA
2,"A",2,10,"Value1"
3,"A",3,14.6779926762207,"Value2"
4,"A",4,65.2090751533254,NA
5,"A",5,62.461870708397,NA
6,"B",1,13.0995330128952,NA
7,"B",2,72.6793703418671,NA
8,"B",3,27.1642097002117,NA
9,"B",4,68.4912390751876,NA
10,"B",5,84.0070767865965,NA
