"Order","Group","GroupOrder","Height","Identifier"
1,"A",1,31.1217556684162,NA
2,"A",2,26.1015721568254,"Value2"
3,"A",3,15.5395337965436,NA
4,"A",4,43.2208995758117,NA
5,"A",5,27.2162332234182,NA
6,"B",1,75.7968906876552,NA
7,"B",2,12.1152765862859,"Value1"
8,"B",3,42.9434439390041,NA
9,"B",4,43.7311117445553,NA
10,"B",5,58.4389805864764,NA
