"Order","Group","GroupOrder","Height","Identifier"
1,"A",1,70.4834744484261,NA
2,"A",2,21.5443469003188,"Value2"
3,"A",3,80.1841866713401,NA
4,"A",4,73.2287814619311,NA
5,"A",5,60.12876414181,NA
6,"B",1,8.06874188751003,NA
7,"B",2,17.7827941003892,"Value1"
8,"B",3,15.0542383605915,NA
9,"B",4,76.335348390019,NA
10,"B",5,24.5002643236078,NA
