"Order","Group","GroupOrder","Height","Identifier"
1,"A",1,34.2812424670567,NA
2,"A",2,14.6779926762207,"Value2"
3,"A",3,32.1215821918116,NA
4,"A",4,14.3052718184211,NA
5,"A",5,27.0354459884591,NA
6,"B",1,24.6928328733732,NA
7,"B",2,10,"Value1"
8,"B",3,62.7441656451467,NA
9,"B",4,56.2307004952476,NA
10,"B",5,78.1722745298481,NA
