"Order","Group","GroupOrder","Height","Identifier"
1,"A",1,75.784311208163,NA
2,"A",2,14.6779926762207,"Value2"
3,"A",3,63.9755669128004,NA
4,"A",4,48.7258123987764,NA
5,"A",5,35.5077667411552,NA
6,"B",1,43.5058911843167,NA
7,"B",2,10,"Value1"
8,"B",3,42.1871137509679,NA
9,"B",4,87.9332566019685,NA
10,"B",5,13.9601618733533,NA
