"Order","Group","GroupOrder","Height","Identifier"
1,"A",1,50.2596054840059,NA
2,"A",2,56.2341325190349,"Value2"
3,"A",3,58.8861050637001,NA
4,"A",4,88.6936149470771,NA
5,"A",5,55.2441539737543,NA
6,"B",1,32.5973284150849,NA
7,"B",2,31.6227766016838,"Value1"
8,"B",3,50.9958422370431,NA
9,"B",4,72.4047646873706,NA
10,"B",5,78.6929620809958,NA
