"Order","Group","GroupOrder","Height","Identifier"
1,"A",1,72.4355369144862,NA
2,"A",2,38.3118684955729,"Value2"
3,"A",3,85.15315481232,NA
4,"A",4,58.490423123282,NA
5,"A",5,64.3762387670545,NA
6,"B",1,75.0392239489274,NA
7,"B",2,31.6227766016838,"Value1"
8,"B",3,45.6948148991206,NA
9,"B",4,76.7332124784016,NA
10,"B",5,39.7862305667678,NA
