"Order","Group","GroupOrder","Height","Identifier"
1,"A",1,36.4067403128218,NA
2,"A",2,21.5443469003188,"Value2"
3,"A",3,82.3866965973561,NA
4,"A",4,54.4198453510505,NA
5,"A",5,38.7694597761171,NA
6,"B",1,80.121982359274,NA
7,"B",2,17.7827941003892,"Value1"
8,"B",3,61.9988242704788,NA
9,"B",4,20.4787644899119,NA
10,"B",5,34.8504704132709,NA
