"Order","Group","GroupOrder","Height","Identifier"
1,"A",1,57.9426602508038,NA
2,"A",2,12.1152765862859,"Value1"
3,"A",3,53.1376672751566,NA
4,"A",4,63.9282194726823,NA
5,"A",5,69.3502703802864,NA
6,"B",1,65.2650749362134,NA
7,"B",2,46.4158883361278,"Value2"
8,"B",3,92.6153653940128,NA
9,"B",4,45.061269862824,NA
10,"B",5,51.772934090097,NA
