"Order","Group","GroupOrder","Height","Identifier"
1,"A",1,43.3598247321271,NA
2,"A",2,38.3118684955729,"Value2"
3,"A",3,88.6771261874407,NA
4,"A",4,42.9276316681413,NA
5,"A",5,47.4170322880788,NA
6,"B",1,68.964686209171,NA
7,"B",2,14.6779926762207,"Value1"
8,"B",3,45.9913037981743,NA
9,"B",4,39.6386673283329,NA
10,"B",5,57.2653062863526,NA
