"Order","Group","GroupOrder","Height","Identifier","IDchr"
1,"A",1,95.9605033606637,"random",""
2,"A",2,12.1152765862859,"v1","▲"
3,"A",3,69.4358347067944,"random",""
4,"A",4,39.6336274791043,"random",""
5,"A",5,72.8711163876476,"random",""
6,"B",1,87.3463650218837,"random",""
7,"B",2,17.7827941003892,"v2","●"
8,"B",3,10.3228670429296,"random",""
9,"B",4,25.6732385955396,"random",""
10,"B",5,46.7567049001142,"random",""
