"Order","Group","GroupOrder","Height","Identifier"
1,"A",1,70.4043571771934,NA
2,"A",2,31.6227766016838,"Value1"
3,"A",3,38.3118684955729,"Value2"
4,"A",4,23.8382397934683,NA
5,"A",5,63.2753206556977,NA
6,"B",1,18.3724238027019,NA
7,"B",2,36.240659937878,NA
8,"B",3,57.8855251626645,NA
9,"B",4,69.4278691805616,NA
10,"B",5,18.8704798307967,NA
