"Order","Group","GroupOrder","Height","Identifier"
1,"A",1,80.5395162105325,NA
2,"A",2,17.7827941003892,"Value1"
3,"A",3,21.5443469003188,"Value2"
4,"A",4,31.8314462509945,NA
5,"A",5,64.3653858287665,NA
6,"B",1,14.2821089711027,NA
7,"B",2,91.2482489863897,NA
8,"B",3,40.3890362158747,NA
9,"B",4,30.9409262397071,NA
10,"B",5,31.625798551955,NA
