"Order","Group","GroupOrder","Height","Identifier"
1,"A",1,28.1251724806344,NA
2,"A",2,17.7827941003892,"Value1"
3,"A",3,26.1015721568254,"Value2"
4,"A",4,48.5454320033064,NA
5,"A",5,12.8177037888935,NA
6,"B",1,31.343024608405,NA
7,"B",2,46.1368666858083,NA
8,"B",3,30.2724590024459,NA
9,"B",4,33.8124312790566,NA
10,"B",5,12.2503199909886,NA
