"Order","Group","GroupOrder","Height","Identifier"
1,"A",1,34.7934662861018,NA
2,"A",2,14.6779926762207,"Value2"
3,"A",3,10,"Value1"
4,"A",4,36.8381908797821,NA
5,"A",5,55.5883516061218,NA
6,"B",1,52.1879249278095,NA
7,"B",2,32.9789487721679,NA
8,"B",3,50.7391104777836,NA
9,"B",4,22.8750744417452,NA
10,"B",5,75.3386044230755,NA
