"Order","Group","GroupOrder","Height","Identifier"
1,"A",1,12.8494189964046,NA
2,"A",2,31.6227766016838,"Value1"
3,"A",3,56.2341325190349,"Value2"
4,"A",4,71.4307287026553,NA
5,"A",5,75.9132308532673,NA
6,"B",1,40.0115736542172,NA
7,"B",2,30.2786092563411,NA
8,"B",3,87.4790966313326,NA
9,"B",4,27.8976109174422,NA
10,"B",5,32.3080619817765,NA
