"Order","Group","GroupOrder","Height","Identifier"
1,"A",1,69.3370797067692,NA
2,"A",2,87.4850075990727,NA
3,"A",3,36.6462481181321,NA
4,"A",4,48.9534577111031,NA
5,"A",5,83.0967711916442,NA
6,"B",1,14.67168,"Newbar"
7,"B",2,53.6578816184398,NA
8,"B",3,49.3479035052718,NA
9,"B",4,31.62,"Target"
10,"B",5,58.3282610830224,NA
