"Order","Group","GroupOrder","Height","Identifier"
1,"A",1,25.9722554696891,NA
2,"A",2,38.5893667365375,NA
3,"A",3,93.384893848536,NA
4,"A",4,88.9426570462389,NA
5,"A",5,36.2483744611226,NA
6,"B",1,26.1,"Target"
7,"B",2,27.2298971314792,NA
8,"B",3,59.7114241643563,NA
9,"B",4,12.1104,"Newbar"
10,"B",5,21.0661267774454,NA
