"Order","Group","GroupOrder","Height","Identifier"
1,"A",1,89.6819588280825,NA
2,"A",2,85.2892241328,NA
3,"A",3,21.5500680239965,NA
4,"A",4,16.8090814197249,NA
5,"A",5,24.6507924671084,NA
6,"B",1,86.4725436301627,NA
7,"B",2,17.7741,"Newbar"
8,"B",3,62.304173479993,NA
9,"B",4,26.1,"Target"
10,"B",5,41.488517425364,NA
