"Order","Group","GroupOrder","Height","Identifier"
1,"A",1,75.6900505979981,NA
2,"A",2,2.57088664495921,NA
3,"A",3,44.2053195006865,NA
4,"A",4,25.6357376635753,NA
5,"A",5,1.1496969824313,NA
6,"B",1,20.4974073858587,NA
7,"B",2,10,"Target"
8,"B",3,6.81,"Newbar"
9,"B",4,94.1001981436323,NA
10,"B",5,58.4445474980704,NA
