"Order","Group","GroupOrder","Height","Identifier"
1,"A",1,8.26276,"Newbar"
2,"A",2,80.0819696508435,NA
3,"A",3,9.62253726636794,NA
4,"A",4,46.42,"Target"
5,"A",5,76.0146532794444,NA
6,"B",1,74.8466113367292,NA
7,"B",2,19.3303202781093,NA
8,"B",3,36.375236987036,NA
9,"B",4,64.5244128109934,NA
10,"B",5,46.6956879431075,NA
