"Order","Group","GroupOrder","Height","Identifier"
1,"A",1,38.31,"Target"
2,"A",2,37.3057157470592,NA
3,"A",3,41.669317558894,NA
4,"A",4,37.6333587078759,NA
5,"A",5,5.49765073195658,NA
6,"B",1,30.507828154875,NA
7,"B",2,17.77584,"Newbar"
8,"B",3,33.2756310132411,NA
9,"B",4,15.0389301668286,NA
10,"B",5,2.60633108412564,NA
