"Order","Group","GroupOrder","Height","Identifier"
1,"A",1,41.0212276299131,NA
2,"A",2,56.23,"Value2"
3,"A",3,21.54,"Value1"
4,"A",4,51.9176289330802,NA
5,"A",5,54.6959249877763,NA
6,"B",1,83.3023173480021,NA
7,"B",2,29.046641668414,NA
8,"B",3,23.7816771446022,NA
9,"B",4,68.4424690473277,NA
10,"B",5,47.9620171538839,NA
