"Order","Group","GroupOrder","Height","Identifier"
1,"A",1,66.0070599764773,NA
2,"A",2,38.31,"Value1"
3,"A",3,85.191835708481,NA
4,"A",4,35.3583119890374,NA
5,"A",5,14.9612220405329,NA
6,"B",1,45.0617959363569,NA
7,"B",2,21.54,"Value2"
8,"B",3,34.3268825921563,NA
9,"B",4,30.2087912671615,NA
10,"B",5,66.5706206340609,NA
