"Order","Group","GroupOrder","Height","Identifier"
1,"A",1,71.4432381807172,NA
2,"A",2,26.1,"Value2"
3,"A",3,66.8825601468043,NA
4,"A",4,23.4243498957742,NA
5,"A",5,20.582546936909,NA
6,"B",1,18.8534387938995,NA
7,"B",2,17.78,"Value1"
8,"B",3,58.5211872969991,NA
9,"B",4,34.7244534717797,NA
10,"B",5,25.0778183164866,NA
