"Order","Group","GroupOrder","Height","Identifier"
1,"A",1,24.4487130406086,NA
2,"A",2,31.62,"Value2"
3,"A",3,60.1187993955551,NA
4,"A",4,53.4647677796726,NA
5,"A",5,26.3648445167196,NA
6,"B",1,16.9021296512201,NA
7,"B",2,26.1,"Value1"
8,"B",3,36.5142691719799,NA
9,"B",4,61.1241355440311,NA
10,"B",5,18.1996260959407,NA
