"Order","Group","GroupOrder","Height","Identifier"
1,"A",1,75.2232566444024,NA
2,"A",2,14.68,"Value1"
3,"A",3,48.1362884728627,NA
4,"A",4,89.9581121030184,NA
5,"A",5,60.5893298236026,NA
6,"B",1,71.7927445833125,NA
7,"B",2,38.31,"Value2"
8,"B",3,31.9866244775757,NA
9,"B",4,50.559660800805,NA
10,"B",5,65.7768142721441,NA
