"Order","Group","GroupOrder","Height","Identifier"
1,"A",1,42.667491942795,NA
2,"A",2,12.12,"Value2"
3,"A",3,26.3807585592904,NA
4,"A",4,34.2384650717737,NA
5,"A",5,79.8133749196089,NA
6,"B",1,22.057016621476,NA
7,"B",2,46.42,"Value1"
8,"B",3,76.7183134745766,NA
9,"B",4,47.364930053216,NA
10,"B",5,56.7195916016553,NA
