"Order","Group","GroupOrder","Height","Identifier"
1,"A",1,44.5648160870303,NA
2,"A",2,75.4372172634172,NA
3,"A",3,68.0151577972195,NA
4,"A",4,54.2179129235071,NA
5,"A",5,68.3996256308934,NA
6,"B",1,54.023027551984,NA
7,"B",2,76.2363868538411,NA
8,"B",3,6.81918,"Newbar"
9,"B",4,60.9066610294735,NA
10,"B",5,38.31,"Target"
