"Order","Group","GroupOrder","Height","Identifier"
1,"A",1,65.4845582220394,NA
2,"A",2,14.68,"Value2"
3,"A",3,69.9081366029263,NA
4,"A",4,69.6914166741733,NA
5,"A",5,91.9453626694149,NA
6,"B",1,57.0703990416848,NA
7,"B",2,56.23,"Value1"
8,"B",3,91.6455211476843,NA
9,"B",4,42.4894518049701,NA
10,"B",5,58.6789779927284,NA
