"Order","Group","GroupOrder","Height","Identifier"
1,"A",1,46.0359962823243,NA
2,"A",2,39.1574398030101,NA
3,"A",3,74.1884020100436,NA
4,"A",4,66.8227044248426,NA
5,"A",5,54.2983230906077,NA
6,"B",1,59.2986292668262,NA
7,"B",2,46.38975,"Newbar"
8,"B",3,56.23,"Target"
9,"B",4,65.5182962831134,NA
10,"B",5,7.4025209737531,NA
