"Order","Group","GroupOrder","Height","Identifier"
1,"A",1,59.0178798207679,NA
2,"A",2,46.42,"Value1"
3,"A",3,67.3859182525484,NA
4,"A",4,79.7107936160605,NA
5,"A",5,23.9187282692373,NA
6,"B",1,20.3488276899213,NA
7,"B",2,14.68,"Value2"
8,"B",3,29.5630238963008,NA
9,"B",4,65.1222642124793,NA
10,"B",5,14.2420266535488,NA
