"Order","Group","GroupOrder","Height","Identifier"
1,"A",1,56.737469742831,NA
2,"A",2,62.8136519291042,NA
3,"A",3,87.2151988310246,NA
4,"A",4,14.67603,"Newbar"
5,"A",5,56.23,"Target"
6,"B",1,75.0040222706723,NA
7,"B",2,21.8763461374046,NA
8,"B",3,28.925266762091,NA
9,"B",4,38.8405929505708,NA
10,"B",5,52.8733645431226,NA
