"Order","Group","GroupOrder","Height","Identifier"
1,"A",1,41.3876628445131,NA
2,"A",2,10,"Value2"
3,"A",3,53.2664651411001,NA
4,"A",4,39.4741865472793,NA
5,"A",5,53.8018930345327,NA
6,"B",1,24.9311923986185,NA
7,"B",2,46.42,"Value1"
8,"B",3,22.456813488797,NA
9,"B",4,30.2152357729897,NA
10,"B",5,22.7188644493246,NA
