"Order","Group","GroupOrder","Height","Identifier"
1,"A",1,44.4019576792384,NA
2,"A",2,21.54,"Value2"
3,"A",3,31.62,"Value1"
4,"A",4,32.3013753152533,NA
5,"A",5,21.5757015506837,NA
6,"B",1,45.1560157596277,NA
7,"B",2,69.2808835155449,NA
8,"B",3,70.0446595071632,NA
9,"B",4,45.9499080809057,NA
10,"B",5,43.6505035507984,NA
