"Order","Group","GroupOrder","Height","Identifier"
1,"A",1,92.6443078484939,NA
2,"A",2,10,"Value1"
3,"A",3,67.2189894672658,NA
4,"A",4,48.0362499448745,NA
5,"A",5,72.5567402828512,NA
6,"B",1,17.318804825762,NA
7,"B",2,12.12,"Value2"
8,"B",3,39.9153385301048,NA
9,"B",4,35.7600687880251,NA
10,"B",5,10.5612347658425,NA
