"Order","Group","GroupOrder","Height","Identifier"
1,"A",1,69.5731394569846,NA
2,"A",2,21.54,"Value1"
3,"A",3,36.0704852290784,NA
4,"A",4,54.068716618281,NA
5,"A",5,68.2382215728268,NA
6,"B",1,66.5260455692174,NA
7,"B",2,46.42,"Value2"
8,"B",3,27.2093907545535,NA
9,"B",4,48.4178557183962,NA
10,"B",5,42.5292809184597,NA
