"Order","Group","GroupOrder","Height","Identifier"
1,"A",1,65.245384113742,NA
2,"A",2,51.8608832726649,NA
3,"A",3,37.9309051004996,NA
4,"A",4,53.6374946457673,NA
5,"A",5,4.64,"Newbar"
6,"B",1,10,"Target"
7,"B",2,74.9810624495398,NA
8,"B",3,25.1958536561321,NA
9,"B",4,31.2857530636833,NA
10,"B",5,82.8837095704303,NA
