"Order","Group","GroupOrder","Height","Identifier"
1,"A",1,22.7356546269572,NA
2,"A",2,54.4460722020808,NA
3,"A",3,14.6685,"Newbar"
4,"A",4,13.037241187446,NA
5,"A",5,28.807620896713,NA
6,"B",1,96.0075777169972,NA
7,"B",2,44.1728223964665,NA
8,"B",3,17.78,"Target"
9,"B",4,65.8997670517196,NA
10,"B",5,62.98900701914,NA
