"Order","Group","GroupOrder","Height","Identifier"
1,"A",1,2.84459275720411,NA
2,"A",2,38.31,"Value2"
3,"A",3,46.42,"Value1"
4,"A",4,44.4714837662187,NA
5,"A",5,51.4802417626054,NA
6,"B",1,4.13602348588914,NA
7,"B",2,29.1251043203961,NA
8,"B",3,81.6904878811603,NA
9,"B",4,81.783275596115,NA
10,"B",5,78.8535200761647,NA
