"Order","Group","GroupOrder","Height","Identifier"
1,"A",1,66.0357360519013,NA
2,"A",2,46.42,"Value1"
3,"A",3,17.78,"Value2"
4,"A",4,31.1700395761108,NA
5,"A",5,42.5559573668895,NA
6,"B",1,51.9080624375393,NA
7,"B",2,21.5923684326303,NA
8,"B",3,73.8628786080885,NA
9,"B",4,18.1299701494497,NA
10,"B",5,72.3779968023801,NA
