"Order","Group","GroupOrder","Height","Identifier"
1,"A",1,49.6453691036132,NA
2,"A",2,38.31,"Value1"
3,"A",3,26.5679415115095,NA
4,"A",4,59.926901191576,NA
5,"A",5,53.6679967381094,NA
6,"B",1,10.5609107120634,NA
7,"B",2,56.23,"Value2"
8,"B",3,88.0799110365605,NA
9,"B",4,31.9915822109064,NA
10,"B",5,51.7655882328059,NA
