"Order","Group","GroupOrder","Height","Identifier"
1,"A",1,12.111,"Newbar"
2,"A",2,50.3738417910811,NA
3,"A",3,82.1311004629369,NA
4,"A",4,14.68,"Target"
5,"A",5,78.3122461099564,NA
6,"B",1,74.6924162813252,NA
7,"B",2,71.4397845702984,NA
8,"B",3,35.562908814657,NA
9,"B",4,40.9160867511952,NA
10,"B",5,14.8049223541928,NA
