"Order","Group","GroupOrder","Height","Identifier"
1,"A",1,53.8850386912982,NA
2,"A",2,71.1168184779937,NA
3,"A",3,36.6740685602379,NA
4,"A",4,6.80974,"Newbar"
5,"A",5,17.78,"Target"
6,"B",1,61.1785467336668,NA
7,"B",2,20.7018139565443,NA
8,"B",3,46.2092480508852,NA
9,"B",4,33.8991546640316,NA
10,"B",5,66.7685961911775,NA
