"Order","Group","GroupOrder","Height","Identifier"
1,"A",1,83.7209533022918,NA
2,"A",2,17.78,"Value1"
3,"A",3,59.6973353011776,NA
4,"A",4,55.8113975269303,NA
5,"A",5,67.1624746152705,NA
6,"B",1,55.7408407348459,NA
7,"B",2,38.31,"Value2"
8,"B",3,72.2148954786831,NA
9,"B",4,38.679320997309,NA
10,"B",5,70.5217875189227,NA
