"Order","Group","GroupOrder","Height","Identifier"
1,"A",1,42.8777968125942,NA
2,"A",2,10,"Value2"
3,"A",3,79.1370004056688,NA
4,"A",4,69.1053052255978,NA
5,"A",5,42.5045192106106,NA
6,"B",1,60.9110898638019,NA
7,"B",2,12.12,"Value1"
8,"B",3,80.4829853364352,NA
9,"B",4,35.8995834549129,NA
10,"B",5,43.5773180209163,NA
