"Order","Group","GroupOrder","Height","Identifier"
1,"A",1,23.9356971180079,NA
2,"A",2,14.68,"Value2"
3,"A",3,26.1,"Value1"
4,"A",4,39.3303789172965,NA
5,"A",5,27.8539970417089,NA
6,"B",1,77.3125089753966,NA
7,"B",2,68.1459644088346,NA
8,"B",3,24.0098278776867,NA
9,"B",4,17.1269448162383,NA
10,"B",5,32.9918818427264,NA
