"Order","Group","GroupOrder","Height","Identifier"
1,"A",1,41.9255059956666,NA
2,"A",2,26.1,"Value1"
3,"A",3,21.54,"Value2"
4,"A",4,63.4451992093957,NA
5,"A",5,93.6857168245709,NA
6,"B",1,86.0039463163273,NA
7,"B",2,78.8342216466948,NA
8,"B",3,20.8234785711644,NA
9,"B",4,86.7863805813138,NA
10,"B",5,41.6775520875258,NA
