"Order","Group","GroupOrder","Height","Identifier"
1,"A",1,89.8157793613167,NA
2,"A",2,31.62,"Value1"
3,"A",3,64.7075609906812,NA
4,"A",4,87.6200370445054,NA
5,"A",5,72.490733365598,NA
6,"B",1,49.5446327930931,NA
7,"B",2,21.54,"Value2"
8,"B",3,7.09882310628924,NA
9,"B",4,46.8134128801359,NA
10,"B",5,71.7813639708775,NA
