"Order","Group","GroupOrder","Height","Identifier"
1,"A",1,42.776815448373,NA
2,"A",2,10,"Value2"
3,"A",3,79.4545064171815,NA
4,"A",4,59.4761537127766,NA
5,"A",5,10.3691680300363,NA
6,"B",1,78.0491066518703,NA
7,"B",2,31.62,"Value1"
8,"B",3,83.1611657004271,NA
9,"B",4,41.2723055853002,NA
10,"B",5,45.6711107594138,NA
