"Order","Group","GroupOrder","Height","Identifier"
1,"A",1,54.0505296882676,NA
2,"A",2,50.5064923641112,NA
3,"A",3,83.6770444324744,NA
4,"A",4,26.1,"Target"
5,"A",5,44.4899776268627,NA
6,"B",1,70.7552227204475,NA
7,"B",2,60.7380164925964,NA
8,"B",3,13.8279386450316,NA
9,"B",4,36.2058901351778,NA
10,"B",5,4.6458,"Newbar"
