"Order","Group","GroupOrder","Height","Identifier"
1,"A",1,60.2920468936612,NA
2,"A",2,46.42,"Value2"
3,"A",3,14.68,"Value1"
4,"A",4,10.0563916777878,NA
5,"A",5,21.8256670146557,NA
6,"B",1,88.7880503455242,NA
7,"B",2,66.5508810137198,NA
8,"B",3,61.6366739182394,NA
9,"B",4,46.9772854118325,NA
10,"B",5,38.6518735614527,NA
