"Order","Group","GroupOrder","Height","Identifier"
1,"A",1,47.1486991037324,NA
2,"A",2,56.2882140974147,NA
3,"A",3,42.6697351024497,NA
4,"A",4,68.5475138838061,NA
5,"A",5,65.6237849762177,NA
6,"B",1,38.31,"Target"
7,"B",2,62.208879166102,NA
8,"B",3,21.9590852936464,NA
9,"B",4,17.77584,"Newbar"
10,"B",5,47.5379176722566,NA
