"Order","Group","GroupOrder","Height","Identifier"
1,"A",1,56.0190234136924,NA
2,"A",2,12.12,"Value1"
3,"A",3,10,"Value2"
4,"A",4,63.3417288921593,NA
5,"A",5,52.4764440938518,NA
6,"B",1,62.3711788445364,NA
7,"B",2,39.8463101390947,NA
8,"B",3,53.4574157498181,NA
9,"B",4,26.74068328087,NA
10,"B",5,63.6108058872611,NA
