"Order","Group","GroupOrder","Height","Identifier"
1,"A",1,88.784966159819,NA
2,"A",2,10,"Target"
3,"A",3,8.25,"Newbar"
4,"A",4,39.0123276245076,NA
5,"A",5,23.3073939547532,NA
6,"B",1,96.3237563579556,NA
7,"B",2,42.6756909448913,NA
8,"B",3,74.2157538838781,NA
9,"B",4,53.1831036448109,NA
10,"B",5,62.8468283677149,NA
