"Order","Group","GroupOrder","Height","Identifier"
1,"A",1,54.8922527519006,NA
2,"A",2,10,"Value1"
3,"A",3,80.8714334409931,NA
4,"A",4,44.8655872543284,NA
5,"A",5,17.0263296832249,NA
6,"B",1,29.1303791927924,NA
7,"B",2,31.62,"Value2"
8,"B",3,51.4572715061636,NA
9,"B",4,83.5741348035814,NA
10,"B",5,34.3772893952614,NA
