"Order","Group","GroupOrder","Height","Identifier"
1,"A",1,31.60575,"Newbar"
2,"A",2,19.3762378095438,NA
3,"A",3,38.31,"Target"
4,"A",4,14.6692440004771,NA
5,"A",5,50.0342584620194,NA
6,"B",1,86.8221692738962,NA
7,"B",2,37.6356360138109,NA
8,"B",3,70.9948263193303,NA
9,"B",4,66.1083460302133,NA
10,"B",5,47.6193891153655,NA
