"Order","Group","GroupOrder","Height","Identifier"
1,"A",1,48.333445945951,NA
2,"A",2,38.31,"Value2"
3,"A",3,12.12,"Value1"
4,"A",4,81.5854728756908,NA
5,"A",5,30.9696217882429,NA
6,"B",1,71.8004126254187,NA
7,"B",2,24.3944323698331,NA
8,"B",3,51.0398215183645,NA
9,"B",4,76.1447319755523,NA
10,"B",5,56.2945088901731,NA
