"Order","Group","GroupOrder","Height","Identifier"
1,"A",1,31.4788514219691,NA
2,"A",2,39.4097315878118,NA
3,"A",3,46.42,"Target"
4,"A",4,63.4062100629816,NA
5,"A",5,26.08804,"Newbar"
6,"B",1,27.7180849402509,NA
7,"B",2,63.4880962837873,NA
8,"B",3,34.1431232754525,NA
9,"B",4,81.3334940292288,NA
10,"B",5,36.9894902984365,NA
