"Order","Group","GroupOrder","Height","Identifier"
1,"A",1,70.1063019903836,NA
2,"A",2,47.6248704189296,NA
3,"A",3,69.7811475344144,NA
4,"A",4,59.7354098241624,NA
5,"A",5,17.78,"Target"
6,"B",1,80.4207393803379,NA
7,"B",2,3.16484,"Newbar"
8,"B",3,25.6965784900265,NA
9,"B",4,37.4392816817746,NA
10,"B",5,60.9938223445753,NA
