"Order","Group","GroupOrder","Height","Identifier"
1,"A",1,36.0175028302211,NA
2,"A",2,56.23,"Value2"
3,"A",3,54.4610604231316,NA
4,"A",4,63.4306452117705,NA
5,"A",5,48.5755612790222,NA
6,"B",1,8.68484508747626,NA
7,"B",2,31.62,"Value1"
8,"B",3,45.3163358548155,NA
9,"B",4,16.6562505053042,NA
10,"B",5,54.3627461595515,NA
