"Order","Group","GroupOrder","Height","Identifier"
1,"A",1,38.31,"Target"
2,"A",2,64.2747464982756,NA
3,"A",3,68.3771761166773,NA
4,"A",4,64.6754566837317,NA
5,"A",5,79.6129083937772,NA
6,"B",1,52.8002090112755,NA
7,"B",2,14.67273,"Newbar"
8,"B",3,69.3673662411917,NA
9,"B",4,38.5922030245071,NA
10,"B",5,52.7022679424702,NA
