"Order","Group","GroupOrder","Height","Identifier"
1,"A",1,34.1322970100156,NA
2,"A",2,46.42,"Value1"
3,"A",3,21.54,"Value2"
4,"A",4,80.7910443303842,NA
5,"A",5,80.4011497549445,NA
6,"B",1,47.095411795124,NA
7,"B",2,47.435824982505,NA
8,"B",3,61.6781253807082,NA
9,"B",4,86.9371535668207,NA
10,"B",5,36.1372135225811,NA
