"Order","Group","GroupOrder","Height","Identifier"
1,"A",1,68.7225338093135,NA
2,"A",2,14.68,"Value2"
3,"A",3,56.23,"Value1"
4,"A",4,42.3161370658014,NA
5,"A",5,46.8030206899054,NA
6,"B",1,25.6075386918895,NA
7,"B",2,60.3209739918356,NA
8,"B",3,79.5689290145313,NA
9,"B",4,72.127252257156,NA
10,"B",5,30.7653357936461,NA
