"Order","Group","GroupOrder","Height","Identifier"
1,"A",1,75.1905865456057,NA
2,"A",2,12.12,"Value1"
3,"A",3,56.23,"Value2"
4,"A",4,72.9684844945517,NA
5,"A",5,64.5308961271266,NA
6,"B",1,41.0888515487722,NA
7,"B",2,86.9412905364666,NA
8,"B",3,59.9495219246476,NA
9,"B",4,49.8576345251119,NA
10,"B",5,56.476398183191,NA
