"Order","Group","GroupOrder","Height","Identifier"
1,"A",1,41.2812854454414,NA
2,"A",2,38.31,"Value2"
3,"A",3,17.78,"Value1"
4,"A",4,34.85578206373,NA
5,"A",5,91.7337806571986,NA
6,"B",1,22.8067585054939,NA
7,"B",2,6.68910587262957,NA
8,"B",3,80.2144428300088,NA
9,"B",4,67.4114318055418,NA
10,"B",5,54.4713221427605,NA
