"Order","Group","GroupOrder","Height","Identifier"
1,"A",1,49.3674447744961,NA
2,"A",2,18.8527202268451,NA
3,"A",3,80.2891597668339,NA
4,"A",4,62.0823163708499,NA
5,"A",5,61.4654425669672,NA
6,"B",1,21.54,"Target"
7,"B",2,77.1858039657533,NA
8,"B",3,30.6626608502083,NA
9,"B",4,9.99456,"Newbar"
10,"B",5,38.378302009359,NA
