"Order","Group","GroupOrder","Height","Identifier"
1,"A",1,64.9548160801322,NA
2,"A",2,38.2965,"Newbar"
3,"A",3,35.5211383189183,NA
4,"A",4,51.3116581846622,NA
5,"A",5,52.3302073815656,NA
6,"B",1,15.6480317822522,NA
7,"B",2,58.8634634710524,NA
8,"B",3,46.42,"Target"
9,"B",4,22.4057952957998,NA
10,"B",5,72.4928448027587,NA
