"Order","Group","GroupOrder","Height","Identifier"
1,"A",1,38.9787421563312,NA
2,"A",2,12.12,"Value1"
3,"A",3,37.5396558010855,NA
4,"A",4,50.1076562237135,NA
5,"A",5,69.4139480366886,NA
6,"B",1,43.7064102238953,NA
7,"B",2,38.31,"Value2"
8,"B",3,88.9332491070785,NA
9,"B",4,46.0213699795571,NA
10,"B",5,74.1714374668893,NA
