"Order","Group","GroupOrder","Height","Identifier"
1,"A",1,31.60126,"Newbar"
2,"A",2,48.6216138740376,NA
3,"A",3,95.8218721300829,NA
4,"A",4,62.5833241997155,NA
5,"A",5,32.3548377242143,NA
6,"B",1,56.23,"Target"
7,"B",2,46.4890440864634,NA
8,"B",3,44.340250969578,NA
9,"B",4,57.161356452633,NA
10,"B",5,37.3841203497585,NA
