"Order","Group","GroupOrder","Height","Identifier"
1,"A",1,49.26379153628,NA
2,"A",2,21.54,"Value1"
3,"A",3,38.31,"Value2"
4,"A",4,31.9441706337101,NA
5,"A",5,56.9065640502811,NA
6,"B",1,74.6503863938152,NA
7,"B",2,86.6181325870945,NA
8,"B",3,66.4278691478027,NA
9,"B",4,5.9448364542352,NA
10,"B",5,62.1463395838861,NA
