"Order","Group","GroupOrder","Height","Identifier"
1,"A",1,38.6686126329296,NA
2,"A",2,69.7354877628222,NA
3,"A",3,3.16332,"Newbar"
4,"A",4,62.4424118174811,NA
5,"A",5,12.12,"Target"
6,"B",1,49.1990020607248,NA
7,"B",2,58.3178170336575,NA
8,"B",3,43.3790727255706,NA
9,"B",4,46.278566505557,NA
10,"B",5,84.4223657514949,NA
