"Order","Group","GroupOrder","Height","Identifier"
1,"A",1,91.5021568131289,NA
2,"A",2,38.31,"Value2"
3,"A",3,31.62,"Value1"
4,"A",4,79.0576407089169,NA
5,"A",5,33.0554250852707,NA
6,"B",1,81.4355468401377,NA
7,"B",2,78.2911040512045,NA
8,"B",3,71.0143636405193,NA
9,"B",4,58.7003436506159,NA
10,"B",5,20.8531890050021,NA
