"Order","Group","GroupOrder","Height","Identifier"
1,"A",1,34.2408798063375,NA
2,"A",2,56.23,"Value2"
3,"A",3,38.31,"Value1"
4,"A",4,17.8410622849373,NA
5,"A",5,57.3120559970705,NA
6,"B",1,44.7495709450274,NA
7,"B",2,25.6520850954338,NA
8,"B",3,44.5203577819486,NA
9,"B",4,43.9054475038206,NA
10,"B",5,71.7350832113798,NA
