"Order","Group","GroupOrder","Height","Identifier"
1,"A",1,56.5612134619945,NA
2,"A",2,14.68,"Value1"
3,"A",3,12.3647200886379,NA
4,"A",4,47.1758417527005,NA
5,"A",5,47.0087855003057,NA
6,"B",1,71.3547612719477,NA
7,"B",2,21.54,"Value2"
8,"B",3,82.1053278691314,NA
9,"B",4,21.5394290373061,NA
10,"B",5,51.5996825423481,NA
