"Order","Group","GroupOrder","Height","Identifier"
1,"A",1,53.4894497411505,NA
2,"A",2,57.5950821906665,NA
3,"A",3,72.1047289586121,NA
4,"A",4,24.3634456285933,NA
5,"A",5,37.417580137942,NA
6,"B",1,12.111,"Newbar"
7,"B",2,14.68,"Target"
8,"B",3,66.1543465868519,NA
9,"B",4,66.1429690122202,NA
10,"B",5,66.8298377397965,NA
