"Order","Group","GroupOrder","Height","Identifier"
1,"A",1,29.4311258546004,NA
2,"A",2,46.42,"Target"
3,"A",3,13.2562286960981,NA
4,"A",4,31.718529814878,NA
5,"A",5,21.53888,"Newbar"
6,"B",1,23.3799989734001,NA
7,"B",2,20.2782072625724,NA
8,"B",3,65.696638249311,NA
9,"B",4,36.5578217713008,NA
10,"B",5,25.356209476539,NA
