"Order","Group","GroupOrder","Height","Identifier"
1,"A",1,56.0122842503098,NA
2,"A",2,31.62,"Value2"
3,"A",3,14.68,"Value1"
4,"A",4,65.3496966798755,NA
5,"A",5,26.650037766647,NA
6,"B",1,48.6014092483945,NA
7,"B",2,78.3665814776018,NA
8,"B",3,69.765010773785,NA
9,"B",4,86.0824633474298,NA
10,"B",5,47.8544877057397,NA
