"Order","Group","GroupOrder","Height","Identifier"
1,"A",1,17.78,"Target"
2,"A",2,81.7624067446223,NA
3,"A",3,55.5267342700917,NA
4,"A",4,14.6685,"Newbar"
5,"A",5,48.5355763427122,NA
6,"B",1,25.3774618404676,NA
7,"B",2,84.0969336076225,NA
8,"B",3,60.3917972173756,NA
9,"B",4,79.3222052413101,NA
10,"B",5,55.2011754974809,NA
