"Order","Group","GroupOrder","Height","Identifier"
1,"A",1,37.7859030419749,NA
2,"A",2,21.54,"Value2"
3,"A",3,12.12,"Value1"
4,"A",4,17.1535515109595,NA
5,"A",5,66.5413778479704,NA
6,"B",1,15.0880128286595,NA
7,"B",2,22.5239165256681,NA
8,"B",3,42.5783258035444,NA
9,"B",4,74.2511135559198,NA
10,"B",5,26.431237502046,NA
