"Order","Group","GroupOrder","Height","Identifier"
1,"A",1,34.9112331149613,NA
2,"A",2,12.12,"Target"
3,"A",3,20.4211599979708,NA
4,"A",4,38.6645317398632,NA
5,"A",5,49.9395246923528,NA
6,"B",1,3.16332,"Newbar"
7,"B",2,27.6801161417477,NA
8,"B",3,34.7360542787912,NA
9,"B",4,47.9936590809795,NA
10,"B",5,26.6153771598395,NA
