"Order","Group","GroupOrder","Height","Identifier"
1,"A",1,35.163307896734,NA
2,"A",2,21.5325,"Newbar"
3,"A",3,76.0946491537342,NA
4,"A",4,46.5298238682519,NA
5,"A",5,73.5720464442049,NA
6,"B",1,24.9664562813337,NA
7,"B",2,20.150273213069,NA
8,"B",3,26.1,"Target"
9,"B",4,45.5194809768878,NA
10,"B",5,51.7111160483791,NA
