"Order","Group","GroupOrder","Height","Identifier"
1,"A",1,87.3096318029857,NA
2,"A",2,39.0447066552463,NA
3,"A",3,3.6436223380918,NA
4,"A",4,51.4239488110097,NA
5,"A",5,93.6119309936057,NA
6,"B",1,15.6395064214044,NA
7,"B",2,60.4923446823612,NA
8,"B",3,31.60575,"Newbar"
9,"B",4,38.31,"Target"
10,"B",5,82.4978551595039,NA
