"Order","Group","GroupOrder","Height","Identifier"
1,"A",1,49.1392284957393,NA
2,"A",2,47.33190971953,NA
3,"A",3,10,"Target"
4,"A",4,67.3734866484514,NA
5,"A",5,40.9938164128161,NA
6,"B",1,77.581457361394,NA
7,"B",2,4.64,"Newbar"
8,"B",3,56.6376201449074,NA
9,"B",4,13.2542957108655,NA
10,"B",5,58.9123987707951,NA
