"Order","Group","GroupOrder","Height","Identifier"
1,"A",1,39.8708404105603,NA
2,"A",2,64.588752614253,NA
3,"A",3,5.62368,"Newbar"
4,"A",4,42.5498579198765,NA
5,"A",5,83.7775107381012,NA
6,"B",1,31.9579154803825,NA
7,"B",2,42.876719297672,NA
8,"B",3,88.9470838288861,NA
9,"B",4,22.3419370275691,NA
10,"B",5,12.12,"Target"
