"Order","Group","GroupOrder","Height","Identifier"
1,"A",1,66.4532093006682,NA
2,"A",2,51.4945122379499,NA
3,"A",3,6.81144,"Newbar"
4,"A",4,78.835762577696,NA
5,"A",5,12.12,"Target"
6,"B",1,28.1090593658365,NA
7,"B",2,51.63426968603,NA
8,"B",3,45.3930747307489,NA
9,"B",4,33.4502041034037,NA
10,"B",5,18.7917165642876,NA
