"Order","Group","GroupOrder","Height","Identifier"
1,"A",1,63.8145489268439,NA
2,"A",2,31.62,"Value2"
3,"A",3,60.3367709490373,NA
4,"A",4,55.6330313352635,NA
5,"A",5,33.136589556464,NA
6,"B",1,62.131502998478,NA
7,"B",2,46.42,"Value1"
8,"B",3,56.2079277043662,NA
9,"B",4,54.7224858156983,NA
10,"B",5,12.4378897999803,NA
