"Order","Group","GroupOrder","Height","Identifier"
1,"A",1,32.8808624586373,NA
2,"A",2,47.8681322935735,NA
3,"A",3,54.1852362029945,NA
4,"A",4,21.54,"Target"
5,"A",5,8.24982,"Newbar"
6,"B",1,12.2394370947974,NA
7,"B",2,30.8000432246838,NA
8,"B",3,10.6916785428953,NA
9,"B",4,38.2882537573422,NA
10,"B",5,15.7315334280716,NA
