"Order","Group","GroupOrder","Height","Identifier"
1,"A",1,26.6683360789056,NA
2,"A",2,31.62,"Value1"
3,"A",3,10,"Value2"
4,"A",4,89.091955465748,NA
5,"A",5,45.6316568205945,NA
6,"B",1,12.1504039513064,NA
7,"B",2,67.1876507258627,NA
8,"B",3,59.2537260393833,NA
9,"B",4,38.8772509705673,NA
10,"B",5,21.6698168119715,NA
