"Order","Group","GroupOrder","Height","Identifier"
1,"A",1,34.6044359966645,NA
2,"A",2,46.42,"Value1"
3,"A",3,12.12,"Value2"
4,"A",4,84.0628466962134,NA
5,"A",5,81.5136173143329,NA
6,"B",1,65.3558891695926,NA
7,"B",2,29.7841134874511,NA
8,"B",3,52.0848570725746,NA
9,"B",4,64.0794539784616,NA
10,"B",5,75.9708610291778,NA
