"Order","Group","GroupOrder","Height","Identifier"
1,"A",1,60.851054903271,NA
2,"A",2,26.1,"Value1"
3,"A",3,58.4358519111184,NA
4,"A",4,45.8813691011455,NA
5,"A",5,70.6422542327095,NA
6,"B",1,82.4083061910194,NA
7,"B",2,14.68,"Value2"
8,"B",3,60.1199902947283,NA
9,"B",4,11.2904090001511,NA
10,"B",5,51.6369308957893,NA
