"Order","Group","GroupOrder","Height","Identifier"
1,"A",1,11.4111291473397,NA
2,"A",2,21.54,"Value1"
3,"A",3,24.4999084993018,NA
4,"A",4,32.5035395075879,NA
5,"A",5,56.9013076996525,NA
6,"B",1,73.0626819546106,NA
7,"B",2,26.1,"Value2"
8,"B",3,52.0881435457928,NA
9,"B",4,64.8620886131817,NA
10,"B",5,48.4639803454179,NA
