"Order","Group","GroupOrder","Height","Identifier"
1,"A",1,10.4656542622145,NA
2,"A",2,33.0848314361236,NA
3,"A",3,38.291935467542,NA
4,"A",4,21.54,"Target"
5,"A",5,18.2111287908854,NA
6,"B",1,73.4080823515731,NA
7,"B",2,43.1229496710967,NA
8,"B",3,8.24982,"Newbar"
9,"B",4,44.3236372631957,NA
10,"B",5,81.0689849781573,NA
