"Order","Group","GroupOrder","Height","Identifier"
1,"A",1,30.2003651904042,NA
2,"A",2,10,"Value1"
3,"A",3,31.62,"Value2"
4,"A",4,68.9977313540074,NA
5,"A",5,53.0484606666458,NA
6,"B",1,40.8714050796193,NA
7,"B",2,78.9081951237397,NA
8,"B",3,53.4846458084966,NA
9,"B",4,28.4816820212182,NA
10,"B",5,34.2158857879806,NA
