"Order","Group","GroupOrder","Height","Identifier"
1,"A",1,31.62,"Target"
2,"A",2,46.6338396970739,NA
3,"A",3,58.6676868721416,NA
4,"A",4,38.3963216818839,NA
5,"A",5,5.62836,"Newbar"
6,"B",1,35.4786081316052,NA
7,"B",2,91.8481285494737,NA
8,"B",3,61.372085033119,NA
9,"B",4,33.8366637275689,NA
10,"B",5,62.1667914297404,NA
