"Order","Group","GroupOrder","Height","Identifier"
1,"A",1,17.8871176420353,NA
2,"A",2,26.1,"Value1"
3,"A",3,40.6319855854101,NA
4,"A",4,52.0602012212715,NA
5,"A",5,67.0512920655207,NA
6,"B",1,41.9916765214455,NA
7,"B",2,56.23,"Value2"
8,"B",3,16.9299177757705,NA
9,"B",4,26.1891611237995,NA
10,"B",5,78.9479541308781,NA
