"Order","Group","GroupOrder","Height","Identifier"
1,"A",1,17.6225136646405,NA
2,"A",2,59.3553078934362,NA
3,"A",3,40.1839139987929,NA
4,"A",4,8.26276,"Newbar"
5,"A",5,40.5516629922284,NA
6,"B",1,21.4325351454525,NA
7,"B",2,46.42,"Target"
8,"B",3,72.2477660139912,NA
9,"B",4,48.877144848545,NA
10,"B",5,71.4941562629164,NA
