"Order","Group","GroupOrder","Height","Identifier"
1,"A",1,22.097534586641,NA
2,"A",2,17.78,"Value2"
3,"A",3,12.12,"Value1"
4,"A",4,42.7647748515186,NA
5,"A",5,29.2825616260617,NA
6,"B",1,70.9950488674768,NA
7,"B",2,7.33374065584303,NA
8,"B",3,22.1598103692451,NA
9,"B",4,38.6933863802616,NA
10,"B",5,7.39730869683414,NA
