"Order","Group","GroupOrder","Height","Identifier"
1,"A",1,18.1524888038807,NA
2,"A",2,77.5173977636177,NA
3,"A",3,17.1092811487529,NA
4,"A",4,82.8719917560186,NA
5,"A",5,57.3047396904958,NA
6,"B",1,8.25,"Newbar"
7,"B",2,10,"Target"
8,"B",3,32.5038501498041,NA
9,"B",4,75.299139423519,NA
10,"B",5,70.506403482252,NA
