"Order","Group","GroupOrder","Height","Identifier"
1,"A",1,49.9587897406204,NA
2,"A",2,22.4742795424841,NA
3,"A",3,14.2267261458875,NA
4,"A",4,9.99236,"Newbar"
5,"A",5,86.6962542427075,NA
6,"B",1,13.8223319213643,NA
7,"B",2,48.5758324077186,NA
8,"B",3,23.7045230117345,NA
9,"B",4,17.78,"Target"
10,"B",5,15.2516750637338,NA
