"Order","Group","GroupOrder","Height","Identifier"
1,"A",1,52.1056790093952,NA
2,"A",2,20.4956049728879,NA
3,"A",3,66.7042074776161,NA
4,"A",4,62.775311849441,NA
5,"A",5,10,"Target"
6,"B",1,37.2326059698427,NA
7,"B",2,64.6391622228027,NA
8,"B",3,8.25,"Newbar"
9,"B",4,66.4122154743874,NA
10,"B",5,40.1908098114347,NA
