"Order","Group","GroupOrder","Height","Identifier"
1,"A",1,23.3842342678646,NA
2,"A",2,58.5973510893063,NA
3,"A",3,21.53888,"Newbar"
4,"A",4,44.3475277885161,NA
5,"A",5,46.42,"Target"
6,"B",1,44.0786648295386,NA
7,"B",2,53.6140250236582,NA
8,"B",3,34.8096530943853,NA
9,"B",4,53.8381422707866,NA
10,"B",5,21.3671093748067,NA
