"Order","Group","GroupOrder","Height","Identifier"
1,"A",1,6.82691746711366,NA
2,"A",2,10,"Value2"
3,"A",3,79.4369110663102,NA
4,"A",4,73.5836532386697,NA
5,"A",5,50.6899373190652,NA
6,"B",1,75.7882336198064,NA
7,"B",2,26.1,"Value1"
8,"B",3,90.8201136552558,NA
9,"B",4,30.3607759714589,NA
10,"B",5,61.2487089545241,NA
