"Order","Group","GroupOrder","Height","Identifier"
1,"A",1,41.9297122213669,NA
2,"A",2,56.23,"Value1"
3,"A",3,38.31,"Value2"
4,"A",4,24.5643282222904,NA
5,"A",5,41.0521519453688,NA
6,"B",1,33.5214125274596,NA
7,"B",2,13.9534946290833,NA
8,"B",3,75.8087080980497,NA
9,"B",4,40.6617578061818,NA
10,"B",5,64.1194651976983,NA
