"Order","Group","GroupOrder","Height","Identifier"
1,"A",1,66.7075491271343,NA
2,"A",2,17.78,"Value1"
3,"A",3,21.2531157908754,NA
4,"A",4,16.938113977489,NA
5,"A",5,39.1813965686238,NA
6,"B",1,34.2712981749857,NA
7,"B",2,56.23,"Value2"
8,"B",3,52.1851932009655,NA
9,"B",4,27.171873904623,NA
10,"B",5,30.2201719577342,NA
