"Order","Group","GroupOrder","Height","Identifier"
1,"A",1,44.1643911094742,NA
2,"A",2,26.1,"Value2"
3,"A",3,38.31,"Value1"
4,"A",4,51.9756092113228,NA
5,"A",5,79.9791530042413,NA
6,"B",1,72.7703414272422,NA
7,"B",2,70.4572343473861,NA
8,"B",3,56.4774035837632,NA
9,"B",4,57.5827686624898,NA
10,"B",5,24.2582911674581,NA
