"Order","Group","GroupOrder","Height","Identifier"
1,"A",1,41.1698562570416,NA
2,"A",2,46.42,"Value2"
3,"A",3,10,"Value1"
4,"A",4,37.5446219071231,NA
5,"A",5,67.8563620585791,NA
6,"B",1,81.4870425193958,NA
7,"B",2,34.4776894948413,NA
8,"B",3,35.5471453701964,NA
9,"B",4,41.8798309000707,NA
10,"B",5,88.0730871366693,NA
