"Order","Group","GroupOrder","Height","Identifier"
1,"A",1,80.3362157311332,NA
2,"A",2,82.3792811782535,NA
3,"A",3,35.857619765207,NA
4,"A",4,67.3423053009668,NA
5,"A",5,12.111,"Newbar"
6,"B",1,14.68,"Target"
7,"B",2,79.1552862871566,NA
8,"B",3,51.5297313632698,NA
9,"B",4,67.0187128018464,NA
10,"B",5,67.4232149804894,NA
