"Order","Group","GroupOrder","Height","Identifier"
1,"A",1,64.9252520342682,NA
2,"A",2,30.6089953198709,NA
3,"A",3,38.31,"Target"
4,"A",4,21.53022,"Newbar"
5,"A",5,75.6520173626758,NA
6,"B",1,77.6191097574045,NA
7,"B",2,25.4932229147691,NA
8,"B",3,65.6395542512523,NA
9,"B",4,5.39783580666854,NA
10,"B",5,69.0914936708472,NA
