"Order","Group","GroupOrder","Height","Identifier"
1,"A",1,37.3448207042376,NA
2,"A",2,9.9963,"Newbar"
3,"A",3,28.5303819635226,NA
4,"A",4,26.1,"Target"
5,"A",5,22.7882861670175,NA
6,"B",1,13.2916220027805,NA
7,"B",2,69.0029124467465,NA
8,"B",3,46.5748569984538,NA
9,"B",4,25.5238058397172,NA
10,"B",5,26.2730993798557,NA
