"Order","Group","GroupOrder","Height","Identifier"
1,"A",1,60.7356210829249,NA
2,"A",2,67.1281064309956,NA
3,"A",3,25.9008255814233,NA
4,"A",4,42.011741394688,NA
5,"A",5,73.0710819500694,NA
6,"B",1,21.53609,"Newbar"
7,"B",2,47.3055163457465,NA
8,"B",3,56.23,"Target"
9,"B",4,44.7396724802754,NA
10,"B",5,51.7482007903729,NA
