"Order","Group","GroupOrder","Height","Identifier"
1,"A",1,44.5603915609613,NA
2,"A",2,46.42,"Value1"
3,"A",3,70.7418626377451,NA
4,"A",4,38.4108990070007,NA
5,"A",5,10.5942169319911,NA
6,"B",1,3.95856336863249,NA
7,"B",2,21.54,"Value2"
8,"B",3,27.6472848271151,NA
9,"B",4,74.3724886309352,NA
10,"B",5,55.4539545846692,NA
