"Order","Group","GroupOrder","Height","Identifier"
1,"A",1,68.9023544418115,NA
2,"A",2,61.5635061344235,NA
3,"A",3,9.99708,"Newbar"
4,"A",4,26.1610467646297,NA
5,"A",5,51.5734170906369,NA
6,"B",1,21.3503521974594,NA
7,"B",2,80.927448043846,NA
8,"B",3,40.4721799871752,NA
9,"B",4,14.68,"Target"
10,"B",5,66.2534650821224,NA
