"Order","Group","GroupOrder","Height","Identifier"
1,"A",1,46.42,"Target"
2,"A",2,88.7655970269125,NA
3,"A",3,9.62221854241185,NA
4,"A",4,95.29332709171,NA
5,"A",5,67.9340950091863,NA
6,"B",1,68.1581736358208,NA
7,"B",2,36.8795337888268,NA
8,"B",3,45.9261620973,NA
9,"B",4,31.61202,"Newbar"
10,"B",5,89.2371571614667,NA
