"Order","Group","GroupOrder","Height","Identifier"
1,"A",1,11.6546658462067,NA
2,"A",2,8.24992,"Newbar"
3,"A",3,17.78,"Target"
4,"A",4,44.7470756216795,NA
5,"A",5,27.7716044777118,NA
6,"B",1,13.2002402223763,NA
7,"B",2,54.8603003021212,NA
8,"B",3,88.1227959747039,NA
9,"B",4,34.894531600525,NA
10,"B",5,40.3799086326987,NA
