"Order","Group","GroupOrder","Height","Identifier"
1,"A",1,27.0416880933586,NA
2,"A",2,59.0148523289397,NA
3,"A",3,47.7459419375414,NA
4,"A",4,40.2318646647809,NA
5,"A",5,25.9900689667994,NA
6,"B",1,17.78,"Target"
7,"B",2,48.1566928548792,NA
8,"B",3,31.8579854320949,NA
9,"B",4,3.16484,"Newbar"
10,"B",5,21.908984019143,NA
