"Order","Group","GroupOrder","Height","Identifier"
1,"A",1,64.9854557494208,NA
2,"A",2,17.78,"Value2"
3,"A",3,3.06545162594346,NA
4,"A",4,38.0173605509653,NA
5,"A",5,96.9404695324054,NA
6,"B",1,74.5995295037068,NA
7,"B",2,12.12,"Value1"
8,"B",3,71.559461878425,NA
9,"B",4,17.8987972088445,NA
10,"B",5,23.3600005897349,NA
