"Order","Group","GroupOrder","Height","Identifier"
1,"A",1,14.9474776164441,NA
2,"A",2,14.7781790085794,NA
3,"A",3,46.0792772745654,NA
4,"A",4,27.7831091204037,NA
5,"A",5,56.739862750159,NA
6,"B",1,8.25282,"Newbar"
7,"B",2,31.62,"Target"
8,"B",3,58.4104371528955,NA
9,"B",4,67.899963097832,NA
10,"B",5,55.2511572405485,NA
