"Order","Group","GroupOrder","Height","Identifier"
1,"A",1,14.68,"Target"
2,"A",2,57.7298837179106,NA
3,"A",3,53.4442104423916,NA
4,"A",4,27.2038163728545,NA
5,"A",5,12.6890152935801,NA
6,"B",1,5.24557120190425,NA
7,"B",2,60.9048366976521,NA
8,"B",3,81.0507609016269,NA
9,"B",4,67.758159096117,NA
10,"B",5,9.99708,"Newbar"
