"Order","Group","GroupOrder","Height","Identifier"
1,"A",1,14.3715782514722,NA
2,"A",2,31.62,"Value1"
3,"A",3,21.9072699986173,NA
4,"A",4,20.9502266695287,NA
5,"A",5,35.5392146656526,NA
6,"B",1,96.3062913524563,NA
7,"B",2,12.12,"Value2"
8,"B",3,85.5810882874734,NA
9,"B",4,68.3563743125284,NA
10,"B",5,35.5798699694009,NA
