"Order","Group","GroupOrder","Height","Identifier"
1,"A",1,16.3812405513717,NA
2,"A",2,46.42,"Value1"
3,"A",3,10,"Value2"
4,"A",4,55.7653756731344,NA
5,"A",5,50.995362527685,NA
6,"B",1,37.7633833469862,NA
7,"B",2,61.1852950290214,NA
8,"B",3,66.1634469805993,NA
9,"B",4,63.4084748817954,NA
10,"B",5,28.192880822219,NA
