"Order","Group","GroupOrder","Height","Identifier"
1,"A",1,59.565227103291,NA
2,"A",2,14.68,"Value1"
3,"A",3,56.23,"Value2"
4,"A",4,67.8801056209366,NA
5,"A",5,88.6337276927353,NA
6,"B",1,68.2432420240648,NA
7,"B",2,89.39226186305,NA
8,"B",3,59.627251457126,NA
9,"B",4,58.3001443096328,NA
10,"B",5,63.6529244566223,NA
