"Order","Group","GroupOrder","Height","Identifier"
1,"A",1,32.0369022390119,NA
2,"A",2,62.0698557305097,NA
3,"A",3,27.2730194216471,NA
4,"A",4,27.4356591186463,NA
5,"A",5,49.8563223150523,NA
6,"B",1,33.1563765865033,NA
7,"B",2,23.5906319593548,NA
8,"B",3,14.68,"Target"
9,"B",4,6.81152,"Newbar"
10,"B",5,64.759067695906,NA
