"Order","Group","GroupOrder","Height","Identifier"
1,"A",1,41.2545920501905,NA
2,"A",2,69.807882755179,NA
3,"A",3,66.2605325163291,NA
4,"A",4,63.4870348879694,NA
5,"A",5,84.32909136675,NA
6,"B",1,44.7887967660887,NA
7,"B",2,3.83412,"Newbar"
8,"B",3,53.6638729807072,NA
9,"B",4,21.54,"Target"
10,"B",5,51.2332613361953,NA
