"Order","Group","GroupOrder","Height","Identifier"
1,"A",1,16.5125041110794,NA
2,"A",2,10,"Value1"
3,"A",3,7.28196836239754,NA
4,"A",4,15.1628175699397,NA
5,"A",5,68.1059068358606,NA
6,"B",1,72.2378320930182,NA
7,"B",2,56.23,"Value2"
8,"B",3,12.0239566792074,NA
9,"B",4,57.2345981839691,NA
10,"B",5,35.1883794156315,NA
