"Order","Group","GroupOrder","Height","Identifier"
1,"A",1,12.12,"Target"
2,"A",2,61.8612995064397,NA
3,"A",3,91.5758543807312,NA
4,"A",4,6.57994604619018,NA
5,"A",5,80.6766316651112,NA
6,"B",1,60.362902301158,NA
7,"B",2,75.8444926512571,NA
8,"B",3,31.8093964679815,NA
9,"B",4,56.4774333863885,NA
10,"B",5,6.81144,"Newbar"
