"Order","Group","GroupOrder","Height","Identifier"
1,"A",1,6.80974,"Newbar"
2,"A",2,58.6503003878996,NA
3,"A",3,46.2113166782141,NA
4,"A",4,20.9185580350748,NA
5,"A",5,82.4397024264264,NA
6,"B",1,51.3478455079603,NA
7,"B",2,51.4133154444136,NA
8,"B",3,71.3040011198046,NA
9,"B",4,17.78,"Target"
10,"B",5,30.5023502691079,NA
