"Order","Group","GroupOrder","Height","Identifier"
1,"A",1,79.6322756798519,NA
2,"A",2,70.1954171457371,NA
3,"A",3,4.64196,"Newbar"
4,"A",4,69.4950325936357,NA
5,"A",5,3.08386494347296,NA
6,"B",1,50.820148260247,NA
7,"B",2,40.625657646103,NA
8,"B",3,7.99094801559195,NA
9,"B",4,12.12,"Target"
10,"B",5,30.4473897335745,NA
