"Order","Group","GroupOrder","Height","Identifier"
1,"A",1,28.9863110932452,NA
2,"A",2,4.81155275105626,NA
3,"A",3,74.1985569671781,NA
4,"A",4,32.8731507964161,NA
5,"A",5,58.7497786099909,NA
6,"B",1,90.8613588285468,NA
7,"B",2,60.5755915557898,NA
8,"B",3,14.68,"Target"
9,"B",4,9.99708,"Newbar"
10,"B",5,92.7694940739297,NA
