"Order","Group","GroupOrder","Height","Identifier"
1,"A",1,89.3225279876473,NA
2,"A",2,38.0368304862446,NA
3,"A",3,12.12,"Target"
4,"A",4,21.4716506875058,NA
5,"A",5,5.62368,"Newbar"
6,"B",1,39.1069651628063,NA
7,"B",2,50.4180225121915,NA
8,"B",3,44.8659829496104,NA
9,"B",4,9.67902743247707,NA
10,"B",5,39.378282605263,NA
