"Order","Group","GroupOrder","Height","Identifier"
1,"A",1,56.3722131495946,NA
2,"A",2,44.7580108363537,NA
3,"A",3,33.6190984828542,NA
4,"A",4,84.2530365983474,NA
5,"A",5,76.5458719887163,NA
6,"B",1,92.6573230947531,NA
7,"B",2,54.640790864875,NA
8,"B",3,93.1226152683908,NA
9,"B",4,14.68,"Target"
10,"B",5,5.62244,"Newbar"
