"Order","Group","GroupOrder","Height","Identifier"
1,"A",1,17.7741,"Newbar"
2,"A",2,63.7578124235863,NA
3,"A",3,25.5423124421431,NA
4,"A",4,11.174233849067,NA
5,"A",5,26.1,"Target"
6,"B",1,65.5234911746842,NA
7,"B",2,41.7730598022213,NA
8,"B",3,29.1908965183613,NA
9,"B",4,43.458752359708,NA
10,"B",5,71.0034019564808,NA
