"Order","Group","GroupOrder","Height","Identifier"
1,"A",1,29.1781483112046,NA
2,"A",2,38.31,"Value2"
3,"A",3,35.1429399145501,NA
4,"A",4,83.75189198804,NA
5,"A",5,40.7949737914623,NA
6,"B",1,61.9492679483422,NA
7,"B",2,46.42,"Value1"
8,"B",3,78.3189172376457,NA
9,"B",4,42.307082514975,NA
10,"B",5,52.1923043318003,NA
