"Order","Group","GroupOrder","Height","Identifier"
1,"A",1,21.3583338256101,NA
2,"A",2,76.6814672473651,NA
3,"A",3,40.6838713049258,NA
4,"A",4,46.9753184316144,NA
5,"A",5,46.42,"Target"
6,"B",1,72.4778330325843,NA
7,"B",2,38.7969076191485,NA
8,"B",3,35.1243736195164,NA
9,"B",4,17.4511038600628,NA
10,"B",5,31.61202,"Newbar"
