"Order","Group","GroupOrder","Height","Identifier"
1,"A",1,60.2299833336779,NA
2,"A",2,65.3683296421093,NA
3,"A",3,36.3604244709121,NA
4,"A",4,61.4647760500819,NA
5,"A",5,26.0865,"Newbar"
6,"B",1,27.8585255953236,NA
7,"B",2,73.8157250262393,NA
8,"B",3,73.5612431762102,NA
9,"B",4,31.62,"Target"
10,"B",5,81.818501618849,NA
