"Order","Group","GroupOrder","Height","Identifier"
1,"A",1,73.9471169030017,NA
2,"A",2,10,"Value1"
3,"A",3,12.12,"Value2"
4,"A",4,80.4954264929238,NA
5,"A",5,59.832134180073,NA
6,"B",1,51.7769596574264,NA
7,"B",2,84.7041720032275,NA
8,"B",3,49.6471617350224,NA
9,"B",4,68.5924865490426,NA
10,"B",5,48.416436746839,NA
