"Order","Group","GroupOrder","Height","Identifier"
1,"A",1,57.0649495017514,NA
2,"A",2,47.6196123572245,NA
3,"A",3,36.3099837553552,NA
4,"A",4,31.62,"Target"
5,"A",5,29.0657246048412,NA
6,"B",1,14.67168,"Newbar"
7,"B",2,35.2912197482948,NA
8,"B",3,67.1506108963067,NA
9,"B",4,71.1737118429436,NA
10,"B",5,49.0085177651788,NA
