"Order","Group","GroupOrder","Height","Identifier"
1,"A",1,34.7377343694131,NA
2,"A",2,21.54,"Target"
3,"A",3,69.2941532354714,NA
4,"A",4,47.1797448555218,NA
5,"A",5,66.6385032385655,NA
6,"B",1,87.9997953072991,NA
7,"B",2,38.250698911874,NA
8,"B",3,5.98187625069167,NA
9,"B",4,3.83412,"Newbar"
10,"B",5,79.7109592919338,NA
