"Order","Group","GroupOrder","Height","Identifier"
1,"A",1,67.0511593508912,NA
2,"A",2,26.5740228911427,NA
3,"A",3,16.4535489928071,NA
4,"A",4,78.8908892533137,NA
5,"A",5,74.223198397111,NA
6,"B",1,56.1052875789001,NA
7,"B",2,43.8400714412651,NA
8,"B",3,27.0965295933282,NA
9,"B",4,38.2965,"Newbar"
10,"B",5,46.42,"Target"
