"Order","Group","GroupOrder","Height","Identifier"
1,"A",1,83.9208755106122,NA
2,"A",2,14.68,"Value1"
3,"A",3,60.7492687709343,NA
4,"A",4,43.8998537645728,NA
5,"A",5,42.1313569580468,NA
6,"B",1,67.7082620241664,NA
7,"B",2,17.78,"Value2"
8,"B",3,50.418564499326,NA
9,"B",4,38.7392593826972,NA
10,"B",5,70.301057997606,NA
