"Order","Group","GroupOrder","Height","Identifier"
1,"A",1,34.9457330285136,NA
2,"A",2,53.101026020637,NA
3,"A",3,26.08911,"Newbar"
4,"A",4,26.8964657070183,NA
5,"A",5,42.7036573284479,NA
6,"B",1,30.1482155238105,NA
7,"B",2,38.31,"Target"
8,"B",3,43.6056241061417,NA
9,"B",4,41.7464160206292,NA
10,"B",5,60.6209301202997,NA
