"Order","Group","GroupOrder","Height","Identifier"
1,"A",1,35.0573369934082,NA
2,"A",2,79.1773186209118,NA
3,"A",3,37.3025841703819,NA
4,"A",4,41.76653793217,NA
5,"A",5,14.6685,"Newbar"
6,"B",1,58.9302377180633,NA
7,"B",2,40.4328090850831,NA
8,"B",3,17.78,"Target"
9,"B",4,40.1348212510162,NA
10,"B",5,65.7157112067803,NA
