"Order","Group","GroupOrder","Height","Identifier"
1,"A",1,12.12,"Target"
2,"A",2,20.4665703058604,NA
3,"A",3,24.5974412985469,NA
4,"A",4,80.9599847810818,NA
5,"A",5,80.0415359402869,NA
6,"B",1,5.62368,"Newbar"
7,"B",2,55.5159326574031,NA
8,"B",3,55.9450645184891,NA
9,"B",4,89.3609409616078,NA
10,"B",5,21.5556290638593,NA
