"Order","Group","GroupOrder","Height","Identifier"
1,"A",1,45.5662483322952,NA
2,"A",2,21.54,"Value1"
3,"A",3,26.1,"Value2"
4,"A",4,39.4083475476815,NA
5,"A",5,90.2936247258465,NA
6,"B",1,70.0775121260051,NA
7,"B",2,53.6699479729364,NA
8,"B",3,34.7773428063105,NA
9,"B",4,31.677968173391,NA
10,"B",5,25.7700739287153,NA
