"Order","Group","GroupOrder","Height","Identifier"
1,"A",1,55.3845301452603,NA
2,"A",2,56.23,"Value1"
3,"A",3,17.78,"Value2"
4,"A",4,57.8000457307136,NA
5,"A",5,62.3937177071118,NA
6,"B",1,28.90656248582,NA
7,"B",2,13.4169652301122,NA
8,"B",3,25.6902445913295,NA
9,"B",4,90.3373171684673,NA
10,"B",5,62.6361948342468,NA
