"Order","Group","GroupOrder","Height","Identifier"
1,"A",1,69.4841564845413,NA
2,"A",2,46.5328459454926,NA
3,"A",3,37.9645328465964,NA
4,"A",4,46.3556520728183,NA
5,"A",5,39.5915796753695,NA
6,"B",1,43.0515142740926,NA
7,"B",2,6.81,"Newbar"
8,"B",3,10,"Target"
9,"B",4,73.1227829984023,NA
10,"B",5,58.5392863055837,NA
