"Order","Group","GroupOrder","Height","Identifier"
1,"A",1,51.5480914705659,NA
2,"A",2,56.23,"Target"
3,"A",3,72.9679485842785,NA
4,"A",4,10.00894,"Newbar"
5,"A",5,51.705117925767,NA
6,"B",1,76.9277293847415,NA
7,"B",2,86.590566962484,NA
8,"B",3,67.7236948987742,NA
9,"B",4,42.9615523717311,NA
10,"B",5,27.0044299424799,NA
