"Order","Group","GroupOrder","Height","Identifier"
1,"A",1,75.7777859218969,NA
2,"A",2,57.882239466937,NA
3,"A",3,42.2469436593701,NA
4,"A",4,62.8032644869515,NA
5,"A",5,17.78,"Target"
6,"B",1,20.9227588485243,NA
7,"B",2,25.912530252575,NA
8,"B",3,30.0194765320205,NA
9,"B",4,78.0132278697258,NA
10,"B",5,8.24992,"Newbar"
