"Order","Group","GroupOrder","Height","Identifier"
1,"A",1,88.0204484732081,NA
2,"A",2,49.4755025803461,NA
3,"A",3,21.53322,"Newbar"
4,"A",4,31.62,"Target"
5,"A",5,25.7231694046428,NA
6,"B",1,63.5406636325582,NA
7,"B",2,62.8504638926068,NA
8,"B",3,18.4544610517461,NA
9,"B",4,85.5042318141638,NA
10,"B",5,47.0686712243919,NA
