"Order","Group","GroupOrder","Height","Identifier"
1,"A",1,24.7150326856667,NA
2,"A",2,95.4788422290251,NA
3,"A",3,44.94750963844,NA
4,"A",4,78.4350219185765,NA
5,"A",5,79.1454756915326,NA
6,"B",1,3.83148,"Newbar"
7,"B",2,36.8086890817208,NA
8,"B",3,21.1914931536015,NA
9,"B",4,14.68,"Target"
10,"B",5,39.1486178180589,NA
