"Order","Group","GroupOrder","Height","Identifier"
1,"A",1,59.8634232449741,NA
2,"A",2,10,"Value2"
3,"A",3,77.0338175953683,NA
4,"A",4,38.02762768764,NA
5,"A",5,21.3306033943206,NA
6,"B",1,9.14187733745784,NA
7,"B",2,21.54,"Value1"
8,"B",3,91.2866207617707,NA
9,"B",4,62.8730896988011,NA
10,"B",5,91.3891762455542,NA
