"Order","Group","GroupOrder","Height","Identifier"
1,"A",1,28.4147526843854,NA
2,"A",2,56.23,"Value1"
3,"A",3,12.12,"Value2"
4,"A",4,81.922488132851,NA
5,"A",5,42.4357912242196,NA
6,"B",1,11.0765218475682,NA
7,"B",2,23.0254119107109,NA
8,"B",3,66.6291215192199,NA
9,"B",4,62.0391009336235,NA
10,"B",5,74.3787431109758,NA
