"Order","Group","GroupOrder","Height","Identifier"
1,"A",1,54.9690287434164,NA
2,"A",2,38.31,"Value1"
3,"A",3,17.78,"Value2"
4,"A",4,84.8165911744031,NA
5,"A",5,55.9906507362718,NA
6,"B",1,59.6905985765889,NA
7,"B",2,49.9166393009915,NA
8,"B",3,29.7810671338809,NA
9,"B",4,56.5110988981601,NA
10,"B",5,74.7795791927903,NA
