"Order","Group","GroupOrder","Height","Identifier"
1,"A",1,77.3886465640675,NA
2,"A",2,46.42,"Value2"
3,"A",3,55.1474429817996,NA
4,"A",4,35.3127859435501,NA
5,"A",5,49.0143062961495,NA
6,"B",1,55.3440622454053,NA
7,"B",2,10,"Value1"
8,"B",3,46.1728083954386,NA
9,"B",4,28.9523467058397,NA
10,"B",5,54.5389718039163,NA
