"Order","Group","GroupOrder","Height","Identifier"
1,"A",1,60.622310925288,NA
2,"A",2,10,"Value1"
3,"A",3,43.720075793627,NA
4,"A",4,68.3341842031357,NA
5,"A",5,34.1276507355412,NA
6,"B",1,33.2764740507403,NA
7,"B",2,14.68,"Value2"
8,"B",3,45.1695783730833,NA
9,"B",4,41.8349096146921,NA
10,"B",5,56.9557307407046,NA
