"Order","Group","GroupOrder","Height","Identifier"
1,"A",1,44.0607265371373,NA
2,"A",2,10,"Value1"
3,"A",3,17.78,"Value2"
4,"A",4,58.2819021971087,NA
5,"A",5,6.01428363099113,NA
6,"B",1,49.2038960806244,NA
7,"B",2,80.5378623642931,NA
8,"B",3,28.6102606390162,NA
9,"B",4,25.2840624407647,NA
10,"B",5,62.7230325706469,NA
