"Order","Group","GroupOrder","Height","Identifier"
1,"A",1,14.68,"Target"
2,"A",2,36.9209824384434,NA
3,"A",3,59.2467419709407,NA
4,"A",4,83.2942478954273,NA
5,"A",5,44.1184197293192,NA
6,"B",1,5.62244,"Newbar"
7,"B",2,50.7151045488906,NA
8,"B",3,84.4111787266068,NA
9,"B",4,49.0592469720356,NA
10,"B",5,17.3108940801956,NA
