"Order","Group","GroupOrder","Height","Identifier"
1,"A",1,55.2680738025323,NA
2,"A",2,61.5374813628868,NA
3,"A",3,62.8911426342488,NA
4,"A",4,16.1579742131911,NA
5,"A",5,54.3519049804912,NA
6,"B",1,12.10818,"Newbar"
7,"B",2,17.78,"Target"
8,"B",3,68.1912846880397,NA
9,"B",4,46.5684649104061,NA
10,"B",5,42.751072355294,NA
