"Order","Group","GroupOrder","Height","Identifier"
1,"A",1,19.1218004240391,NA
2,"A",2,31.62,"Value2"
3,"A",3,59.0412454586176,NA
4,"A",4,57.2066609574933,NA
5,"A",5,58.6558523052356,NA
6,"B",1,65.1107453525206,NA
7,"B",2,56.23,"Value1"
8,"B",3,49.2544768652802,NA
9,"B",4,79.8951309778264,NA
10,"B",5,37.2826409524847,NA
