"Order","Group","GroupOrder","Height","Identifier"
1,"A",1,30.1817554222487,NA
2,"A",2,48.4640911512815,NA
3,"A",3,40.0623311828203,NA
4,"A",4,10,"Target"
5,"A",5,84.7824284893018,NA
6,"B",1,29.3165510023926,NA
7,"B",2,1.78,"Newbar"
8,"B",3,60.9454973099465,NA
9,"B",4,47.9263262483079,NA
10,"B",5,99.08452556644,NA
