"Order","Group","GroupOrder","Height","Identifier"
1,"A",1,24.2514826245877,NA
2,"A",2,43.6850048133209,NA
3,"A",3,49.0278757685378,NA
4,"A",4,58.6415135685577,NA
5,"A",5,32.4724429412396,NA
6,"B",1,14.66874,"Newbar"
7,"B",2,69.1204645178973,NA
8,"B",3,58.0347427510347,NA
9,"B",4,33.1715201337445,NA
10,"B",5,21.54,"Target"
