"Order","Group","GroupOrder","Height","Identifier"
1,"A",1,38.31,"Target"
2,"A",2,64.5641072230843,NA
3,"A",3,63.166072423586,NA
4,"A",4,22.5408823685643,NA
5,"A",5,53.6089811888502,NA
6,"B",1,66.3377218935963,NA
7,"B",2,48.6039826105112,NA
8,"B",3,9.99891,"Newbar"
9,"B",4,21.2396498122195,NA
10,"B",5,41.9286145550143,NA
