"Order","Group","GroupOrder","Height","Identifier"
1,"A",1,72.1324519052371,NA
2,"A",2,17.78,"Value1"
3,"A",3,21.54,"Value2"
4,"A",4,54.5144131276417,NA
5,"A",5,33.0716387319079,NA
6,"B",1,28.8623892432577,NA
7,"B",2,14.8357555953543,NA
8,"B",3,59.3928009177841,NA
9,"B",4,12.1857064954382,NA
10,"B",5,75.9477283513129,NA
