"Order","Group","GroupOrder","Height","Identifier"
1,"A",1,55.841216080711,NA
2,"A",2,51.91114020373,NA
3,"A",3,26.1,"Target"
4,"A",4,40.5041251690721,NA
5,"A",5,42.2434627312233,NA
6,"B",1,53.3451622301001,NA
7,"B",2,14.6682,"Newbar"
8,"B",3,30.8214413319357,NA
9,"B",4,65.2347809361259,NA
10,"B",5,57.3301344045479,NA
