"Order","Group","GroupOrder","Height","Identifier"
1,"A",1,54.6852445058198,NA
2,"A",2,25.7630485204379,NA
3,"A",3,57.40715175912,NA
4,"A",4,28.3693023062564,NA
5,"A",5,30.9130862330479,NA
6,"B",1,8.25372,"Newbar"
7,"B",2,12.12,"Target"
8,"B",3,47.1613284215462,NA
9,"B",4,36.5251567109338,NA
10,"B",5,80.8701323969634,NA
