"Order","Group","GroupOrder","Height","Identifier"
1,"A",1,54.7940943438591,NA
2,"A",2,38.31,"Value1"
3,"A",3,35.1947678896395,NA
4,"A",4,71.9392798492954,NA
5,"A",5,16.1482402619598,NA
6,"B",1,37.039788226551,NA
7,"B",2,17.78,"Value2"
8,"B",3,66.901468457951,NA
9,"B",4,56.1729304057571,NA
10,"B",5,66.8323689712007,NA
