"Order","Group","GroupOrder","Height","Identifier"
1,"A",1,41.1832364840097,NA
2,"A",2,12.12,"Value1"
3,"A",3,26.1,"Value2"
4,"A",4,86.8870410854241,NA
5,"A",5,48.8264579862467,NA
6,"B",1,41.9558545252768,NA
7,"B",2,62.313189178414,NA
8,"B",3,41.5566670597073,NA
9,"B",4,65.0528573887143,NA
10,"B",5,49.3267994561724,NA
