"Order","Group","GroupOrder","Height","Identifier"
1,"A",1,53.3136473997997,NA
2,"A",2,86.3317187767593,NA
3,"A",3,56.3371082332485,NA
4,"A",4,8.25372,"Newbar"
5,"A",5,20.6258238296979,NA
6,"B",1,12.12,"Target"
7,"B",2,69.8932344829279,NA
8,"B",3,55.6037030782124,NA
9,"B",4,55.0658056719072,NA
10,"B",5,60.9008326847252,NA
