"Order","Group","GroupOrder","Height","Identifier"
1,"A",1,50.6359528740403,NA
2,"A",2,17.7741,"Newbar"
3,"A",3,27.1615646122477,NA
4,"A",4,35.514806244524,NA
5,"A",5,87.7771629582323,NA
6,"B",1,71.1259040103859,NA
7,"B",2,72.7892887134906,NA
8,"B",3,26.1,"Target"
9,"B",4,46.2270347122211,NA
10,"B",5,51.0891114668935,NA
