"Order","Group","GroupOrder","Height","Identifier"
1,"A",1,49.3690866398679,NA
2,"A",2,56.23,"Target"
3,"A",3,6.86136786679085,NA
4,"A",4,13.645725401516,NA
5,"A",5,54.0347061095698,NA
6,"B",1,51.3721822577241,NA
7,"B",2,80.7154469288206,NA
8,"B",3,5.41457681205848,NA
9,"B",4,38.29263,"Newbar"
10,"B",5,55.6399858703237,NA
