"Order","Group","GroupOrder","Height","Identifier"
1,"A",1,94.0156890149888,NA
2,"A",2,25.9248835498804,NA
3,"A",3,27.5526732134445,NA
4,"A",4,32.6767534524189,NA
5,"A",5,24.3599234889664,NA
6,"B",1,64.6503587092484,NA
7,"B",2,12.12,"Target"
8,"B",3,5.55896461200433,NA
9,"B",4,24.8941114424573,NA
10,"B",5,2.15736,"Newbar"
