"Order","Group","GroupOrder","Height","Identifier"
1,"A",1,88.4765178032331,NA
2,"A",2,46.42,"Value1"
3,"A",3,14.68,"Value2"
4,"A",4,97.6176942969945,NA
5,"A",5,24.0347454379754,NA
6,"B",1,53.6863239165912,NA
7,"B",2,49.6666963856618,NA
8,"B",3,15.3569887321224,NA
9,"B",4,32.8600638859163,NA
10,"B",5,10.0797828589186,NA
