"Order","Group","GroupOrder","Height","Identifier"
1,"A",1,79.3151090909863,NA
2,"A",2,26.1,"Value1"
3,"A",3,13.7124579328017,NA
4,"A",4,23.7747708951183,NA
5,"A",5,80.8393999845758,NA
6,"B",1,42.6247761392002,NA
7,"B",2,12.12,"Value2"
8,"B",3,79.0616608236799,NA
9,"B",4,50.7043508529361,NA
10,"B",5,34.5529475885606,NA
