"Order","Group","GroupOrder","Height","Identifier"
1,"A",1,28.3280071253642,NA
2,"A",2,95.9116541560034,NA
3,"A",3,50.2772666752151,NA
4,"A",4,58.095444141213,NA
5,"A",5,24.03121625437,NA
6,"B",1,80.1342130584423,NA
7,"B",2,9.99456,"Newbar"
8,"B",3,21.54,"Target"
9,"B",4,30.7341135090352,NA
10,"B",5,61.1962037212258,NA
