"Order","Group","GroupOrder","Height","Identifier"
1,"A",1,20.2057131167334,NA
2,"A",2,46.42,"Value2"
3,"A",3,31.7337572542694,NA
4,"A",4,58.3529387463238,NA
5,"A",5,41.1172123212294,NA
6,"B",1,32.8524873136931,NA
7,"B",2,17.78,"Value1"
8,"B",3,46.0500170357622,NA
9,"B",4,32.0792091287799,NA
10,"B",5,51.7191883836733,NA
