"Order","Group","GroupOrder","Height","Identifier"
1,"A",1,56.1189353892612,NA
2,"A",2,14.68,"Value1"
3,"A",3,82.1834001617615,NA
4,"A",4,55.1746983178316,NA
5,"A",5,51.7123915464723,NA
6,"B",1,57.9278344477692,NA
7,"B",2,31.62,"Value2"
8,"B",3,21.6376475903547,NA
9,"B",4,77.9649084663322,NA
10,"B",5,29.6349268127901,NA
