"Order","Group","GroupOrder","Height","Identifier"
1,"A",1,58.5011490499681,NA
2,"A",2,21.54,"Value1"
3,"A",3,31.62,"Value2"
4,"A",4,54.9170813614914,NA
5,"A",5,56.8969240231357,NA
6,"B",1,44.7962102464503,NA
7,"B",2,60.7561598960332,NA
8,"B",3,61.2422438954278,NA
9,"B",4,4.77162209226606,NA
10,"B",5,43.4915020050505,NA
