"Order","Group","GroupOrder","Height","Identifier"
1,"A",1,31.0493088102037,NA
2,"A",2,17.78,"Value1"
3,"A",3,38.6081681343735,NA
4,"A",4,66.7114826142549,NA
5,"A",5,48.9490037933744,NA
6,"B",1,43.3418792537249,NA
7,"B",2,14.68,"Value2"
8,"B",3,87.7987638006719,NA
9,"B",4,77.2457570899358,NA
10,"B",5,44.8937740315661,NA
