"Order","Group","GroupOrder","Height","Identifier"
1,"A",1,35.1063106752197,NA
2,"A",2,26.1,"Value1"
3,"A",3,9.90177426081768,NA
4,"A",4,24.4461540301002,NA
5,"A",5,44.7190578434084,NA
6,"B",1,24.7484516543899,NA
7,"B",2,46.42,"Value2"
8,"B",3,48.9954943048195,NA
9,"B",4,53.3121039366562,NA
10,"B",5,57.2854872647009,NA
