"Order","Group","GroupOrder","Height","Identifier"
1,"A",1,30.6321415100386,NA
2,"A",2,45.4829800566177,NA
3,"A",3,51.4951097424273,NA
4,"A",4,63.5069951121174,NA
5,"A",5,57.6386044109825,NA
6,"B",1,52.4223994039389,NA
7,"B",2,33.8522061226247,NA
8,"B",3,79.5953229274924,NA
9,"B",4,17.7705,"Newbar"
10,"B",5,21.54,"Target"
