"Order","Group","GroupOrder","Height","Identifier"
1,"A",1,79.6544556455893,NA
2,"A",2,46.42,"Value2"
3,"A",3,34.643842378789,NA
4,"A",4,87.094912877828,NA
5,"A",5,51.2658626079342,NA
6,"B",1,81.8855505762573,NA
7,"B",2,38.31,"Value1"
8,"B",3,49.1812770482214,NA
9,"B",4,73.5726591333278,NA
10,"B",5,36.1102380301817,NA
