"Order","Group","GroupOrder","Height","Identifier"
1,"A",1,35.8499327569627,NA
2,"A",2,26.1,"Value2"
3,"A",3,28.4171081320759,NA
4,"A",4,74.8801929011247,NA
5,"A",5,32.0843184843101,NA
6,"B",1,17.1104744106658,NA
7,"B",2,38.31,"Value1"
8,"B",3,70.6316850835286,NA
9,"B",4,38.0485311288619,NA
10,"B",5,37.8620021653722,NA
