"Order","Group","GroupOrder","Height","Identifier"
1,"A",1,66.3995807400941,NA
2,"A",2,56.23,"Value1"
3,"A",3,57.0242389065749,NA
4,"A",4,48.8883645735462,NA
5,"A",5,43.9906876837178,NA
6,"B",1,67.7991863252075,NA
7,"B",2,12.12,"Value2"
8,"B",3,91.5106952744886,NA
9,"B",4,92.4194133268483,NA
10,"B",5,21.9890491111053,NA
