"Order","Group","GroupOrder","Height","Identifier"
1,"A",1,59.4392334654982,NA
2,"A",2,31.62,"Value2"
3,"A",3,37.540545712003,NA
4,"A",4,50.8625407155425,NA
5,"A",5,52.3053000007619,NA
6,"B",1,14.7666963658526,NA
7,"B",2,12.12,"Value1"
8,"B",3,56.3452126855551,NA
9,"B",4,63.656391631596,NA
10,"B",5,29.669130522389,NA
