"Order","Group","GroupOrder","Height","Identifier"
1,"A",1,81.6178022861815,NA
2,"A",2,10,"Value1"
3,"A",3,20.3850185449794,NA
4,"A",4,76.0864421406972,NA
5,"A",5,26.4589678741174,NA
6,"B",1,25.2348534161253,NA
7,"B",2,21.54,"Value2"
8,"B",3,10.2278764357322,NA
9,"B",4,50.769881078741,NA
10,"B",5,54.2045316436237,NA
