"Order","Group","GroupOrder","Height","Identifier"
1,"A",1,95.9580947621398,NA
2,"A",2,21.54,"Value1"
3,"A",3,49.2330126565741,NA
4,"A",4,36.9600726396499,NA
5,"A",5,65.8548237786686,NA
6,"B",1,77.007663820179,NA
7,"B",2,31.62,"Value2"
8,"B",3,70.7207707798233,NA
9,"B",4,14.1551929520816,NA
10,"B",5,40.1512002491882,NA
