"Order","Group","GroupOrder","Height","Identifier"
1,"A",1,13.6864775830755,NA
2,"A",2,83.9745147301377,NA
3,"A",3,72.259828533637,NA
4,"A",4,20.0134354317699,NA
5,"A",5,19.1060206120711,NA
6,"B",1,31.62,"Target"
7,"B",2,42.0204954501563,NA
8,"B",3,30.5641865655457,NA
9,"B",4,46.4963524764172,NA
10,"B",5,26.0865,"Newbar"
