"Order","Group","GroupOrder","Height","Identifier"
1,"A",1,64.8695173259502,NA
2,"A",2,38.31,"Value2"
3,"A",3,14.68,"Value1"
4,"A",4,17.0566927296801,NA
5,"A",5,18.4099803967643,NA
6,"B",1,5.85246900877548,NA
7,"B",2,73.9316587430427,NA
8,"B",3,74.110171526331,NA
9,"B",4,46.2780936900492,NA
10,"B",5,85.0020016685717,NA
