"Order","Group","GroupOrder","Height","Identifier"
1,"A",1,46.3348805932173,NA
2,"A",2,38.31,"Value2"
3,"A",3,55.548405406013,NA
4,"A",4,44.117857623492,NA
5,"A",5,16.6139571290262,NA
6,"B",1,89.0927388027643,NA
7,"B",2,26.1,"Value1"
8,"B",3,47.3927028155014,NA
9,"B",4,87.2145713463443,NA
10,"B",5,65.2800424775156,NA
