"Order","Group","GroupOrder","Height","Identifier"
1,"A",1,12.6531171331763,NA
2,"A",2,63.4956526918207,NA
3,"A",3,32.1419690925425,NA
4,"A",4,61.9784222695307,NA
5,"A",5,12.12,"Target"
6,"B",1,50.0067762419289,NA
7,"B",2,60.6082090217052,NA
8,"B",3,9.999,"Newbar"
9,"B",4,28.122536237435,NA
10,"B",5,90.95926996425,NA
