"Order","Group","GroupOrder","Height","Identifier"
1,"A",1,35.3781270568132,NA
2,"A",2,31.62,"Value2"
3,"A",3,17.78,"Value1"
4,"A",4,51.4632250011556,NA
5,"A",5,48.4668923560751,NA
6,"B",1,30.4959165592388,NA
7,"B",2,96.9344137601199,NA
8,"B",3,41.8880936890104,NA
9,"B",4,68.4513809395332,NA
10,"B",5,53.6445848769166,NA
