"Order","Group","GroupOrder","Height","Identifier"
1,"A",1,52.7283887247849,NA
2,"A",2,86.8813795861662,NA
3,"A",3,4.6458,"Newbar"
4,"A",4,12.9349087690325,NA
5,"A",5,26.1,"Target"
6,"B",1,84.4743391759975,NA
7,"B",2,11.5510430102983,NA
8,"B",3,32.3539670111866,NA
9,"B",4,58.5513324752049,NA
10,"B",5,47.0602682245755,NA
