"Order","Group","GroupOrder","Height","Identifier"
1,"A",1,69.4469639357675,NA
2,"A",2,56.23,"Value1"
3,"A",3,64.4437307821916,NA
4,"A",4,76.1626240246907,NA
5,"A",5,22.3149816241082,NA
6,"B",1,78.8867847519757,NA
7,"B",2,21.54,"Value2"
8,"B",3,57.103769856661,NA
9,"B",4,56.2818479668663,NA
10,"B",5,20.7042704378947,NA
