"Order","Group","GroupOrder","Height","Identifier"
1,"A",1,37.8235786913991,NA
2,"A",2,38.31,"Value1"
3,"A",3,46.42,"Value2"
4,"A",4,78.8967729388511,NA
5,"A",5,26.9493826617441,NA
6,"B",1,63.1445054658993,NA
7,"B",2,40.3974833778142,NA
8,"B",3,13.7700089446576,NA
9,"B",4,60.6879871037066,NA
10,"B",5,53.3368275427237,NA
