"Order","Group","GroupOrder","Height","Identifier"
1,"A",1,67.6537506926761,NA
2,"A",2,76.9993818866562,NA
3,"A",3,12.6573074759242,NA
4,"A",4,51.1063988376716,NA
5,"A",5,16.9269872282943,NA
6,"B",1,14.67168,"Newbar"
7,"B",2,31.4056808841433,NA
8,"B",3,49.7823078470202,NA
9,"B",4,86.8649156728567,NA
10,"B",5,31.62,"Target"
