"Order","Group","GroupOrder","Height","Identifier"
1,"A",1,69.5347946438069,NA
2,"A",2,26.1,"Value1"
3,"A",3,17.78,"Value2"
4,"A",4,43.5752225594351,NA
5,"A",5,36.9440289183301,NA
6,"B",1,37.7763382437055,NA
7,"B",2,33.1259694657444,NA
8,"B",3,37.211638452046,NA
9,"B",4,97.0188902661707,NA
10,"B",5,63.79965200867,NA
