"Order","Group","GroupOrder","Height","Identifier"
1,"A",1,56.1514194815871,NA
2,"A",2,48.1565792992404,NA
3,"A",3,62.3341511163616,NA
4,"A",4,56.3747879016833,NA
5,"A",5,37.1597702990559,NA
6,"B",1,56.23,"Target"
7,"B",2,26.09072,"Newbar"
8,"B",3,32.4951920000101,NA
9,"B",4,78.4151841363936,NA
10,"B",5,26.42938730175,NA
