"Order","Group","GroupOrder","Height","Identifier"
1,"A",1,83.7177945157923,NA
2,"A",2,14.68,"Value2"
3,"A",3,10,"Value1"
4,"A",4,30.214009633293,NA
5,"A",5,66.3798296377073,NA
6,"B",1,67.3963255435498,NA
7,"B",2,27.674389782058,NA
8,"B",3,69.7543761751725,NA
9,"B",4,22.7689097555119,NA
10,"B",5,91.2116460776576,NA
