"Order","Group","GroupOrder","Height","Identifier"
1,"A",1,50.2644149336892,NA
2,"A",2,26.1,"Value2"
3,"A",3,16.192763415771,NA
4,"A",4,63.4842745162044,NA
5,"A",5,27.8007862353449,NA
6,"B",1,19.529910671768,NA
7,"B",2,14.68,"Value1"
8,"B",3,32.4566555614873,NA
9,"B",4,81.6202528208018,NA
10,"B",5,28.5505546777518,NA
