"Order","Group","GroupOrder","Height","Identifier"
1,"A",1,39.460636462326,NA
2,"A",2,91.103592843398,NA
3,"A",3,19.9579762281969,NA
4,"A",4,17.78,"Target"
5,"A",5,36.5085146026007,NA
6,"B",1,68.1252635751024,NA
7,"B",2,12.10818,"Newbar"
8,"B",3,64.1743624664635,NA
9,"B",4,78.1973908793251,NA
10,"B",5,52.5724296214706,NA
