"Order","Group","GroupOrder","Height","Identifier"
1,"A",1,54.9949839150547,NA
2,"A",2,26.08911,"Newbar"
3,"A",3,23.484629938762,NA
4,"A",4,38.31,"Target"
5,"A",5,43.2713440299091,NA
6,"B",1,29.2725500501737,NA
7,"B",2,19.2926332352031,NA
8,"B",3,44.3805015951702,NA
9,"B",4,27.6660746296241,NA
10,"B",5,70.7637567752854,NA
