"Order","Group","GroupOrder","Height","Identifier"
1,"A",1,54.927466703942,NA
2,"A",2,60.1232302747348,NA
3,"A",3,8.24992,"Newbar"
4,"A",4,71.3022711093959,NA
5,"A",5,34.1261460998667,NA
6,"B",1,46.1307503083535,NA
7,"B",2,43.294631569543,NA
8,"B",3,52.30723105688,NA
9,"B",4,81.5794430176861,NA
10,"B",5,17.78,"Target"
