"Order","Group","GroupOrder","Height","Identifier"
1,"A",1,29.0071629206049,NA
2,"A",2,31.62,"Value1"
3,"A",3,39.631837702069,NA
4,"A",4,79.8011558541447,NA
5,"A",5,66.9524507653575,NA
6,"B",1,45.4693117390502,NA
7,"B",2,38.31,"Value2"
8,"B",3,18.3088907043794,NA
9,"B",4,77.6602062131029,NA
10,"B",5,87.7153140833309,NA
