"Order","Group","GroupOrder","Height","Identifier"
1,"A",1,90.8187387110138,NA
2,"A",2,26.1,"Value2"
3,"A",3,13.3375258035877,NA
4,"A",4,50.2479016447563,NA
5,"A",5,39.7863079877639,NA
6,"B",1,20.4335488071551,NA
7,"B",2,46.42,"Value1"
8,"B",3,54.9241443594157,NA
9,"B",4,76.3554646664193,NA
10,"B",5,66.743358084062,NA
