"Order","Group","GroupOrder","Height","Identifier"
1,"A",1,52.9707899140209,NA
2,"A",2,31.62,"Value2"
3,"A",3,46.42,"Value1"
4,"A",4,79.3869072966888,NA
5,"A",5,5.61346643202349,NA
6,"B",1,42.246611130499,NA
7,"B",2,41.204679184044,NA
8,"B",3,74.7623464733031,NA
9,"B",4,33.004934471866,NA
10,"B",5,18.0944417588115,NA
