"Order","Group","GroupOrder","Height","Identifier"
1,"A",1,61.6810617037335,NA
2,"A",2,46.42,"Value2"
3,"A",3,21.54,"Value1"
4,"A",4,44.1751226999927,NA
5,"A",5,92.2828602448789,NA
6,"B",1,52.6488144071679,NA
7,"B",2,91.9864561404648,NA
8,"B",3,16.905494909979,NA
9,"B",4,21.9039011852227,NA
10,"B",5,77.1215882887549,NA
