"Order","Group","GroupOrder","Height","Identifier"
1,"A",1,52.5517877697135,NA
2,"A",2,10,"Value2"
3,"A",3,26.1,"Value1"
4,"A",4,59.0473505943588,NA
5,"A",5,53.7472389242977,NA
6,"B",1,10.5727353650488,NA
7,"B",2,42.1811793121413,NA
8,"B",3,12.5417110836384,NA
9,"B",4,15.5658271965273,NA
10,"B",5,15.9910276082525,NA
