"Order","Group","GroupOrder","Height","Identifier"
1,"A",1,19.1230796169009,NA
2,"A",2,31.62,"Value2"
3,"A",3,56.23,"Value1"
4,"A",4,18.8225117598592,NA
5,"A",5,30.6132107863476,NA
6,"B",1,57.8566189398958,NA
7,"B",2,28.8474612882817,NA
8,"B",3,54.7354708864597,NA
9,"B",4,89.719429246068,NA
10,"B",5,27.5070535925627,NA
