"Order","Group","GroupOrder","Height","Identifier"
1,"A",1,79.7990632174167,NA
2,"A",2,12.12,"Value2"
3,"A",3,14.68,"Value1"
4,"A",4,24.9130390597331,NA
5,"A",5,48.2546253109718,NA
6,"B",1,39.4817664653239,NA
7,"B",2,55.8994498646077,NA
8,"B",3,69.2971957714889,NA
9,"B",4,67.918778118385,NA
10,"B",5,12.9942684994441,NA
