"Order","Group","GroupOrder","Height","Identifier"
1,"A",1,96.2965744713332,NA
2,"A",2,42.6003214520373,NA
3,"A",3,80.8898657254508,NA
4,"A",4,21.54,"Target"
5,"A",5,81.0638693594312,NA
6,"B",1,49.4268918881378,NA
7,"B",2,12.10548,"Newbar"
8,"B",3,30.7800395707306,NA
9,"B",4,78.5269638587151,NA
10,"B",5,30.8900491866406,NA
