"Order","Group","GroupOrder","Height","Identifier"
1,"A",1,71.984123269706,NA
2,"A",2,12.12,"Value2"
3,"A",3,28.4382493120079,NA
4,"A",4,43.012562668943,NA
5,"A",5,90.4108358238625,NA
6,"B",1,14.0631562691008,NA
7,"B",2,21.54,"Value1"
8,"B",3,37.6348922711552,NA
9,"B",4,52.2620388644321,NA
10,"B",5,25.5952758547931,NA
