"Order","Group","GroupOrder","Height","Identifier"
1,"A",1,55.4665148435449,NA
2,"A",2,56.23,"Value2"
3,"A",3,57.511495760439,NA
4,"A",4,68.8317980054359,NA
5,"A",5,76.1046019896691,NA
6,"B",1,57.0189119506512,NA
7,"B",2,46.42,"Value1"
8,"B",3,23.2039000497901,NA
9,"B",4,81.5464683457687,NA
10,"B",5,53.3866958005475,NA
