"Order","Group","GroupOrder","Height","Identifier"
1,"A",1,25.761168398264,NA
2,"A",2,10.6901656327136,NA
3,"A",3,28.724520953147,NA
4,"A",4,65.3586619272131,NA
5,"A",5,14.66874,"Newbar"
6,"B",1,17.9924483947444,NA
7,"B",2,55.5017495113745,NA
8,"B",3,16.4294502560379,NA
9,"B",4,21.54,"Target"
10,"B",5,64.5833685332928,NA
