"Order","Group","GroupOrder","Height","Identifier"
1,"A",1,40.3680386280206,NA
2,"A",2,14.68,"Value2"
3,"A",3,38.31,"Value1"
4,"A",4,28.0345427301508,NA
5,"A",5,48.3939836388233,NA
6,"B",1,81.0171014276423,NA
7,"B",2,77.3460509143874,NA
8,"B",3,22.3664995967392,NA
9,"B",4,40.9997156926354,NA
10,"B",5,69.3677644855463,NA
