"Order","Group","GroupOrder","Height","Identifier"
1,"A",1,69.2149627416149,NA
2,"A",2,14.68,"Target"
3,"A",3,52.2412492379533,NA
4,"A",4,65.1766739464067,NA
5,"A",5,45.6871367272321,NA
6,"B",1,22.1078051694528,NA
7,"B",2,88.3221279426002,NA
8,"B",3,63.3988103037357,NA
9,"B",4,26.5063720208401,NA
10,"B",5,6.81152,"Newbar"
