"Order","Group","GroupOrder","Height","Identifier"
1,"A",1,44.3945491730889,NA
2,"A",2,63.0686709517962,NA
3,"A",3,52.5470277109465,NA
4,"A",4,58.3520382134075,NA
5,"A",5,43.3622460990124,NA
6,"B",1,14.6682,"Newbar"
7,"B",2,30.6655715182453,NA
8,"B",3,26.1,"Target"
9,"B",4,66.1955816120462,NA
10,"B",5,55.0907491201734,NA
