"Order","Group","GroupOrder","Height","Identifier"
1,"A",1,57.6094388318068,NA
2,"A",2,17.78,"Value1"
3,"A",3,10,"Value2"
4,"A",4,78.7174503712788,NA
5,"A",5,70.4952775930622,NA
6,"B",1,48.3242445627207,NA
7,"B",2,40.3499179275742,NA
8,"B",3,56.2624799307972,NA
9,"B",4,65.2773605946064,NA
10,"B",5,68.7361768453326,NA
