"Order","Group","GroupOrder","Height","Identifier"
1,"A",1,63.5344560700471,NA
2,"A",2,31.62,"Target"
3,"A",3,44.3768925044887,NA
4,"A",4,46.8119312999393,NA
5,"A",5,86.8773729230785,NA
6,"B",1,10.3499762904579,NA
7,"B",2,57.0512218476711,NA
8,"B",3,38.6766505288212,NA
9,"B",4,49.6860115811924,NA
10,"B",5,5.62836,"Newbar"
