"Order","Group","GroupOrder","Height","Identifier"
1,"A",1,28.435300736894,NA
2,"A",2,21.54,"Value1"
3,"A",3,39.791689801379,NA
4,"A",4,43.0936363913683,NA
5,"A",5,13.2589616640013,NA
6,"B",1,23.6675565887737,NA
7,"B",2,14.68,"Value2"
8,"B",3,23.0402111437361,NA
9,"B",4,34.5554954691808,NA
10,"B",5,33.3393934154302,NA
