"Order","Group","GroupOrder","Height","Identifier"
1,"A",1,26.3570631893289,NA
2,"A",2,61.8946581469589,NA
3,"A",3,13.6742575491215,NA
4,"A",4,21.5325,"Newbar"
5,"A",5,26.1,"Target"
6,"B",1,39.5577099517937,NA
7,"B",2,31.2703329861712,NA
8,"B",3,55.6685527353627,NA
9,"B",4,56.4013682076983,NA
10,"B",5,17.0137941176834,NA
