"Order","Group","GroupOrder","Height","Identifier"
1,"A",1,27.782257090311,NA
2,"A",2,17.78,"Value2"
3,"A",3,45.5688168178075,NA
4,"A",4,44.4739291523267,NA
5,"A",5,61.8822174015787,NA
6,"B",1,3.89902199025312,NA
7,"B",2,31.62,"Value1"
8,"B",3,30.1387434093483,NA
9,"B",4,56.2579091955907,NA
10,"B",5,80.0768895307969,NA
