"Order","Group","GroupOrder","Height","Identifier"
1,"A",1,79.2975127901749,NA
2,"A",2,48.2664409372997,NA
3,"A",3,17.0559072833759,NA
4,"A",4,21.53609,"Newbar"
5,"A",5,22.7277470999414,NA
6,"B",1,56.23,"Target"
7,"B",2,41.415752342886,NA
8,"B",3,87.3801627130551,NA
9,"B",4,47.7033932715885,NA
10,"B",5,29.785059880911,NA
