"Order","Group","GroupOrder","Height","Identifier"
1,"A",1,59.2267613232036,NA
2,"A",2,59.9904496991034,NA
3,"A",3,14.68,"Target"
4,"A",4,52.6006396321926,NA
5,"A",5,15.2521273397481,NA
6,"B",1,23.7864641303371,NA
7,"B",2,28.1565660520214,NA
8,"B",3,94.222394544372,NA
9,"B",4,8.25016,"Newbar"
10,"B",5,36.0367747004412,NA
