"Order","Group","GroupOrder","Height","Identifier"
1,"A",1,8.25282,"Newbar"
2,"A",2,24.6235747113997,NA
3,"A",3,32.435074761318,NA
4,"A",4,39.0717793900001,NA
5,"A",5,84.6980565564561,NA
6,"B",1,74.8496588888789,NA
7,"B",2,21.3226423928612,NA
8,"B",3,31.62,"Target"
9,"B",4,46.8956153934665,NA
10,"B",5,60.8322013314395,NA
