"Order","Group","GroupOrder","Height","Identifier"
1,"A",1,56.5989879179338,NA
2,"A",2,26.1,"Value2"
3,"A",3,10,"Value1"
4,"A",4,27.2137304900903,NA
5,"A",5,47.1390801503378,NA
6,"B",1,35.4124387965556,NA
7,"B",2,78.5200207074714,NA
8,"B",3,20.1815902397264,NA
9,"B",4,69.8413614321078,NA
10,"B",5,23.482154877332,NA
