"Order","Group","GroupOrder","Height","Identifier"
1,"A",1,38.9387609422702,NA
2,"A",2,12.12,"Value1"
3,"A",3,25.8016681444451,NA
4,"A",4,47.6121335794298,NA
5,"A",5,75.9910361803075,NA
6,"B",1,68.246936543878,NA
7,"B",2,21.54,"Value2"
8,"B",3,62.9000125398018,NA
9,"B",4,76.2673855922476,NA
10,"B",5,79.0471329624775,NA
