"Order","Group","GroupOrder","Height","Identifier"
1,"A",1,21.97216492403,NA
2,"A",2,31.62,"Value1"
3,"A",3,39.0987610116617,NA
4,"A",4,43.0456585971566,NA
5,"A",5,52.6887599555574,NA
6,"B",1,34.3568439470962,NA
7,"B",2,14.68,"Value2"
8,"B",3,65.0325895685311,NA
9,"B",4,42.5529045737837,NA
10,"B",5,29.7939125998411,NA
