"Order","Group","GroupOrder","Height","Identifier"
1,"A",1,47.8031134356826,NA
2,"A",2,38.31,"Value1"
3,"A",3,66.6752524248415,NA
4,"A",4,34.002262790276,NA
5,"A",5,73.0091774166948,NA
6,"B",1,41.8873852448235,NA
7,"B",2,10,"Value2"
8,"B",3,26.5514857508164,NA
9,"B",4,41.5784262845295,NA
10,"B",5,45.7755536113603,NA
