"Order","Group","GroupOrder","Height","Identifier"
1,"A",1,9.90479006057869,NA
2,"A",2,38.31,"Value2"
3,"A",3,40.7730288792347,NA
4,"A",4,63.8297069983947,NA
5,"A",5,48.1124644172948,NA
6,"B",1,63.8197876808999,NA
7,"B",2,10,"Value1"
8,"B",3,22.3203928120131,NA
9,"B",4,30.890821473175,NA
10,"B",5,51.7127318038452,NA
