"Order","Group","GroupOrder","Height","Identifier"
1,"A",1,59.1613264359025,NA
2,"A",2,12.12,"Value2"
3,"A",3,8.10367356455207,NA
4,"A",4,48.989452340158,NA
5,"A",5,92.539970699557,NA
6,"B",1,35.9183565587326,NA
7,"B",2,38.31,"Value1"
8,"B",3,57.4038033198364,NA
9,"B",4,76.0856773116536,NA
10,"B",5,47.5936033379607,NA
