"Order","Group","GroupOrder","Height","Identifier"
1,"A",1,47.7113089959284,NA
2,"A",2,82.0810274608043,NA
3,"A",3,40.7469041428773,NA
4,"A",4,44.1268795488533,NA
5,"A",5,24.0928686693562,NA
6,"B",1,26.1,"Target"
7,"B",2,35.4695064995637,NA
8,"B",3,64.5145831943264,NA
9,"B",4,21.5325,"Newbar"
10,"B",5,80.0857085473929,NA
