"Order","Group","GroupOrder","Height","Identifier"
1,"A",1,72.3183937374672,NA
2,"A",2,12.12,"Value2"
3,"A",3,31.62,"Value1"
4,"A",4,74.6814423850635,NA
5,"A",5,37.9044048716797,NA
6,"B",1,51.9813305444597,NA
7,"B",2,75.2326413935926,NA
8,"B",3,61.5059961648682,NA
9,"B",4,8.33418218772083,NA
10,"B",5,53.1254024038471,NA
