"Order","Group","GroupOrder","Height","Identifier"
1,"A",1,75.9451848770406,NA
2,"A",2,30.0530638242452,NA
3,"A",3,45.8843763064914,NA
4,"A",4,76.7354707772899,NA
5,"A",5,56.0602056315879,NA
6,"B",1,60.2282144100866,NA
7,"B",2,80.4270113417482,NA
8,"B",3,17.78,"Target"
9,"B",4,27.3169735335996,NA
10,"B",5,12.10818,"Newbar"
