"Order","Group","GroupOrder","Height","Identifier"
1,"A",1,17.78,"Target"
2,"A",2,36.4997737308905,NA
3,"A",3,64.9800650966344,NA
4,"A",4,38.1963817987369,NA
5,"A",5,32.268189049788,NA
6,"B",1,67.9764720300371,NA
7,"B",2,81.270397009505,NA
8,"B",3,46.3943560722297,NA
9,"B",4,85.6944135882469,NA
10,"B",5,12.10818,"Newbar"
