"Order","Group","GroupOrder","Height","Identifier"
1,"A",1,31.60575,"Newbar"
2,"A",2,84.3200162275186,NA
3,"A",3,49.503891967453,NA
4,"A",4,64.5892627035633,NA
5,"A",5,45.2725062603377,NA
6,"B",1,29.455363111444,NA
7,"B",2,61.3514803213365,NA
8,"B",3,35.06751402246,NA
9,"B",4,38.31,"Target"
10,"B",5,45.7476682917245,NA
