"Order","Group","GroupOrder","Height","Identifier"
1,"A",1,43.436847433708,NA
2,"A",2,10,"Target"
3,"A",3,69.1417887696226,NA
4,"A",4,15.3411655792057,NA
5,"A",5,4.64,"Newbar"
6,"B",1,53.5233501983215,NA
7,"B",2,48.6166740858104,NA
8,"B",3,12.1633166602046,NA
9,"B",4,34.0358509776208,NA
10,"B",5,24.0575921999383,NA
