"Order","Group","GroupOrder","Height","Identifier"
1,"A",1,95.2346547414382,NA
2,"A",2,70.1966206212107,NA
3,"A",3,41.2863856753234,NA
4,"A",4,65.9942990267855,NA
5,"A",5,48.2134704426011,NA
6,"B",1,49.694598079775,NA
7,"B",2,12.1104,"Newbar"
8,"B",3,43.341691753425,NA
9,"B",4,26.1,"Target"
10,"B",5,49.3294879885481,NA
