"Order","Group","GroupOrder","Height","Identifier"
1,"A",1,44.1970232602503,NA
2,"A",2,71.7514093766981,NA
3,"A",3,13.2161954634352,NA
4,"A",4,12.5086445780237,NA
5,"A",5,40.9190644122174,NA
6,"B",1,54.302999883582,NA
7,"B",2,14.68,"Target"
8,"B",3,81.0099351456888,NA
9,"B",4,48.0517072874566,NA
10,"B",5,9.99708,"Newbar"
