"Order","Group","GroupOrder","Height","Identifier"
1,"A",1,91.5837032283472,NA
2,"A",2,85.6731941380724,NA
3,"A",3,45.0834921612862,NA
4,"A",4,21.0136940405401,NA
5,"A",5,21.54,"Target"
6,"B",1,53.663504228028,NA
7,"B",2,33.7828604709861,NA
8,"B",3,53.327990256888,NA
9,"B",4,9.99456,"Newbar"
10,"B",5,81.8970053550769,NA
