"Order","Group","GroupOrder","Height","Identifier"
1,"A",1,55.4245352629417,NA
2,"A",2,25.1362157584771,NA
3,"A",3,85.1511233404767,NA
4,"A",4,41.6113297895926,NA
5,"A",5,14.68,"Target"
6,"B",1,46.1307320066807,NA
7,"B",2,28.4168258809065,NA
8,"B",3,12.111,"Newbar"
9,"B",4,30.7853373462378,NA
10,"B",5,57.2761798150453,NA
