"Order","Group","GroupOrder","Height","Identifier"
1,"A",1,34.2184545151523,NA
2,"A",2,14.68,"Value2"
3,"A",3,31.62,"Value1"
4,"A",4,30.626441492925,NA
5,"A",5,36.6019767091297,NA
6,"B",1,83.6706947458764,NA
7,"B",2,95.0604609446039,NA
8,"B",3,61.4313192529815,NA
9,"B",4,51.1195705239834,NA
10,"B",5,40.3707680953393,NA
