"Order","Group","GroupOrder","Height","Identifier"
1,"A",1,41.0599314627911,NA
2,"A",2,10,"Value2"
3,"A",3,23.9665459787618,NA
4,"A",4,81.7359693573941,NA
5,"A",5,11.4113336030386,NA
6,"B",1,15.2983923217073,NA
7,"B",2,17.78,"Value1"
8,"B",3,49.4527506454262,NA
9,"B",4,33.9944906483468,NA
10,"B",5,38.2733599888765,NA
