"Order","Group","GroupOrder","Height","Identifier"
1,"A",1,12.5988996055771,NA
2,"A",2,38.4452445312097,NA
3,"A",3,61.6337167335581,NA
4,"A",4,71.6588187449523,NA
5,"A",5,80.9604516958175,NA
6,"B",1,49.2547792537955,NA
7,"B",2,60.6309993078386,NA
8,"B",3,38.31,"Target"
9,"B",4,27.549758934973,NA
10,"B",5,26.08911,"Newbar"
