"Order","Group","GroupOrder","Height","Identifier"
1,"A",1,40.5765310346294,NA
2,"A",2,20.5531990132861,NA
3,"A",3,8.25016,"Newbar"
4,"A",4,14.68,"Target"
5,"A",5,14.4798545904096,NA
6,"B",1,39.1031871964575,NA
7,"B",2,16.4767280025727,NA
8,"B",3,58.3458772459815,NA
9,"B",4,26.1621573733741,NA
10,"B",5,78.2577287012644,NA
