"Order","Group","GroupOrder","Height","Identifier"
1,"A",1,28.5458684556608,NA
2,"A",2,26.1,"Value2"
3,"A",3,27.5813497462111,NA
4,"A",4,40.7634243511222,NA
5,"A",5,78.0948238038158,NA
6,"B",1,43.3636091933319,NA
7,"B",2,12.12,"Value1"
8,"B",3,49.1113852906329,NA
9,"B",4,60.2368968596981,NA
10,"B",5,52.7730170356186,NA
