"Order","Group","GroupOrder","Height","Identifier"
1,"A",1,18.8424022557693,NA
2,"A",2,17.78,"Value1"
3,"A",3,12.12,"Value2"
4,"A",4,32.6501979302033,NA
5,"A",5,14.3323261735479,NA
6,"B",1,45.2995485832437,NA
7,"B",2,88.0471473242874,NA
8,"B",3,43.5226416726864,NA
9,"B",4,34.1489856707162,NA
10,"B",5,65.5686096470929,NA
