"Order","Group","GroupOrder","Height","Identifier"
1,"A",1,91.1081536756387,NA
2,"A",2,17.78,"Value1"
3,"A",3,17.4321390962331,NA
4,"A",4,90.5894915382119,NA
5,"A",5,67.416939224121,NA
6,"B",1,90.0689232115024,NA
7,"B",2,21.54,"Value2"
8,"B",3,18.423615246326,NA
9,"B",4,47.9459204117402,NA
10,"B",5,43.1791980585566,NA
