"Order","Group","GroupOrder","Height","Identifier"
1,"A",1,52.6043494756319,NA
2,"A",2,46.42,"Value1"
3,"A",3,78.0375006566902,NA
4,"A",4,51.3605087601327,NA
5,"A",5,73.2673924342792,NA
6,"B",1,48.6020773867336,NA
7,"B",2,17.78,"Value2"
8,"B",3,37.8263069911542,NA
9,"B",4,93.8334565552622,NA
10,"B",5,72.0583203465559,NA
