"Order","Group","GroupOrder","Height","Identifier"
1,"A",1,24.418877602489,NA
2,"A",2,31.62,"Value2"
3,"A",3,12.12,"Value1"
4,"A",4,26.2332684701156,NA
5,"A",5,64.3734554597045,NA
6,"B",1,74.3804048264984,NA
7,"B",2,55.6235983005072,NA
8,"B",3,41.7388457153482,NA
9,"B",4,54.7176245460544,NA
10,"B",5,73.0126175760892,NA
