"Order","Group","GroupOrder","Height","Identifier"
1,"A",1,31.62,"Target"
2,"A",2,40.4046143590317,NA
3,"A",3,92.5948056209955,NA
4,"A",4,46.4311208504824,NA
5,"A",5,36.5712995654471,NA
6,"B",1,44.8461507358836,NA
7,"B",2,38.5136691415548,NA
8,"B",3,31.6308180840336,NA
9,"B",4,21.8667173896448,NA
10,"B",5,26.0865,"Newbar"
