"Order","Group","GroupOrder","Height","Identifier"
1,"A",1,16.9078906333248,NA
2,"A",2,26.1,"Value2"
3,"A",3,56.23,"Value1"
4,"A",4,6.0530808511153,NA
5,"A",5,44.2384420000245,NA
6,"B",1,55.0576211251833,NA
7,"B",2,36.6985281950635,NA
8,"B",3,15.456618809555,NA
9,"B",4,23.6857930964255,NA
10,"B",5,76.2638000371522,NA
