"Order","Group","GroupOrder","Height","Identifier"
1,"A",1,69.988807998232,NA
2,"A",2,56.23,"Value2"
3,"A",3,46.42,"Value1"
4,"A",4,77.1112520789142,NA
5,"A",5,25.8569378749491,NA
6,"B",1,37.7026386648132,NA
7,"B",2,34.6983254420344,NA
8,"B",3,67.1488257821863,NA
9,"B",4,22.4565680169834,NA
10,"B",5,36.4601335186377,NA
