"Order","Group","GroupOrder","Height","Identifier"
1,"A",1,49.7566325106859,NA
2,"A",2,31.62,"Value2"
3,"A",3,38.31,"Value1"
4,"A",4,73.3188926784787,NA
5,"A",5,55.0901480149186,NA
6,"B",1,35.970487394709,NA
7,"B",2,54.7691359127625,NA
8,"B",3,83.1936659501761,NA
9,"B",4,26.6456436933387,NA
10,"B",5,91.9873652539315,NA
