"Order","Group","GroupOrder","Height","Identifier"
1,"A",1,33.8069766557785,NA
2,"A",2,60.9128839297193,NA
3,"A",3,2.3972226995829,NA
4,"A",4,21.54,"Target"
5,"A",5,77.7151539157976,NA
6,"B",1,5.62194,"Newbar"
7,"B",2,52.5962291479034,NA
8,"B",3,58.2357481669336,NA
9,"B",4,35.2937642725544,NA
10,"B",5,47.4151023445054,NA
