"Order","Group","GroupOrder","Height","Identifier"
1,"A",1,39.7030122169399,NA
2,"A",2,21.54,"Value2"
3,"A",3,14.68,"Value1"
4,"A",4,22.3927389047861,NA
5,"A",5,93.4053196600737,NA
6,"B",1,79.5959214545435,NA
7,"B",2,18.4183478974017,NA
8,"B",3,16.2167675265245,NA
9,"B",4,12.7302799543634,NA
10,"B",5,30.1897492192736,NA
