"Order","Group","GroupOrder","Height","Identifier"
1,"A",1,70.6375308997571,NA
2,"A",2,26.1,"Target"
3,"A",3,58.4895567782716,NA
4,"A",4,74.4092828211537,NA
5,"A",5,10.9089127388227,NA
6,"B",1,22.1947631532775,NA
7,"B",2,60.021782159922,NA
8,"B",3,34.0867660516109,NA
9,"B",4,17.7741,"Newbar"
10,"B",5,56.3172194951549,NA
