"Order","Group","GroupOrder","Height","Identifier"
1,"A",1,32.7549724065115,NA
2,"A",2,55.4364394747584,NA
3,"A",3,71.6278219434504,NA
4,"A",4,74.4167869375196,NA
5,"A",5,21.53322,"Newbar"
6,"B",1,42.5778882949597,NA
7,"B",2,44.9322300376116,NA
8,"B",3,49.8717372438861,NA
9,"B",4,84.1605762059095,NA
10,"B",5,31.62,"Target"
