"Order","Group","GroupOrder","Height","Identifier"
1,"A",1,48.5033934460114,NA
2,"A",2,26.1,"Value2"
3,"A",3,39.7487709113973,NA
4,"A",4,73.6692283798149,NA
5,"A",5,48.7413584885478,NA
6,"B",1,50.9576490216153,NA
7,"B",2,56.23,"Value1"
8,"B",3,21.4558203279221,NA
9,"B",4,57.8404705245026,NA
10,"B",5,73.7673483869797,NA
