"Order","Group","GroupOrder","Height","Identifier"
1,"A",1,15.519786394083,NA
2,"A",2,26.1,"Target"
3,"A",3,59.0789128373209,NA
4,"A",4,28.4328527787826,NA
5,"A",5,87.9715458324771,NA
6,"B",1,77.7288166585299,NA
7,"B",2,12.1104,"Newbar"
8,"B",3,60.5050044822087,NA
9,"B",4,55.0876350802277,NA
10,"B",5,69.5844788294738,NA
