"Order","Group","GroupOrder","Height","Identifier"
1,"A",1,36.5580489722975,NA
2,"A",2,12.12,"Value2"
3,"A",3,66.9389206371825,NA
4,"A",4,84.0637256370515,NA
5,"A",5,57.7625636064966,NA
6,"B",1,11.2902734620175,NA
7,"B",2,17.78,"Value1"
8,"B",3,95.3813922628695,NA
9,"B",4,46.0512775340829,NA
10,"B",5,39.6003245007372,NA
