"Order","Group","GroupOrder","Height","Identifier"
1,"A",1,21.9847060930386,NA
2,"A",2,53.5250077440164,NA
3,"A",3,59.01078630986,NA
4,"A",4,20.6742905564131,NA
5,"A",5,19.453999601347,NA
6,"B",1,74.5040806798528,NA
7,"B",2,43.5990661697066,NA
8,"B",3,38.31,"Target"
9,"B",4,72.3290964065443,NA
10,"B",5,14.67273,"Newbar"
