"Order","Group","GroupOrder","Height","Identifier"
1,"A",1,33.7812177604722,NA
2,"A",2,12.12,"Value2"
3,"A",3,93.2723295241762,NA
4,"A",4,38.0274670344107,NA
5,"A",5,20.8364683702791,NA
6,"B",1,19.4500221882938,NA
7,"B",2,14.68,"Value1"
8,"B",3,55.2801868919293,NA
9,"B",4,57.6001314731398,NA
10,"B",5,55.5556845168094,NA
