"Order","Group","GroupOrder","Height","Identifier"
1,"A",1,32.5222039098386,NA
2,"A",2,16.391392316103,NA
3,"A",3,82.4320855233239,NA
4,"A",4,47.47931713278,NA
5,"A",5,49.5298015940624,NA
6,"B",1,46.38975,"Newbar"
7,"B",2,31.9731784390814,NA
8,"B",3,56.23,"Target"
9,"B",4,57.0578264443482,NA
10,"B",5,6.9361597490009,NA
