"Order","Group","GroupOrder","Height","Identifier"
1,"A",1,19.0085133347528,NA
2,"A",2,12.12,"Target"
3,"A",3,58.2753773747282,NA
4,"A",4,55.5965153123717,NA
5,"A",5,68.6347979401691,NA
6,"B",1,97.146170725308,NA
7,"B",2,29.3201097248124,NA
8,"B",3,61.4903279807705,NA
9,"B",4,9.999,"Newbar"
10,"B",5,69.9295389414888,NA
