"Order","Group","GroupOrder","Height","Identifier"
1,"A",1,21.8881087619656,NA
2,"A",2,71.3763344099466,NA
3,"A",3,46.38975,"Newbar"
4,"A",4,47.3680975572708,NA
5,"A",5,81.5207815185017,NA
6,"B",1,39.7471586543487,NA
7,"B",2,80.3493510012884,NA
8,"B",3,56.23,"Target"
9,"B",4,26.6306082814066,NA
10,"B",5,47.1935228375881,NA
