"Order","Group","GroupOrder","Height","Identifier"
1,"A",1,93.8471644305209,NA
2,"A",2,12.12,"Value2"
3,"A",3,21.54,"Value1"
4,"A",4,42.9408365829895,NA
5,"A",5,19.2261488292869,NA
6,"B",1,75.7085368756802,NA
7,"B",2,19.3896832417751,NA
8,"B",3,27.0874007500944,NA
9,"B",4,38.5798016905022,NA
10,"B",5,66.4051140715934,NA
