"Order","Group","GroupOrder","Height","Identifier"
1,"A",1,39.8867631839677,NA
2,"A",2,12.12,"Value1"
3,"A",3,46.42,"Value2"
4,"A",4,18.1692086762263,NA
5,"A",5,57.895808234761,NA
6,"B",1,43.3817071579499,NA
7,"B",2,26.4601812085448,NA
8,"B",3,55.3753675756296,NA
9,"B",4,16.3034951423756,NA
10,"B",5,26.8634981826002,NA
