"Order","Group","GroupOrder","Height","Identifier"
1,"A",1,76.4743336835497,NA
2,"A",2,26.1,"Value1"
3,"A",3,38.31,"Value2"
4,"A",4,43.8291021529928,NA
5,"A",5,47.1736095759675,NA
6,"B",1,30.3984880721023,NA
7,"B",2,48.7730165152165,NA
8,"B",3,32.9970246449596,NA
9,"B",4,52.9890282910166,NA
10,"B",5,85.3506081604007,NA
