"Order","Group","GroupOrder","Height","Identifier"
1,"A",1,40.8255661559844,NA
2,"A",2,26.1,"Value1"
3,"A",3,46.42,"Value2"
4,"A",4,64.9783163335486,NA
5,"A",5,42.7452019138521,NA
6,"B",1,15.5718050757995,NA
7,"B",2,75.6804300147488,NA
8,"B",3,79.5358532223687,NA
9,"B",4,53.5065680588536,NA
10,"B",5,78.9356409680068,NA
