"Order","Group","GroupOrder","Height","Identifier"
1,"A",1,28.2935510525602,NA
2,"A",2,18.6765129451561,NA
3,"A",3,61.973113144088,NA
4,"A",4,54.6519767776982,NA
5,"A",5,56.23,"Target"
6,"B",1,80.7626708101589,NA
7,"B",2,63.0362635336522,NA
8,"B",3,19.9972181784402,NA
9,"B",4,46.38975,"Newbar"
10,"B",5,73.1446666267822,NA
