"Order","Group","GroupOrder","Height","Identifier"
1,"A",1,70.6371946614577,NA
2,"A",2,43.3647968823805,NA
3,"A",3,80.1895316892707,NA
4,"A",4,22.3587738286581,NA
5,"A",5,12.12,"Target"
6,"B",1,62.0029298592927,NA
7,"B",2,2.15736,"Newbar"
8,"B",3,34.8480558177025,NA
9,"B",4,86.7016142334262,NA
10,"B",5,53.3371226318558,NA
