"Order","Group","GroupOrder","Height","Identifier"
1,"A",1,60.3327154845092,NA
2,"A",2,17.78,"Value2"
3,"A",3,35.3935146424429,NA
4,"A",4,64.5867736223275,NA
5,"A",5,45.0865188605334,NA
6,"B",1,16.3043866548172,NA
7,"B",2,26.1,"Value1"
8,"B",3,48.3478418723484,NA
9,"B",4,46.5558007565294,NA
10,"B",5,48.2020946560755,NA
