"Order","Group","GroupOrder","Height","Identifier"
1,"A",1,6.36147878116245,NA
2,"A",2,46.42,"Value2"
3,"A",3,17.78,"Value1"
4,"A",4,50.3699482934817,NA
5,"A",5,36.7265993300238,NA
6,"B",1,70.8991773440028,NA
7,"B",2,38.9376312769643,NA
8,"B",3,29.9723791549933,NA
9,"B",4,39.1896099053017,NA
10,"B",5,3.82872780295429,NA
