"Order","Group","GroupOrder","Height","Identifier"
1,"A",1,35.4238398380799,NA
2,"A",2,10,"Value2"
3,"A",3,38.31,"Value1"
4,"A",4,60.9354817938515,NA
5,"A",5,31.346131725732,NA
6,"B",1,29.6012673225072,NA
7,"B",2,45.4115620536088,NA
8,"B",3,46.7805960972787,NA
9,"B",4,37.6070435592073,NA
10,"B",5,57.2196664456946,NA
