"Order","Group","GroupOrder","Height","Identifier"
1,"A",1,21.53888,"Newbar"
2,"A",2,85.7611779533955,NA
3,"A",3,55.4779037293685,NA
4,"A",4,27.5941087818963,NA
5,"A",5,41.3899565903553,NA
6,"B",1,61.8112673496833,NA
7,"B",2,46.42,"Target"
8,"B",3,31.8015480913635,NA
9,"B",4,66.5966113825875,NA
10,"B",5,61.3640694352328,NA
