"Order","Group","GroupOrder","Height","Identifier"
1,"A",1,56.23,"Target"
2,"A",2,82.5476389550441,NA
3,"A",3,64.5162762090257,NA
4,"A",4,10.103686217349,NA
5,"A",5,56.4165062836032,NA
6,"B",1,23.8870944305636,NA
7,"B",2,52.5863737426602,NA
8,"B",3,38.29263,"Newbar"
9,"B",4,74.6087538581941,NA
10,"B",5,43.4530201830215,NA
