"Order","Group","GroupOrder","Height","Identifier"
1,"A",1,17.2045169008058,NA
2,"A",2,14.68,"Value1"
3,"A",3,10,"Value2"
4,"A",4,29.6754096850347,NA
5,"A",5,74.6494047804014,NA
6,"B",1,70.4330841860073,NA
7,"B",2,0.843318185548053,NA
8,"B",3,50.0074981219697,NA
9,"B",4,38.9896900772699,NA
10,"B",5,9.63676108793831,NA
