"Order","Group","GroupOrder","Height","Identifier"
1,"A",1,43.0331955144394,NA
2,"A",2,17.78,"Value2"
3,"A",3,92.5097098691629,NA
4,"A",4,19.6080736696574,NA
5,"A",5,72.1560808495624,NA
6,"B",1,69.8194615191296,NA
7,"B",2,10,"Value1"
8,"B",3,26.3574905625463,NA
9,"B",4,71.496493581056,NA
10,"B",5,74.90047822851,NA
