"Order","Group","GroupOrder","Height","Identifier"
1,"A",1,82.3272830196699,NA
2,"A",2,56.23,"Value2"
3,"A",3,31.62,"Value1"
4,"A",4,42.4069601172246,NA
5,"A",5,73.0716086151177,NA
6,"B",1,33.013217441888,NA
7,"B",2,50.0232390660069,NA
8,"B",3,75.094400620062,NA
9,"B",4,67.9024894117271,NA
10,"B",5,6.35903652616583,NA
