"Order","Group","GroupOrder","Height","Identifier"
1,"A",1,33.1485584016649,NA
2,"A",2,31.62,"Value1"
3,"A",3,17.78,"Value2"
4,"A",4,28.5171592407117,NA
5,"A",5,24.0909507482406,NA
6,"B",1,38.4629224453326,NA
7,"B",2,64.1479306964991,NA
8,"B",3,46.2930902755771,NA
9,"B",4,56.5631421306805,NA
10,"B",5,33.2808278086551,NA
