"Order","Group","GroupOrder","Height","Identifier"
1,"A",1,17.1341972053137,NA
2,"A",2,56.084236976587,NA
3,"A",3,17.7251973481689,NA
4,"A",4,39.6776179081259,NA
5,"A",5,41.2435119098268,NA
6,"B",1,57.6317201079626,NA
7,"B",2,12.12,"Target"
8,"B",3,9.999,"Newbar"
9,"B",4,58.660865509314,NA
10,"B",5,44.0208822720972,NA
