"Order","Group","GroupOrder","Height","Identifier"
1,"A",1,32.1056693144593,NA
2,"A",2,56.23,"Value1"
3,"A",3,39.3852913529003,NA
4,"A",4,66.3760695323768,NA
5,"A",5,19.72012876141,NA
6,"B",1,51.8627343560378,NA
7,"B",2,17.78,"Value2"
8,"B",3,80.4374304847435,NA
9,"B",4,34.267791886947,NA
10,"B",5,78.6700971930285,NA
