"Order","Group","GroupOrder","Height","Identifier"
1,"A",1,33.4560783186182,NA
2,"A",2,27.7648603226503,NA
3,"A",3,37.7248678888763,NA
4,"A",4,14.67168,"Newbar"
5,"A",5,52.0637409712463,NA
6,"B",1,13.0463732016871,NA
7,"B",2,29.8235681098461,NA
8,"B",3,31.62,"Target"
9,"B",4,85.4802287006535,NA
10,"B",5,13.585187731096,NA
