"Order","Group","GroupOrder","Height","Identifier"
1,"A",1,24.8193598364395,NA
2,"A",2,26.1,"Value1"
3,"A",3,12.12,"Value2"
4,"A",4,10.8126403059452,NA
5,"A",5,50.8173877246714,NA
6,"B",1,71.5366848036578,NA
7,"B",2,51.7629463546041,NA
8,"B",3,85.0113812638677,NA
9,"B",4,18.2003539923423,NA
10,"B",5,61.4133693984157,NA
