"Order","Group","GroupOrder","Height","Identifier"
1,"A",1,84.6633401560225,NA
2,"A",2,47.3308306196855,NA
3,"A",3,26.2092526927335,NA
4,"A",4,44.7811048632039,NA
5,"A",5,69.5853361114964,NA
6,"B",1,12.12,"Target"
7,"B",2,40.8399723435701,NA
8,"B",3,9.999,"Newbar"
9,"B",4,24.7288195949384,NA
10,"B",5,51.6271827474105,NA
