"Order","Group","GroupOrder","Height","Identifier"
1,"A",1,59.3400747747252,NA
2,"A",2,56.23,"Value2"
3,"A",3,70.7763703253527,NA
4,"A",4,19.0970959012066,NA
5,"A",5,39.5315013951401,NA
6,"B",1,43.3377651139793,NA
7,"B",2,12.12,"Value1"
8,"B",3,66.8627684054747,NA
9,"B",4,62.8092348125039,NA
10,"B",5,31.1487765562637,NA
