"Order","Group","GroupOrder","Height","Identifier"
1,"A",1,78.889581217513,NA
2,"A",2,30.9217068319305,NA
3,"A",3,41.6398497493342,NA
4,"A",4,7.87882146158582,NA
5,"A",5,59.7451837672443,NA
6,"B",1,24.9298313432948,NA
7,"B",2,17.0354618210681,NA
8,"B",3,79.1741652308786,NA
9,"B",4,17.78,"Target"
10,"B",5,14.6685,"Newbar"
