"Order","Group","GroupOrder","Height","Identifier"
1,"A",1,30.1452836004962,NA
2,"A",2,60.5025640052653,NA
3,"A",3,64.8868555020918,NA
4,"A",4,33.2890884752149,NA
5,"A",5,42.9345871087433,NA
6,"B",1,44.58913737777,NA
7,"B",2,5.62194,"Newbar"
8,"B",3,21.54,"Target"
9,"B",4,53.6904297047512,NA
10,"B",5,47.2609296744204,NA
