"Order","Group","GroupOrder","Height","Identifier"
1,"A",1,53.6648251550055,NA
2,"A",2,8.44777776278123,NA
3,"A",3,16.9053218938356,NA
4,"A",4,90.1805406520722,NA
5,"A",5,31.62,"Target"
6,"B",1,67.8854143795598,NA
7,"B",2,17.77044,"Newbar"
8,"B",3,33.5338331379061,NA
9,"B",4,29.0599630951266,NA
10,"B",5,8.00384787882882,NA
