"Order","Group","GroupOrder","Height","Identifier"
1,"A",1,83.0219501303768,NA
2,"A",2,56.23,"Value1"
3,"A",3,21.54,"Value2"
4,"A",4,29.0331354670689,NA
5,"A",5,48.1579702391031,NA
6,"B",1,68.1191578469314,NA
7,"B",2,16.4118937097795,NA
8,"B",3,85.9911909488574,NA
9,"B",4,47.3533407247681,NA
10,"B",5,2.86263691253126,NA
