"Order","Group","GroupOrder","Height","Identifier"
1,"A",1,66.9922190595815,NA
2,"A",2,38.31,"Value2"
3,"A",3,10,"Value1"
4,"A",4,66.4866338438275,NA
5,"A",5,77.1370072766755,NA
6,"B",1,57.7334387479704,NA
7,"B",2,45.2086955176097,NA
8,"B",3,87.1929299117785,NA
9,"B",4,24.4527071449791,NA
10,"B",5,76.6676093984943,NA
