"Order","Group","GroupOrder","Height","Identifier"
1,"A",1,42.6530123237381,NA
2,"A",2,17.7705,"Newbar"
3,"A",3,37.0823287134321,NA
4,"A",4,20.1905237733862,NA
5,"A",5,21.54,"Target"
6,"B",1,23.0490034049393,NA
7,"B",2,25.7706610569312,NA
8,"B",3,46.3505428533052,NA
9,"B",4,40.6268785951975,NA
10,"B",5,23.1483784457705,NA
