"Order","Group","GroupOrder","Height","Identifier"
1,"A",1,59.0007054306742,NA
2,"A",2,26.0865,"Newbar"
3,"A",3,44.8092467086903,NA
4,"A",4,31.62,"Target"
5,"A",5,43.7897583119077,NA
6,"B",1,14.0010823604904,NA
7,"B",2,23.3349427172623,NA
8,"B",3,88.3761141163483,NA
9,"B",4,36.4101890331852,NA
10,"B",5,14.0068911755351,NA
