"Order","Group","GroupOrder","Height","Identifier"
1,"A",1,40.7591409256988,NA
2,"A",2,46.42,"Value2"
3,"A",3,89.3850506958085,NA
4,"A",4,26.4619901404693,NA
5,"A",5,85.5936769984264,NA
6,"B",1,74.2473970237103,NA
7,"B",2,14.68,"Value1"
8,"B",3,48.4512141199512,NA
9,"B",4,63.8132232201462,NA
10,"B",5,74.1339893479252,NA
