"Order","Group","GroupOrder","Height","Identifier"
1,"A",1,25.3322930653945,NA
2,"A",2,21.114576886672,NA
3,"A",3,27.5085984943065,NA
4,"A",4,10,"Target"
5,"A",5,21.898833288816,NA
6,"B",1,62.3185456972071,NA
7,"B",2,61.9645795118646,NA
8,"B",3,61.8044861826269,NA
9,"B",4,35.233965374124,NA
10,"B",5,6.81,"Newbar"
