"Order","Group","GroupOrder","Height","Identifier"
1,"A",1,22.5941933199144,NA
2,"A",2,26.8217116933589,NA
3,"A",3,55.343639056428,NA
4,"A",4,46.9059013213801,NA
5,"A",5,42.8613616540555,NA
6,"B",1,17.78,"Target"
7,"B",2,87.78223938227,NA
8,"B",3,44.0652388053909,NA
9,"B",4,9.99236,"Newbar"
10,"B",5,43.5405331746544,NA
