"Order","Group","GroupOrder","Height","Identifier"
1,"A",1,11.5865025617299,NA
2,"A",2,26.1,"Value2"
3,"A",3,46.003071266115,NA
4,"A",4,87.5150349940566,NA
5,"A",5,47.7410691130797,NA
6,"B",1,61.0737043246678,NA
7,"B",2,31.62,"Value1"
8,"B",3,17.8737160672588,NA
9,"B",4,65.2252262324935,NA
10,"B",5,71.8082028526951,NA
