"Order","Group","GroupOrder","Height","Identifier"
1,"A",1,15.7953009267526,NA
2,"A",2,21.54,"Value1"
3,"A",3,10,"Value2"
4,"A",4,84.8107675202102,NA
5,"A",5,84.3100604453387,NA
6,"B",1,62.5450792328368,NA
7,"B",2,45.878477549781,NA
8,"B",3,53.609963910572,NA
9,"B",4,15.8116017880233,NA
10,"B",5,44.4423709366332,NA
