"Order","Group","GroupOrder","Height","Identifier"
1,"A",1,78.2198940921663,NA
2,"A",2,17.77886,"Newbar"
3,"A",3,58.0121132204586,NA
4,"A",4,39.4795025432476,NA
5,"A",5,45.4086470082612,NA
6,"B",1,71.5048023218308,NA
7,"B",2,27.5758282515533,NA
8,"B",3,46.42,"Target"
9,"B",4,50.7932823477276,NA
10,"B",5,79.0179661217056,NA
