"Order","Group","GroupOrder","Height","Identifier"
1,"A",1,14.68,"Target"
2,"A",2,6.81152,"Newbar"
3,"A",3,10.4921390172778,NA
4,"A",4,83.0799530761693,NA
5,"A",5,29.2448872591934,NA
6,"B",1,73.8523510667876,NA
7,"B",2,65.3430690356427,NA
8,"B",3,23.2254271576481,NA
9,"B",4,57.3205045104418,NA
10,"B",5,61.8207942297685,NA
