"Order","Group","GroupOrder","Height","Identifier"
1,"A",1,5.62368,"Newbar"
2,"A",2,7.50706511718453,NA
3,"A",3,46.3549820885779,NA
4,"A",4,12.12,"Target"
5,"A",5,38.9342909732386,NA
6,"B",1,75.4722174473562,NA
7,"B",2,72.8223376634622,NA
8,"B",3,76.4688567932327,NA
9,"B",4,76.6563154053099,NA
10,"B",5,7.33253545200001,NA
