"Order","Group","GroupOrder","Height","Identifier"
1,"A",1,35.3876222770016,NA
2,"A",2,59.8582014117291,NA
3,"A",3,64.7895109025992,NA
4,"A",4,81.6200762855086,NA
5,"A",5,56.23,"Target"
6,"B",1,68.4050955035252,NA
7,"B",2,11.9888396716467,NA
8,"B",3,29.1435187385045,NA
9,"B",4,76.2225918892821,NA
10,"B",5,10.00894,"Newbar"
