"Order","Group","GroupOrder","Height","Identifier"
1,"A",1,46.42,"Target"
2,"A",2,34.810180806293,NA
3,"A",3,64.0790703687479,NA
4,"A",4,40.9253968480452,NA
5,"A",5,40.2421269577214,NA
6,"B",1,28.917519924231,NA
7,"B",2,47.3409789273272,NA
8,"B",3,26.08804,"Newbar"
9,"B",4,34.6653736030471,NA
10,"B",5,19.9536949349123,NA
