"Order","Group","GroupOrder","Height","Identifier"
1,"A",1,95.2945055363947,NA
2,"A",2,70.3303057119209,NA
3,"A",3,54.8534498610432,NA
4,"A",4,38.2965,"Newbar"
5,"A",5,73.172661757163,NA
6,"B",1,72.301670374253,NA
7,"B",2,46.4640644045106,NA
8,"B",3,46.42,"Target"
9,"B",4,45.7074733862304,NA
10,"B",5,56.453034168376,NA
