"Order","Group","GroupOrder","Height","Identifier"
1,"A",1,54.0096186657678,NA
2,"A",2,46.42,"Value2"
3,"A",3,32.7504011288898,NA
4,"A",4,57.3353166875647,NA
5,"A",5,73.086501837634,NA
6,"B",1,60.8217020881213,NA
7,"B",2,56.23,"Value1"
8,"B",3,76.9948650241419,NA
9,"B",4,26.0222534604063,NA
10,"B",5,52.8772987602661,NA
