"Order","Group","GroupOrder","Height","Identifier"
1,"A",1,21.53022,"Newbar"
2,"A",2,29.2318006662592,NA
3,"A",3,86.7055802135198,NA
4,"A",4,16.2283532315654,NA
5,"A",5,7.28808036494308,NA
6,"B",1,62.9556632180458,NA
7,"B",2,24.1525496867424,NA
8,"B",3,51.6873070369094,NA
9,"B",4,38.31,"Target"
10,"B",5,77.6198745804116,NA
