"Order","Group","GroupOrder","Height","Identifier"
1,"A",1,42.892915646597,NA
2,"A",2,22.6586129329281,NA
3,"A",3,53.7275877801511,NA
4,"A",4,36.4367240093249,NA
5,"A",5,31.112454431914,NA
6,"B",1,21.54,"Target"
7,"B",2,12.10548,"Newbar"
8,"B",3,25.8828424188568,NA
9,"B",4,68.5177839135502,NA
10,"B",5,57.1361838434708,NA
