"Order","Group","GroupOrder","Height","Identifier"
1,"A",1,49.3743174287072,NA
2,"A",2,13.7007834696971,NA
3,"A",3,54.8418169349609,NA
4,"A",4,61.9015920200274,NA
5,"A",5,14.67603,"Newbar"
6,"B",1,56.23,"Target"
7,"B",2,15.6632143467282,NA
8,"B",3,15.4005357851934,NA
9,"B",4,64.5402642849451,NA
10,"B",5,93.3787421676459,NA
