"Order","Group","GroupOrder","Height","Identifier"
1,"A",1,58.7629392170956,NA
2,"A",2,56.23,"Value2"
3,"A",3,17.78,"Value1"
4,"A",4,27.7478127287138,NA
5,"A",5,60.5434101708488,NA
6,"B",1,37.5780185881206,NA
7,"B",2,70.9429435666621,NA
8,"B",3,37.4950053599733,NA
9,"B",4,64.2324563670791,NA
10,"B",5,84.6193344222933,NA
