"Order","Group","GroupOrder","Height","Identifier"
1,"A",1,60.6485224662761,NA
2,"A",2,50.201752905667,NA
3,"A",3,63.560938303667,NA
4,"A",4,21.53322,"Newbar"
5,"A",5,47.6223183631043,NA
6,"B",1,11.7483449988349,NA
7,"B",2,57.0489883028105,NA
8,"B",3,78.6655022751063,NA
9,"B",4,43.8969846443307,NA
10,"B",5,31.62,"Target"
