"Order","Group","GroupOrder","Height","Identifier"
1,"A",1,28.0025109115394,NA
2,"A",2,30.8022621933546,NA
3,"A",3,9.99456,"Newbar"
4,"A",4,53.4834244617375,NA
5,"A",5,34.0678450620908,NA
6,"B",1,32.716533270112,NA
7,"B",2,77.2128518515174,NA
8,"B",3,11.5126134568361,NA
9,"B",4,21.54,"Target"
10,"B",5,73.382788293992,NA
