"Order","Group","GroupOrder","Height","Identifier"
1,"A",1,43.9850104389628,NA
2,"A",2,2.61304,"Newbar"
3,"A",3,61.5229791742501,NA
4,"A",4,14.68,"Target"
5,"A",5,26.6031707731239,NA
6,"B",1,94.5170491827108,NA
7,"B",2,40.2830700399311,NA
8,"B",3,30.3107175455523,NA
9,"B",4,34.3380088933733,NA
10,"B",5,21.6364326470712,NA
