"Order","Group","GroupOrder","Height","Identifier"
1,"A",1,36.2701224383097,NA
2,"A",2,48.3692502152052,NA
3,"A",3,6.8121,"Newbar"
4,"A",4,26.1,"Target"
5,"A",5,46.9161219226412,NA
6,"B",1,38.1665978888402,NA
7,"B",2,9.02508503420386,NA
8,"B",3,67.8843284651885,NA
9,"B",4,65.5291894732496,NA
10,"B",5,30.3945143477066,NA
