"Order","Group","GroupOrder","Height","Identifier"
1,"A",1,4.64,"Newbar"
2,"A",2,10,"Target"
3,"A",3,51.2438309566392,NA
4,"A",4,46.3177853641555,NA
5,"A",5,29.8602314269006,NA
6,"B",1,62.2016214505077,NA
7,"B",2,27.4613203319174,NA
8,"B",3,48.6714869867337,NA
9,"B",4,75.6429894579196,NA
10,"B",5,58.4756109739656,NA
