"Order","Group","GroupOrder","Height","Identifier"
1,"A",1,24.5833839746697,NA
2,"A",2,38.31,"Value1"
3,"A",3,86.3320102689946,NA
4,"A",4,9.20751941926622,NA
5,"A",5,35.671168540777,NA
6,"B",1,71.8278068904421,NA
7,"B",2,31.62,"Value2"
8,"B",3,43.4795186093714,NA
9,"B",4,50.8624947848602,NA
10,"B",5,79.7008956128215,NA
