"Order","Group","GroupOrder","Height","Identifier"
1,"A",1,32.3070334222734,NA
2,"A",2,89.8713902760322,NA
3,"A",3,81.4849732178694,NA
4,"A",4,5.62,"Newbar"
5,"A",5,22.0348531534571,NA
6,"B",1,86.8549739904008,NA
7,"B",2,46.0211897992529,NA
8,"B",3,66.0371012346175,NA
9,"B",4,10,"Target"
10,"B",5,67.7439933387755,NA
