"Order","Group","GroupOrder","Height","Identifier"
1,"A",1,6.19291289926798,NA
2,"A",2,26.0847402260193,NA
3,"A",3,31.62,"Target"
4,"A",4,96.4433352266199,NA
5,"A",5,84.6072052354437,NA
6,"B",1,30.2780636999826,NA
7,"B",2,12.11046,"Newbar"
8,"B",3,72.9958102513771,NA
9,"B",4,69.8462451174784,NA
10,"B",5,91.4903138697569,NA
