"Order","Group","GroupOrder","Height","Identifier"
1,"A",1,37.782700362774,NA
2,"A",2,59.7865949968964,NA
3,"A",3,56.0020491397605,NA
4,"A",4,39.4743785173367,NA
5,"A",5,61.494937547295,NA
6,"B",1,33.3028828801186,NA
7,"B",2,17.78,"Target"
8,"B",3,68.831190938402,NA
9,"B",4,28.360682763799,NA
10,"B",5,4.64058,"Newbar"
