"Order","Group","GroupOrder","Height","Identifier"
1,"A",1,81.4513110956206,NA
2,"A",2,31.62,"Value2"
3,"A",3,26.1,"Value1"
4,"A",4,8.90251025572539,NA
5,"A",5,35.1634161923311,NA
6,"B",1,40.7723807434205,NA
7,"B",2,36.2196236802477,NA
8,"B",3,77.2300771045824,NA
9,"B",4,70.631553102905,NA
10,"B",5,30.8880944748973,NA
