"Order","Group","GroupOrder","Height","Identifier"
1,"A",1,88.3592836465486,NA
2,"A",2,12.11046,"Newbar"
3,"A",3,37.8360465467155,NA
4,"A",4,76.8651371980367,NA
5,"A",5,31.62,"Target"
6,"B",1,49.156440061097,NA
7,"B",2,52.6647482039336,NA
8,"B",3,49.6049749710489,NA
9,"B",4,64.0174654925796,NA
10,"B",5,57.5477138469019,NA
