"Order","Group","GroupOrder","Height","Identifier"
1,"A",1,50.0260286612206,NA
2,"A",2,21.54,"Value1"
3,"A",3,59.8307217684278,NA
4,"A",4,67.5203504123469,NA
5,"A",5,70.2136212628716,NA
6,"B",1,79.3849078726801,NA
7,"B",2,17.78,"Value2"
8,"B",3,67.0167352265759,NA
9,"B",4,73.9234410615236,NA
10,"B",5,22.1801919446978,NA
