"Order","Group","GroupOrder","Height","Identifier"
1,"A",1,32.9749245253307,NA
2,"A",2,68.0387055365894,NA
3,"A",3,24.1476906733189,NA
4,"A",4,53.6459207594248,NA
5,"A",5,21.5325,"Newbar"
6,"B",1,88.0842658647929,NA
7,"B",2,26.1,"Target"
8,"B",3,62.8512870449888,NA
9,"B",4,6.37290104747038,NA
10,"B",5,12.9717807267474,NA
