"Order","Group","GroupOrder","Height","Identifier"
1,"A",1,70.5357436968618,NA
2,"A",2,10,"Value2"
3,"A",3,49.8477293205385,NA
4,"A",4,70.1660236408751,NA
5,"A",5,14.2793682546557,NA
6,"B",1,72.6632236972723,NA
7,"B",2,56.23,"Value1"
8,"B",3,76.3556212027992,NA
9,"B",4,77.78514899553,NA
10,"B",5,18.2159672436304,NA
