"Order","Group","GroupOrder","Height","Identifier"
1,"A",1,40.3874913251776,NA
2,"A",2,84.386904885346,NA
3,"A",3,71.5670694260372,NA
4,"A",4,78.9346522268454,NA
5,"A",5,9.58433442020562,NA
6,"B",1,21.7624967456151,NA
7,"B",2,12.12,"Target"
8,"B",3,69.7010211836653,NA
9,"B",4,66.7844063110281,NA
10,"B",5,4.64196,"Newbar"
