"Order","Group","GroupOrder","Height","Identifier"
1,"A",1,81.7798934741175,NA
2,"A",2,56.23,"Target"
3,"A",3,33.8342085681,NA
4,"A",4,38.29263,"Newbar"
5,"A",5,55.9699129044381,NA
6,"B",1,41.2896189103789,NA
7,"B",2,64.4973981350682,NA
8,"B",3,60.5103789536106,NA
9,"B",4,30.0302526029651,NA
10,"B",5,70.1674175709849,NA
