"Order","Group","GroupOrder","Height","Identifier"
1,"A",1,30.0066031039895,NA
2,"A",2,46.42,"Value1"
3,"A",3,26.1,"Value2"
4,"A",4,52.2041451638515,NA
5,"A",5,56.6427640248512,NA
6,"B",1,79.3403278127345,NA
7,"B",2,56.4610933678163,NA
8,"B",3,6.17081238702076,NA
9,"B",4,17.6410196727329,NA
10,"B",5,30.1068555052465,NA
