"Order","Group","GroupOrder","Height","Identifier"
1,"A",1,61.2066306143928,NA
2,"A",2,66.2072599520615,NA
3,"A",3,30.2783030651416,NA
4,"A",4,61.328063548016,NA
5,"A",5,57.3844382973036,NA
6,"B",1,1.78,"Newbar"
7,"B",2,34.5375126631111,NA
8,"B",3,45.0010146117781,NA
9,"B",4,32.5748863186781,NA
10,"B",5,10,"Target"
