"Order","Group","GroupOrder","Height","Identifier"
1,"A",1,68.5653802566484,NA
2,"A",2,96.1822513046577,NA
3,"A",3,89.9006694928085,NA
4,"A",4,3.83148,"Newbar"
5,"A",5,22.2879343204356,NA
6,"B",1,88.2497923934532,NA
7,"B",2,39.579863070969,NA
8,"B",3,21.0425419025336,NA
9,"B",4,52.4928624414214,NA
10,"B",5,14.68,"Target"
