"Order","Group","GroupOrder","Height","Identifier"
1,"A",1,26.09072,"Newbar"
2,"A",2,86.7343323799954,NA
3,"A",3,12.2337606224272,NA
4,"A",4,65.7869956349044,NA
5,"A",5,53.4416300017791,NA
6,"B",1,57.377774616268,NA
7,"B",2,76.3514910949906,NA
8,"B",3,45.1688753045253,NA
9,"B",4,84.8836257708595,NA
10,"B",5,56.23,"Target"
