"Order","Group","GroupOrder","Height","Identifier"
1,"A",1,55.926428508729,NA
2,"A",2,75.5903594672998,NA
3,"A",3,30.3729130385224,NA
4,"A",4,38.31,"Target"
5,"A",5,9.99891,"Newbar"
6,"B",1,72.2441490982008,NA
7,"B",2,59.6942566358442,NA
8,"B",3,80.5821745858446,NA
9,"B",4,29.2180897419781,NA
10,"B",5,60.0703729592601,NA
