"Order","Group","GroupOrder","Height","Identifier"
1,"A",1,39.9767992594649,NA
2,"A",2,50.4302335798321,NA
3,"A",3,10,"Target"
4,"A",4,33.8917279402637,NA
5,"A",5,10.6920081375462,NA
6,"B",1,32.7626516445156,NA
7,"B",2,26.9174797140978,NA
8,"B",3,96.8882113541241,NA
9,"B",4,27.5118702119046,NA
10,"B",5,8.25,"Newbar"
