"Order","Group","GroupOrder","Height","Identifier"
1,"A",1,18.7489492846808,NA
2,"A",2,26.08911,"Newbar"
3,"A",3,13.7067677264533,NA
4,"A",4,36.4271687152657,NA
5,"A",5,68.781715625326,NA
6,"B",1,43.2675055313065,NA
7,"B",2,38.31,"Target"
8,"B",3,22.27440975242,NA
9,"B",4,76.6796663522373,NA
10,"B",5,31.5149006030485,NA
