"Order","Group","GroupOrder","Height","Identifier"
1,"A",1,42.9403798264571,NA
2,"A",2,68.0619743149973,NA
3,"A",3,34.2010856092751,NA
4,"A",4,38.31,"Target"
5,"A",5,82.4008436309319,NA
6,"B",1,75.9938423533623,NA
7,"B",2,31.60575,"Newbar"
8,"B",3,14.1957924591855,NA
9,"B",4,3.19016701202634,NA
10,"B",5,94.8299232278363,NA
