"Order","Group","GroupOrder","Height","Identifier"
1,"A",1,51.0584139935376,NA
2,"A",2,21.54,"Value1"
3,"A",3,17.78,"Value2"
4,"A",4,71.0848863079074,NA
5,"A",5,10.9911052274136,NA
6,"B",1,65.6910352651587,NA
7,"B",2,22.1205068809632,NA
8,"B",3,30.7661971974354,NA
9,"B",4,48.9995569841441,NA
10,"B",5,77.5817363751469,NA
