"Order","Group","GroupOrder","Height","Identifier"
1,"A",1,29.1535733382447,NA
2,"A",2,14.68,"Value1"
3,"A",3,85.0571126305069,NA
4,"A",4,72.2372040550787,NA
5,"A",5,4.02098807044066,NA
6,"B",1,78.1394449492878,NA
7,"B",2,10,"Value2"
8,"B",3,35.0390164486446,NA
9,"B",4,11.9482062668461,NA
10,"B",5,37.0356797894985,NA
