"Order","Group","GroupOrder","Height","Identifier"
1,"A",1,91.3682185205495,NA
2,"A",2,14.68,"Value2"
3,"A",3,60.1282574587187,NA
4,"A",4,86.9019303623616,NA
5,"A",5,35.6782889519917,NA
6,"B",1,39.0941124928975,NA
7,"B",2,38.31,"Value1"
8,"B",3,80.0975514430909,NA
9,"B",4,64.0225245462223,NA
10,"B",5,3.3055238530976,NA
