"Order","Group","GroupOrder","Height","Identifier"
1,"A",1,64.8726854529294,NA
2,"A",2,17.78,"Value1"
3,"A",3,14.68,"Value2"
4,"A",4,80.3492455385065,NA
5,"A",5,10.2262438279917,NA
6,"B",1,21.7006951743765,NA
7,"B",2,25.4397822437719,NA
8,"B",3,21.5678534565865,NA
9,"B",4,67.1456189858536,NA
10,"B",5,55.5544478627199,NA
