"Order","Group","GroupOrder","Height","Identifier"
1,"A",1,57.4429706462406,NA
2,"A",2,12.12,"Value1"
3,"A",3,16.1185583987553,NA
4,"A",4,57.252944460258,NA
5,"A",5,64.6458156809814,NA
6,"B",1,15.5650776814523,NA
7,"B",2,46.42,"Value2"
8,"B",3,10.1044289451631,NA
9,"B",4,51.8162785730499,NA
10,"B",5,28.3529381017973,NA
