"Order","Group","GroupOrder","Height","Identifier"
1,"A",1,39.0526750204397,NA
2,"A",2,31.7793853079784,NA
3,"A",3,71.8213504335939,NA
4,"A",4,22.2851235184159,NA
5,"A",5,53.6931952811516,NA
6,"B",1,38.2965,"Newbar"
7,"B",2,48.9336195206163,NA
8,"B",3,29.1733988302844,NA
9,"B",4,10.5615504620772,NA
10,"B",5,46.42,"Target"
