"Order","Group","GroupOrder","Height","Identifier"
1,"A",1,60.6360867269411,NA
2,"A",2,46.42,"Value2"
3,"A",3,91.174836665942,NA
4,"A",4,33.9552302802122,NA
5,"A",5,16.430003783716,NA
6,"B",1,44.0467567225161,NA
7,"B",2,31.62,"Value1"
8,"B",3,39.5728439721282,NA
9,"B",4,29.6837838023998,NA
10,"B",5,69.0517800094008,NA
