"Order","Group","GroupOrder","Height","Identifier"
1,"A",1,79.6461189333485,NA
2,"A",2,11.4251922222975,NA
3,"A",3,94.2719917557492,NA
4,"A",4,12.12,"Target"
5,"A",5,80.7739396453985,NA
6,"B",1,83.9077444255437,NA
7,"B",2,49.3153592849943,NA
8,"B",3,30.7719827718167,NA
9,"B",4,41.9216992454402,NA
10,"B",5,8.25372,"Newbar"
