"Order","Group","GroupOrder","Height","Identifier"
1,"A",1,35.8933820588266,NA
2,"A",2,78.707143658346,NA
3,"A",3,47.5547975354581,NA
4,"A",4,38.31,"Target"
5,"A",5,85.8019749498989,NA
6,"B",1,37.9027878921345,NA
7,"B",2,55.1455802143733,NA
8,"B",3,46.721545231495,NA
9,"B",4,6.81918,"Newbar"
10,"B",5,28.5730763430814,NA
