"Order","Group","GroupOrder","Height","Identifier"
1,"A",1,28.3511352659166,NA
2,"A",2,46.42,"Target"
3,"A",3,52.3132317897346,NA
4,"A",4,49.0533622625469,NA
5,"A",5,17.77886,"Newbar"
6,"B",1,53.3572174871394,NA
7,"B",2,57.5701067748265,NA
8,"B",3,51.4855789706547,NA
9,"B",4,38.5905186437631,NA
10,"B",5,30.5321398030751,NA
