"Order","Group","GroupOrder","Height","Identifier"
1,"A",1,56.8465316498843,NA
2,"A",2,17.78,"Value2"
3,"A",3,14.68,"Value1"
4,"A",4,76.2774910567678,NA
5,"A",5,41.711780748216,NA
6,"B",1,65.5715949908284,NA
7,"B",2,67.9564496596417,NA
8,"B",3,68.6821097921391,NA
9,"B",4,87.4642054321098,NA
10,"B",5,51.8508246420608,NA
