"Order","Group","GroupOrder","Height","Identifier"
1,"A",1,47.6957398592917,NA
2,"A",2,42.3479270761279,NA
3,"A",3,21.54,"Target"
4,"A",4,75.8395314626982,NA
5,"A",5,58.0170393429518,NA
6,"B",1,51.9597246328639,NA
7,"B",2,17.7705,"Newbar"
8,"B",3,50.0414128442722,NA
9,"B",4,25.2973038636177,NA
10,"B",5,28.5238481532383,NA
