"Order","Group","GroupOrder","Height","Identifier"
1,"A",1,93.8463009510753,NA
2,"A",2,57.0954312899726,NA
3,"A",3,11.3741537637545,NA
4,"A",4,62.6417552666227,NA
5,"A",5,30.3549226910385,NA
6,"B",1,46.42,"Target"
7,"B",2,4.07961243644819,NA
8,"B",3,31.61202,"Newbar"
9,"B",4,6.05986181074469,NA
10,"B",5,87.7637723878703,NA
