"Order","Group","GroupOrder","Height","Identifier"
1,"A",1,92.9926549200046,NA
2,"A",2,31.5874912270563,NA
3,"A",3,38.5204786024169,NA
4,"A",4,69.90213559925,NA
5,"A",5,61.7037784909247,NA
6,"B",1,41.8032290634879,NA
7,"B",2,46.42,"Target"
8,"B",3,13.76292110267,NA
9,"B",4,78.4982855085273,NA
10,"B",5,12.11562,"Newbar"
