"Order","Group","GroupOrder","Height","Identifier"
1,"A",1,86.1443057211067,NA
2,"A",2,76.7005925688538,NA
3,"A",3,21.54,"Target"
4,"A",4,37.197092626781,NA
5,"A",5,82.0775215885736,NA
6,"B",1,38.8390161290184,NA
7,"B",2,14.66874,"Newbar"
8,"B",3,49.0705966752188,NA
9,"B",4,70.7926002215976,NA
10,"B",5,24.0708312734073,NA
