"Order","Group","GroupOrder","Height","Identifier"
1,"A",1,36.0738990090695,NA
2,"A",2,14.68,"Value2"
3,"A",3,81.9460383990672,NA
4,"A",4,17.397444279011,NA
5,"A",5,50.332388806087,NA
6,"B",1,20.976726817653,NA
7,"B",2,12.12,"Value1"
8,"B",3,61.370857581545,NA
9,"B",4,25.2277019021103,NA
10,"B",5,71.661939207302,NA
