"Order","Group","GroupOrder","Height","Identifier"
1,"A",1,12.12,"Target"
2,"A",2,8.25372,"Newbar"
3,"A",3,30.4880469116977,NA
4,"A",4,71.2098257483304,NA
5,"A",5,54.1892342782878,NA
6,"B",1,63.4457454086734,NA
7,"B",2,50.800680110022,NA
8,"B",3,43.5820964432416,NA
9,"B",4,81.112365592736,NA
10,"B",5,49.95974553629,NA
