"Order","Group","GroupOrder","Height","Identifier"
1,"A",1,59.3424252360624,NA
2,"A",2,26.1,"Value1"
3,"A",3,7.2939163506243,NA
4,"A",4,52.1532693749036,NA
5,"A",5,26.1063512512373,NA
6,"B",1,44.8398532106392,NA
7,"B",2,21.54,"Value2"
8,"B",3,64.0950192138375,NA
9,"B",4,49.0530153650968,NA
10,"B",5,50.2970054693745,NA
