"Order","Group","GroupOrder","Height","Identifier"
1,"A",1,5.90165105121899,NA
2,"A",2,20.6175262492729,NA
3,"A",3,62.2976756632077,NA
4,"A",4,6.8121,"Newbar"
5,"A",5,29.685154934534,NA
6,"B",1,59.9932134157766,NA
7,"B",2,26.1,"Target"
8,"B",3,33.4063679749025,NA
9,"B",4,46.0412820247776,NA
10,"B",5,31.4346195726588,NA
