"Order","Group","GroupOrder","Height","Identifier"
1,"A",1,33.0197236973552,NA
2,"A",2,10,"Value1"
3,"A",3,21.54,"Value2"
4,"A",4,44.0115184887479,NA
5,"A",5,39.6229413174456,NA
6,"B",1,72.2533275975968,NA
7,"B",2,6.80109607247318,NA
8,"B",3,4.82485745876979,NA
9,"B",4,31.2406819087935,NA
10,"B",5,80.2270006817466,NA
