"Order","Group","GroupOrder","Height","Identifier"
1,"A",1,5.97892807242542,NA
2,"A",2,35.7958155021381,NA
3,"A",3,2.61,"Newbar"
4,"A",4,10,"Target"
5,"A",5,34.7193048158204,NA
6,"B",1,39.4752916232224,NA
7,"B",2,47.3636256253055,NA
8,"B",3,8.18564853772436,NA
9,"B",4,70.2842164836479,NA
10,"B",5,19.2932744320796,NA
