"Order","Group","GroupOrder","Height","Identifier"
1,"A",1,61.549314333751,NA
2,"A",2,85.8627250403816,NA
3,"A",3,68.5384569580543,NA
4,"A",4,17.5266142429366,NA
5,"A",5,32.4558923541857,NA
6,"B",1,63.6069695075064,NA
7,"B",2,38.29263,"Newbar"
8,"B",3,54.2361587225218,NA
9,"B",4,48.3405332190875,NA
10,"B",5,56.23,"Target"
