"Order","Group","GroupOrder","Height","Identifier"
1,"A",1,82.2337736158344,NA
2,"A",2,38.31,"Value1"
3,"A",3,21.54,"Value2"
4,"A",4,29.5399272021018,NA
5,"A",5,25.4579546287598,NA
6,"B",1,28.8130043679168,NA
7,"B",2,70.6081515875637,NA
8,"B",3,69.3043936194615,NA
9,"B",4,49.4401803383515,NA
10,"B",5,54.9664677874174,NA
