"Order","Group","GroupOrder","Height","Identifier"
1,"A",1,60.9237301542557,NA
2,"A",2,17.77044,"Newbar"
3,"A",3,55.9282105309105,NA
4,"A",4,21.3533827657805,NA
5,"A",5,31.62,"Target"
6,"B",1,42.6068567444538,NA
7,"B",2,39.7870745370784,NA
8,"B",3,39.7022007660857,NA
9,"B",4,73.0968113823251,NA
10,"B",5,34.5570544287289,NA
