"Order","Group","GroupOrder","Height","Identifier"
1,"A",1,30.0073098867388,NA
2,"A",2,38.31,"Value2"
3,"A",3,58.531149242416,NA
4,"A",4,51.2677512744621,NA
5,"A",5,82.5468128284015,NA
6,"B",1,37.9066247530365,NA
7,"B",2,21.54,"Value1"
8,"B",3,51.4809249593381,NA
9,"B",4,37.0016733821727,NA
10,"B",5,41.7938214042533,NA
