"Order","Group","GroupOrder","Height","Identifier"
1,"A",1,61.1591448597224,NA
2,"A",2,56.23,"Value1"
3,"A",3,76.9763045250343,NA
4,"A",4,49.1745704950168,NA
5,"A",5,85.5006296240631,NA
6,"B",1,72.2431070718336,NA
7,"B",2,38.31,"Value2"
8,"B",3,73.3807108821188,NA
9,"B",4,75.8673124655533,NA
10,"B",5,43.9430958493738,NA
