"Order","Group","GroupOrder","Height","Identifier"
1,"A",1,21.613144106927,NA
2,"A",2,56.23,"Value2"
3,"A",3,26.1,"Value1"
4,"A",4,74.3027649244991,NA
5,"A",5,15.2305647914525,NA
6,"B",1,72.9201796273465,NA
7,"B",2,44.5239742460377,NA
8,"B",3,24.5313164495604,NA
9,"B",4,42.3217137631872,NA
10,"B",5,67.5863898455301,NA
