"Order","Group","GroupOrder","Height","Identifier"
1,"A",1,46.4044457409008,NA
2,"A",2,31.62,"Value1"
3,"A",3,46.42,"Value2"
4,"A",4,19.905895919583,NA
5,"A",5,47.5931740762954,NA
6,"B",1,48.3792452681984,NA
7,"B",2,46.1494801437955,NA
8,"B",3,9.33975684404129,NA
9,"B",4,87.3150557214558,NA
10,"B",5,48.5052688309225,NA
