"Order","Group","GroupOrder","Height","Identifier"
1,"A",1,57.0870587669792,NA
2,"A",2,35.7497711205694,NA
3,"A",3,10,"Target"
4,"A",4,54.9466981498937,NA
5,"A",5,3.83,"Newbar"
6,"B",1,67.4287029527131,NA
7,"B",2,58.1155480006352,NA
8,"B",3,61.4222245299572,NA
9,"B",4,45.9353714612611,NA
10,"B",5,72.3286601692555,NA
