"Order","Group","GroupOrder","Height","Identifier"
1,"A",1,61.6666191529644,NA
2,"A",2,80.3361920499345,NA
3,"A",3,66.4330230828125,NA
4,"A",4,21.53322,"Newbar"
5,"A",5,31.62,"Target"
6,"B",1,24.4220279249234,NA
7,"B",2,43.8392211774627,NA
8,"B",3,64.1150781743636,NA
9,"B",4,70.5974033715975,NA
10,"B",5,25.7944203880019,NA
