"Order","Group","GroupOrder","Height","Identifier"
1,"A",1,67.1679696345809,NA
2,"A",2,12.12,"Value1"
3,"A",3,14.68,"Value2"
4,"A",4,29.288220229255,NA
5,"A",5,7.20039414116712,NA
6,"B",1,37.7144464231474,NA
7,"B",2,28.04669643578,NA
8,"B",3,18.7754638688228,NA
9,"B",4,36.348173284424,NA
10,"B",5,43.8020866991326,NA
