"Order","Group","GroupOrder","Height","Identifier"
1,"A",1,84.2357711445684,NA
2,"A",2,46.42,"Value2"
3,"A",3,56.23,"Value1"
4,"A",4,63.6255050776233,NA
5,"A",5,56.2557271969325,NA
6,"B",1,50.2868995452856,NA
7,"B",2,31.5430334141096,NA
8,"B",3,58.9361485704262,NA
9,"B",4,42.4988566687355,NA
10,"B",5,48.4898637029843,NA
