"Order","Group","GroupOrder","Height","Identifier"
1,"A",1,14.6721179740165,NA
2,"A",2,31.62,"Value2"
3,"A",3,32.8704515392174,NA
4,"A",4,39.6327991026133,NA
5,"A",5,16.0695813002323,NA
6,"B",1,20.0262707217223,NA
7,"B",2,17.78,"Value1"
8,"B",3,37.1670833136687,NA
9,"B",4,60.9217176450532,NA
10,"B",5,33.5434886733232,NA
