"Order","Group","GroupOrder","Height","Identifier"
1,"A",1,68.3541927316102,NA
2,"A",2,30.7508199640347,NA
3,"A",3,40.1590665556072,NA
4,"A",4,60.1233194080026,NA
5,"A",5,74.0464914687211,NA
6,"B",1,88.5406968356454,NA
7,"B",2,64.1015876352267,NA
8,"B",3,38.31,"Target"
9,"B",4,17.77584,"Newbar"
10,"B",5,35.2590769908898,NA
