"Order","Group","GroupOrder","Height","Identifier"
1,"A",1,68.8585813312762,NA
2,"A",2,14.9964698645311,NA
3,"A",3,78.4771562964886,NA
4,"A",4,14.68,"Target"
5,"A",5,44.7888223142539,NA
6,"B",1,41.9597658152289,NA
7,"B",2,6.81152,"Newbar"
8,"B",3,11.1564298657485,NA
9,"B",4,50.8725790008518,NA
10,"B",5,66.3878120041385,NA
