"Order","Group","GroupOrder","Height","Identifier"
1,"A",1,48.0237107183512,NA
2,"A",2,14.68,"Target"
3,"A",3,46.8225782829612,NA
4,"A",4,35.5233156901602,NA
5,"A",5,34.851431506467,NA
6,"B",1,56.8305015405515,NA
7,"B",2,34.1544005418542,NA
8,"B",3,76.8290708434781,NA
9,"B",4,2.61304,"Newbar"
10,"B",5,56.2950434124969,NA
