"Order","Group","GroupOrder","Height","Identifier"
1,"A",1,88.5580159645768,NA
2,"A",2,38.31,"Value1"
3,"A",3,12.12,"Value2"
4,"A",4,58.5170146380119,NA
5,"A",5,70.6800613311045,NA
6,"B",1,35.0517319468608,NA
7,"B",2,31.1528725662532,NA
8,"B",3,42.8208396779793,NA
9,"B",4,58.4126856085625,NA
10,"B",5,32.3136619841464,NA
