"Order","Group","GroupOrder","Height","Identifier"
1,"A",1,21.54,"Target"
2,"A",2,38.8099529074896,NA
3,"A",3,36.2935231078833,NA
4,"A",4,52.5394512452343,NA
5,"A",5,72.0125696119124,NA
6,"B",1,88.8097631420049,NA
7,"B",2,17.7705,"Newbar"
8,"B",3,24.2742355821585,NA
9,"B",4,80.2053822013004,NA
10,"B",5,26.1782782197329,NA
