"Order","Group","GroupOrder","Height","Identifier"
1,"A",1,30.9273424376218,NA
2,"A",2,64.0592790462338,NA
3,"A",3,14.3765558703261,NA
4,"A",4,37.4614626662505,NA
5,"A",5,58.8581320571393,NA
6,"B",1,33.243376743112,NA
7,"B",2,65.8524588294752,NA
8,"B",3,8.24992,"Newbar"
9,"B",4,17.78,"Target"
10,"B",5,30.4542572642776,NA
