"Order","Group","GroupOrder","Height","Identifier"
1,"A",1,41.2399977991724,NA
2,"A",2,20.4471216408891,NA
3,"A",3,34.1879522092614,NA
4,"A",4,42.2889978532456,NA
5,"A",5,30.5319652810313,NA
6,"B",1,74.7953338698502,NA
7,"B",2,77.3463465439051,NA
8,"B",3,26.09072,"Newbar"
9,"B",4,56.23,"Target"
10,"B",5,89.765401644432,NA
