"Order","Group","GroupOrder","Height","Identifier"
1,"A",1,47.7664754871747,NA
2,"A",2,17.78,"Value1"
3,"A",3,26.1,"Value2"
4,"A",4,33.9540572569576,NA
5,"A",5,34.0470816063385,NA
6,"B",1,81.5155774357682,NA
7,"B",2,51.2232913613347,NA
8,"B",3,4.71228989728099,NA
9,"B",4,44.008262179128,NA
10,"B",5,39.2411179415658,NA
