"Order","Group","GroupOrder","Height","Identifier"
1,"A",1,28.1180117897081,NA
2,"A",2,21.54,"Value1"
3,"A",3,14.68,"Value2"
4,"A",4,43.8649177079066,NA
5,"A",5,5.42228181695407,NA
6,"B",1,61.9508829374752,NA
7,"B",2,20.3506487289277,NA
8,"B",3,27.4010548942009,NA
9,"B",4,43.1480401390259,NA
10,"B",5,16.0606190243171,NA
