"Order","Group","GroupOrder","Height","Identifier"
1,"A",1,46.42,"Target"
2,"A",2,65.241761704969,NA
3,"A",3,37.12284193902,NA
4,"A",4,39.3961704701924,NA
5,"A",5,78.7164650684033,NA
6,"B",1,22.6779880189315,NA
7,"B",2,12.11562,"Newbar"
8,"B",3,40.7607008464266,NA
9,"B",4,45.0157277874636,NA
10,"B",5,58.1847097467002,NA
