"Order","Group","GroupOrder","Height","Identifier"
1,"A",1,10,"Target"
2,"A",2,53.0017130741428,NA
3,"A",3,27.9098720182179,NA
4,"A",4,26.3238737028247,NA
5,"A",5,8.37186282291375,NA
6,"B",1,50.8440808148473,NA
7,"B",2,49.7146012938768,NA
8,"B",3,3.83,"Newbar"
9,"B",4,80.5457188256712,NA
10,"B",5,81.9532416412473,NA
