"Order","Group","GroupOrder","Height","Identifier"
1,"A",1,43.568928104488,NA
2,"A",2,21.54,"Value1"
3,"A",3,61.1023748819221,NA
4,"A",4,82.8238460097872,NA
5,"A",5,39.1930291926404,NA
6,"B",1,77.6232212285373,NA
7,"B",2,56.23,"Value2"
8,"B",3,61.9228849869609,NA
9,"B",4,31.2605092784994,NA
10,"B",5,60.8521360469304,NA
