"Order","Group","GroupOrder","Height","Identifier"
1,"A",1,56.4526061201564,NA
2,"A",2,12.3877326120775,NA
3,"A",3,57.8797640829142,NA
4,"A",4,37.9587655800768,NA
5,"A",5,21.53888,"Newbar"
6,"B",1,46.42,"Target"
7,"B",2,94.7143968980873,NA
8,"B",3,15.7154830724865,NA
9,"B",4,85.3077521876921,NA
10,"B",5,80.7736461425659,NA
