"Order","Group","GroupOrder","Height","Identifier"
1,"A",1,28.5092555886184,NA
2,"A",2,17.77584,"Newbar"
3,"A",3,61.1962567829308,NA
4,"A",4,55.2074029618477,NA
5,"A",5,85.279469391548,NA
6,"B",1,69.8410210253064,NA
7,"B",2,38.31,"Target"
8,"B",3,80.7459056796884,NA
9,"B",4,69.4360039625699,NA
10,"B",5,26.7051239282933,NA
