"Order","Group","GroupOrder","Height","Identifier"
1,"A",1,78.0110734839375,NA
2,"A",2,45.3686304003245,NA
3,"A",3,9.9963,"Newbar"
4,"A",4,80.3886484769855,NA
5,"A",5,22.2894495883626,NA
6,"B",1,57.9699187395754,NA
7,"B",2,40.400917280875,NA
8,"B",3,61.8752935116319,NA
9,"B",4,26.1,"Target"
10,"B",5,34.8127896393912,NA
