"Order","Group","GroupOrder","Height","Identifier"
1,"A",1,44.6299611004535,NA
2,"A",2,25.276077204251,NA
3,"A",3,93.764205492234,NA
4,"A",4,76.9648978911605,NA
5,"A",5,53.1209340712793,NA
6,"B",1,22.1944201450289,NA
7,"B",2,27.9983014906623,NA
8,"B",3,21.54,"Target"
9,"B",4,82.9279289316738,NA
10,"B",5,14.66874,"Newbar"
