"Order","Group","GroupOrder","Height","Identifier"
1,"A",1,22.8794230162098,NA
2,"A",2,26.1,"Value2"
3,"A",3,14.68,"Value1"
4,"A",4,42.9659558807821,NA
5,"A",5,95.4277010291794,NA
6,"B",1,91.4410507732321,NA
7,"B",2,87.5915125425073,NA
8,"B",3,45.1149727182186,NA
9,"B",4,64.3280606028127,NA
10,"B",5,53.0379794951373,NA
