"Order","Group","GroupOrder","Height","Identifier"
1,"A",1,60.8458981403348,NA
2,"A",2,26.1,"Value2"
3,"A",3,88.2667138423909,NA
4,"A",4,32.7157859569525,NA
5,"A",5,64.3688860072843,NA
6,"B",1,47.9938133628063,NA
7,"B",2,10,"Value1"
8,"B",3,23.4636205744063,NA
9,"B",4,26.2493433778973,NA
10,"B",5,90.3133693563472,NA
