"Order","Group","GroupOrder","Height","Identifier"
1,"A",1,40.6416917309441,NA
2,"A",2,41.5017431512596,NA
3,"A",3,56.23,"Target"
4,"A",4,74.1338603622201,NA
5,"A",5,34.76748533466,NA
6,"B",1,39.1057148470985,NA
7,"B",2,62.6860768861112,NA
8,"B",3,65.6975288733218,NA
9,"B",4,26.09072,"Newbar"
10,"B",5,38.6004033000919,NA
