"Order","Group","GroupOrder","Height","Identifier"
1,"A",1,59.745154602682,NA
2,"A",2,62.5802883075237,NA
3,"A",3,10.461294415494,NA
4,"A",4,16.4416835494354,NA
5,"A",5,31.3314278347386,NA
6,"B",1,90.7477628715056,NA
7,"B",2,21.7456152865319,NA
8,"B",3,46.42,"Target"
9,"B",4,31.61202,"Newbar"
10,"B",5,53.9668900592963,NA
