"Order","Group","GroupOrder","Height","Identifier"
1,"A",1,33.4317242569288,NA
2,"A",2,56.23,"Value2"
3,"A",3,77.4828936566059,NA
4,"A",4,54.5510914935106,NA
5,"A",5,46.2928442599927,NA
6,"B",1,91.9475092968089,NA
7,"B",2,14.68,"Value1"
8,"B",3,57.0362955787038,NA
9,"B",4,73.1582373607894,NA
10,"B",5,37.9068738526286,NA
