"Order","Group","GroupOrder","Height","Identifier"
1,"A",1,80.5175312915042,NA
2,"A",2,77.4547656037947,NA
3,"A",3,93.953855186156,NA
4,"A",4,86.1377200593321,NA
5,"A",5,10,"Target"
6,"B",1,2.61,"Newbar"
7,"B",2,67.3559184254813,NA
8,"B",3,87.2350880017148,NA
9,"B",4,46.8089597911752,NA
10,"B",5,33.1638497706132,NA
