"Order","Group","GroupOrder","Height","Identifier"
1,"A",1,77.9990008805457,NA
2,"A",2,73.4443876280667,NA
3,"A",3,3.10548300546089,NA
4,"A",4,48.2790765545363,NA
5,"A",5,4.64058,"Newbar"
6,"B",1,13.7785741359932,NA
7,"B",2,34.5570869747529,NA
8,"B",3,17.78,"Target"
9,"B",4,23.2375264895243,NA
10,"B",5,45.0657731650761,NA
