"Order","Group","GroupOrder","Height","Identifier"
1,"A",1,26.1,"Target"
2,"A",2,72.3409077250872,NA
3,"A",3,7.56721562728277,NA
4,"A",4,53.2565924394955,NA
5,"A",5,54.0886528850732,NA
6,"B",1,12.1104,"Newbar"
7,"B",2,82.7887660357684,NA
8,"B",3,70.036316182066,NA
9,"B",4,75.983637879063,NA
10,"B",5,61.0127396525549,NA
