"Order","Group","GroupOrder","Height","Identifier"
1,"A",1,63.3130239415886,NA
2,"A",2,79.2919585354435,NA
3,"A",3,66.6522034261536,NA
4,"A",4,10,"Target"
5,"A",5,23.7798940680489,NA
6,"B",1,3.1505454594895,NA
7,"B",2,45.9099575478005,NA
8,"B",3,46.1539714802671,NA
9,"B",4,78.5759449455097,NA
10,"B",5,6.81,"Newbar"
