"Order","Group","GroupOrder","Height","Identifier"
1,"A",1,56.23,"Target"
2,"A",2,31.7773846445882,NA
3,"A",3,39.845726069971,NA
4,"A",4,55.9933000619038,NA
5,"A",5,31.60126,"Newbar"
6,"B",1,45.1937159774789,NA
7,"B",2,86.5977480888745,NA
8,"B",3,56.3456042731278,NA
9,"B",4,73.2102449469796,NA
10,"B",5,32.2743283686732,NA
