"Order","Group","GroupOrder","Height","Identifier"
1,"A",1,5.62,"Newbar"
2,"A",2,93.8624760261022,NA
3,"A",3,44.3108998096376,NA
4,"A",4,18.3132715924612,NA
5,"A",5,10,"Target"
6,"B",1,67.7839240631016,NA
7,"B",2,46.552663754833,NA
8,"B",3,30.5711509316595,NA
9,"B",4,22.6986789522565,NA
10,"B",5,33.0598956007282,NA
