"Order","Group","GroupOrder","Height","Identifier"
1,"A",1,27.6642308813903,NA
2,"A",2,56.23,"Value1"
3,"A",3,10,"Value2"
4,"A",4,53.9848017394892,NA
5,"A",5,70.1873732072544,NA
6,"B",1,84.5336320149779,NA
7,"B",2,32.5638938191512,NA
8,"B",3,56.707235737928,NA
9,"B",4,51.0327080265141,NA
10,"B",5,58.0980788340386,NA
