"Order","Group","GroupOrder","Height","Identifier"
1,"A",1,28.9923925166658,NA
2,"A",2,56.23,"Value2"
3,"A",3,10,"Value1"
4,"A",4,37.1854176800893,NA
5,"A",5,36.5416363163717,NA
6,"B",1,62.2797496489301,NA
7,"B",2,53.4816305412698,NA
8,"B",3,33.3221693969105,NA
9,"B",4,82.3445463321898,NA
10,"B",5,40.426905974416,NA
