"Order","Group","GroupOrder","Height","Identifier"
1,"A",1,38.1231019155729,NA
2,"A",2,31.62,"Value1"
3,"A",3,26.1,"Value2"
4,"A",4,55.0405070806851,NA
5,"A",5,20.851402407125,NA
6,"B",1,87.1794314568135,NA
7,"B",2,73.6095988372623,NA
8,"B",3,32.1181813746957,NA
9,"B",4,34.7158733507913,NA
10,"B",5,25.9510943991344,NA
