"Order","Group","GroupOrder","Height","Identifier"
1,"A",1,60.8157555266796,NA
2,"A",2,26.1015721568254,"Value2"
3,"A",3,50.911834711608,NA
4,"A",4,40.6251237331604,NA
5,"A",5,38.7078646514784,NA
6,"B",1,43.9980195268946,NA
7,"B",2,17.7827941003892,"Value1"
8,"B",3,57.4342460438468,NA
9,"B",4,46.417676019448,NA
10,"B",5,41.0420291965428,NA
