"Order","Group","GroupOrder","Height","Identifier"
1,"A",1,58.0496356383549,NA
2,"A",2,26.1015721568254,"Value2"
3,"A",3,6.21006644835226,NA
4,"A",4,80.1706078567964,NA
5,"A",5,81.0339774572164,NA
6,"B",1,48.8368545393283,NA
7,"B",2,12.1152765862859,"Value1"
8,"B",3,43.4261949203475,NA
9,"B",4,64.5854716895974,NA
10,"B",5,66.8871423218321,NA
