"Order","Group","GroupOrder","Height","Identifier"
1,"A",1,48.2612374656505,NA
2,"A",2,21.5443469003188,"Value1"
3,"A",3,49.7284603155664,NA
4,"A",4,43.3288794790872,NA
5,"A",5,80.426165850189,NA
6,"B",1,43.1944298496951,NA
7,"B",2,46.4158883361278,"Value2"
8,"B",3,74.0562321427164,NA
9,"B",4,60.0985634722947,NA
10,"B",5,96.6604854979415,NA
