"Order","Group","GroupOrder","Height","Identifier"
1,"A",1,70.8795248829301,NA
2,"A",2,14.6779926762207,"Value2"
3,"A",3,72.705343274205,NA
4,"A",4,60.0153980296289,NA
5,"A",5,64.7965849586815,NA
6,"B",1,10.9701225548078,NA
7,"B",2,10,"Value1"
8,"B",3,78.4753113124503,NA
9,"B",4,70.2765405837688,NA
10,"B",5,14.4311707396924,NA
