"Order","Group","GroupOrder","Height","Identifier"
1,"A",1,18.7818674835687,NA
2,"A",2,14.6779926762207,"Value1"
3,"A",3,74.4452379328056,NA
4,"A",4,30.0196472647204,NA
5,"A",5,78.5360066812769,NA
6,"B",1,54.1455842518228,NA
7,"B",2,38.3118684955729,"Value2"
8,"B",3,45.7210401525597,NA
9,"B",4,65.0506200549874,NA
10,"B",5,52.6150974302712,NA
