"Order","Group","GroupOrder","Height","Identifier"
1,"A",1,64.6707618833385,NA
2,"A",2,56.2341325190349,"Value2"
3,"A",3,39.9255264062273,NA
4,"A",4,60.5852213614346,NA
5,"A",5,52.0141447172251,NA
6,"B",1,38.9118920084855,NA
7,"B",2,31.6227766016838,"Value1"
8,"B",3,19.8853525573088,NA
9,"B",4,53.7315368097982,NA
10,"B",5,30.6984171784327,NA
