"Order","Group","GroupOrder","Height","Identifier"
1,"A",1,85.4394070550313,NA
2,"A",2,14.6779926762207,"Value1"
3,"A",3,38.3118684955729,"Value2"
4,"A",4,59.6710558551937,NA
5,"A",5,17.3558587469027,NA
6,"B",1,19.2894032662085,NA
7,"B",2,42.6183239663841,NA
8,"B",3,65.0722012276196,NA
9,"B",4,45.9548877277563,NA
10,"B",5,55.2278247174159,NA
