"Order","Group","GroupOrder","Height","Identifier"
1,"A",1,5.38071835335629,NA
2,"A",2,31.6227766016838,"Value1"
3,"A",3,56.2341325190349,"Value2"
4,"A",4,47.242308257988,NA
5,"A",5,78.5509528215142,NA
6,"B",1,42.4587693985878,NA
7,"B",2,92.2922604942404,NA
8,"B",3,38.2133536124936,NA
9,"B",4,57.461451989181,NA
10,"B",5,80.1942458874874,NA
