"Order","Group","GroupOrder","Height","Identifier"
1,"A",1,6.81677714809145,NA
2,"A",2,31.6227766016838,"Value1"
3,"A",3,38.3118684955729,"Value2"
4,"A",4,51.9071077230828,NA
5,"A",5,50.3852167613966,NA
6,"B",1,57.0470190728887,NA
7,"B",2,45.163108630859,NA
8,"B",3,43.2129418298842,NA
9,"B",4,71.0762969321495,NA
10,"B",5,80.0937806103934,NA
