"Order","Group","GroupOrder","Height","Identifier"
1,"A",1,66.2013485595342,NA
2,"A",2,17.7827941003892,"Value1"
3,"A",3,26.1015721568254,"Value2"
4,"A",4,44.5309968085162,NA
5,"A",5,39.5480429163821,NA
6,"B",1,77.4660983149809,NA
7,"B",2,14.0828079755204,NA
8,"B",3,24.9291893604615,NA
9,"B",4,85.51408192646,NA
10,"B",5,67.6339923070568,NA
