"Order","Group","GroupOrder","Height","Identifier"
1,"A",1,14.1708142183375,NA
2,"A",2,21.5443469003188,"Value1"
3,"A",3,46.4158883361278,"Value2"
4,"A",4,33.6197901661218,NA
5,"A",5,77.2910103847942,NA
6,"B",1,39.0648477329739,NA
7,"B",2,43.3586852900029,NA
8,"B",3,25.5404771589535,NA
9,"B",4,38.908961921794,NA
10,"B",5,28.1641007975248,NA
