"Order","Group","GroupOrder","Height","Identifier"
1,"A",1,48.3044413123111,NA
2,"A",2,38.3118684955729,"Value2"
3,"A",3,71.4286119226718,NA
4,"A",4,37.7048579218877,NA
5,"A",5,39.6747029744586,NA
6,"B",1,62.6550258957474,NA
7,"B",2,14.6779926762207,"Value1"
8,"B",3,45.49615005877,NA
9,"B",4,92.4528447416227,NA
10,"B",5,36.3387054201196,NA
