"Order","Group","GroupOrder","Height","Identifier"
1,"A",1,51.2449877149692,NA
2,"A",2,56.2341325190349,"Value2"
3,"A",3,79.0658700214515,NA
4,"A",4,35.5461762213796,NA
5,"A",5,48.9369049906048,NA
6,"B",1,70.0201246897089,NA
7,"B",2,31.6227766016838,"Value1"
8,"B",3,33.9031376397467,NA
9,"B",4,14.4116344912919,NA
10,"B",5,83.3361569708531,NA
