"Order","Group","GroupOrder","Height","Identifier"
1,"A",1,70.6241324716981,NA
2,"A",2,12.1152765862859,"Value1"
3,"A",3,84.0068348498461,NA
4,"A",4,83.2813809289842,NA
5,"A",5,33.3928864914591,NA
6,"B",1,71.590169214317,NA
7,"B",2,46.4158883361278,"Value2"
8,"B",3,67.0300895000852,NA
9,"B",4,63.7042919863207,NA
10,"B",5,89.1833242355466,NA
