"Order","Group","GroupOrder","Height","Identifier"
1,"A",1,38.8629231477134,NA
2,"A",2,14.6779926762207,"Value2"
3,"A",3,51.0368355589696,NA
4,"A",4,65.7352254309275,NA
5,"A",5,76.4880130291391,NA
6,"B",1,84.9565215629595,NA
7,"B",2,10,"Value1"
8,"B",3,73.6478690106267,NA
9,"B",4,84.7020273800284,NA
10,"B",5,79.5933346094875,NA
