"Order","Group","GroupOrder","Height","Identifier"
1,"A",1,32.783296946623,NA
2,"A",2,31.6227766016838,"Value1"
3,"A",3,36.3813121499415,NA
4,"A",4,30.4306409244604,NA
5,"A",5,96.7572259887233,NA
6,"B",1,96.238441069235,NA
7,"B",2,38.3118684955729,"Value2"
8,"B",3,67.0795865834009,NA
9,"B",4,10.2711220676534,NA
10,"B",5,50.665230793504,NA
