"Order","Group","GroupOrder","Height","Identifier"
1,"A",1,23.4851524105355,NA
2,"A",2,46.4158883361278,"Value2"
3,"A",3,74.2472200363554,NA
4,"A",4,65.2625290756754,NA
5,"A",5,48.1514258842744,NA
6,"B",1,65.3432939951967,NA
7,"B",2,21.5443469003188,"Value1"
8,"B",3,48.2414007357445,NA
9,"B",4,32.5929773588253,NA
10,"B",5,67.0494965643028,NA
