"Order","Group","GroupOrder","Height","Identifier"
1,"A",1,26.747072169751,NA
2,"A",2,56.2341325190349,"Value2"
3,"A",3,23.1130889694983,NA
4,"A",4,50.0394804923213,NA
5,"A",5,83.5826740716689,NA
6,"B",1,89.5646325598404,NA
7,"B",2,10,"Value1"
8,"B",3,55.6426233360818,NA
9,"B",4,82.5524082912613,NA
10,"B",5,39.8638324507141,NA
