"Order","Group","GroupOrder","Height","Identifier"
1,"A",1,47.9047474786969,NA
2,"A",2,12.1152765862859,"Value1"
3,"A",3,61.3288630751771,NA
4,"A",4,30.4660394159457,NA
5,"A",5,18.9133360879498,NA
6,"B",1,80.5782655865736,NA
7,"B",2,26.1015721568254,"Value2"
8,"B",3,40.5252557776529,NA
9,"B",4,38.2204142655239,NA
10,"B",5,50.9817746044914,NA
