"Order","Group","GroupOrder","Height","Identifier"
1,"A",1,36.1648990137193,NA
2,"A",2,26.1015721568254,"Value2"
3,"A",3,51.023058873364,NA
4,"A",4,61.8611898248245,NA
5,"A",5,5.77739579331662,NA
6,"B",1,65.0463124194468,NA
7,"B",2,17.7827941003892,"Value1"
8,"B",3,24.4829536387886,NA
9,"B",4,82.5419517160096,NA
10,"B",5,54.0500962609872,NA
