"Order","Group","GroupOrder","Height","Identifier"
1,"A",1,48.8597780557767,NA
2,"A",2,31.6227766016838,"Value1"
3,"A",3,40.8398823460776,NA
4,"A",4,28.0320239015447,NA
5,"A",5,48.2965522553632,NA
6,"B",1,40.9300292711838,NA
7,"B",2,56.2341325190349,"Value2"
8,"B",3,78.5006750770544,NA
9,"B",4,15.4530552006264,NA
10,"B",5,25.0845984159529,NA
