"Order","Group","GroupOrder","Height","Identifier"
1,"A",1,31.5599820069083,NA
2,"A",2,17.7827941003892,"Value1"
3,"A",3,70.2474116659968,NA
4,"A",4,52.2205147581452,NA
5,"A",5,30.5114653324877,NA
6,"B",1,35.4435584646238,NA
7,"B",2,21.5443469003188,"Value2"
8,"B",3,49.9940740872172,NA
9,"B",4,39.5484024076936,NA
10,"B",5,31.9415554052911,NA
