"Order","Group","GroupOrder","Height","Identifier"
1,"A",1,69.1546381361004,NA
2,"A",2,12.1152765862859,"Value1"
3,"A",3,77.2276013268229,NA
4,"A",4,46.9898772807185,NA
5,"A",5,67.4569477772607,NA
6,"B",1,60.7635331514154,NA
7,"B",2,46.4158883361278,"Value2"
8,"B",3,4.53531910407498,NA
9,"B",4,78.6581953725255,NA
10,"B",5,67.3171155623483,NA
