"Order","Group","GroupOrder","Height","Identifier"
1,"A",1,42.8792445389845,NA
2,"A",2,56.2341325190349,"Value2"
3,"A",3,43.2354274842464,NA
4,"A",4,41.0045725752336,NA
5,"A",5,29.9419025523602,NA
6,"B",1,66.7158222679338,NA
7,"B",2,31.6227766016838,"Value1"
8,"B",3,62.1838516687853,NA
9,"B",4,28.3126060614377,NA
10,"B",5,46.8063312279061,NA
