"Order","Group","GroupOrder","Height","Identifier"
1,"A",1,38.6903750207036,NA
2,"A",2,26.1015721568254,"Value2"
3,"A",3,22.8976876816638,NA
4,"A",4,72.4191939719895,NA
5,"A",5,78.0992372528498,NA
6,"B",1,76.8452835335004,NA
7,"B",2,17.7827941003892,"Value1"
8,"B",3,49.9218789581827,NA
9,"B",4,91.9471798051432,NA
10,"B",5,70.60610521421,NA
