"Order","Group","GroupOrder","Height","Identifier"
1,"A",1,30.5339248869601,NA
2,"A",2,26.1015721568254,"Value2"
3,"A",3,52.7743672844486,NA
4,"A",4,41.4836145219822,NA
5,"A",5,3.11561315433004,NA
6,"B",1,14.6069416082622,NA
7,"B",2,12.1152765862859,"Value1"
8,"B",3,38.813502727447,NA
9,"B",4,52.6945484619638,NA
10,"B",5,60.9897088852257,NA
