"Order","Group","GroupOrder","Height","Identifier"
1,"A",1,56.3058632885363,NA
2,"A",2,21.5443469003188,"Value2"
3,"A",3,56.9482661016798,NA
4,"A",4,43.9069996517147,NA
5,"A",5,33.7799049550862,NA
6,"B",1,42.1489977522264,NA
7,"B",2,17.7827941003892,"Value1"
8,"B",3,57.4019762350612,NA
9,"B",4,32.5290094648348,NA
10,"B",5,70.9962173636715,NA
