"Order","Group","GroupOrder","Height","Identifier","IDchr"
1,"A",1,85.3965452266065,"random",""
2,"A",2,10,"v1","▲"
3,"A",3,71.7669905942132,"random",""
4,"A",4,62.1923890114986,"random",""
5,"A",5,50.4568170638869,"random",""
6,"B",1,76.2042999753399,"random",""
7,"B",2,14.6779926762207,"v2","●"
8,"B",3,57.6868872710477,"random",""
9,"B",4,59.5792141225834,"random",""
10,"B",5,70.8586545516176,"random",""
