"Order","Group","GroupOrder","Height","Identifier"
1,"A",1,19.7864534009075,NA
2,"A",2,38.3118684955729,"Value2"
3,"A",3,56.9711436895444,NA
4,"A",4,58.6853459689211,NA
5,"A",5,61.4841834228952,NA
6,"B",1,64.0643755828147,NA
7,"B",2,14.6779926762207,"Value1"
8,"B",3,48.447318886617,NA
9,"B",4,75.7100155770107,NA
10,"B",5,28.9733627366744,NA
