"Order","Group","GroupOrder","Height","Identifier"
1,"A",1,26.6234994742015,NA
2,"A",2,26.1015721568254,"Value2"
3,"A",3,73.7677021646195,NA
4,"A",4,84.3845975036093,NA
5,"A",5,22.9990879490458,NA
6,"B",1,63.1266071390611,NA
7,"B",2,12.1152765862859,"Value1"
8,"B",3,13.6367800260758,NA
9,"B",4,31.9100324363891,NA
10,"B",5,70.8087433117775,NA
