"Order","Group","GroupOrder","Height","Identifier"
1,"A",1,76.7683022238677,NA
2,"A",2,46.4158883361278,"Value2"
3,"A",3,39.8644662632098,NA
4,"A",4,22.1677535238964,NA
5,"A",5,53.0872933718121,NA
6,"B",1,39.5037879124116,NA
7,"B",2,21.5443469003188,"Value1"
8,"B",3,18.4225894125516,NA
9,"B",4,60.0937199902484,NA
10,"B",5,60.3528347485333,NA
