"Order","Group","GroupOrder","Height","Identifier"
1,"A",1,61.8859466175963,NA
2,"A",2,31.6227766016838,"Value1"
3,"A",3,25.7661062319622,NA
4,"A",4,80.3404290846323,NA
5,"A",5,10.2665448918957,NA
6,"B",1,35.9541654187478,NA
7,"B",2,56.2341325190349,"Value2"
8,"B",3,62.1791835603171,NA
9,"B",4,16.9417507608245,NA
10,"B",5,27.8077169410768,NA
