"Order","Group","GroupOrder","Height","Identifier"
1,"A",1,49.059882033579,NA
2,"A",2,14.6779926762207,"Value2"
3,"A",3,15.6374771966905,NA
4,"A",4,46.0100235874508,NA
5,"A",5,66.8460632004417,NA
6,"B",1,14.5545565607769,NA
7,"B",2,10,"Value1"
8,"B",3,30.5464155923796,NA
9,"B",4,47.8990509056959,NA
10,"B",5,56.984243144829,NA
