"Order","Group","GroupOrder","Height","Identifier"
1,"A",1,51.2351504353234,NA
2,"A",2,26.1015721568254,"Value2"
3,"A",3,60.8519453617405,NA
4,"A",4,84.8392598997194,NA
5,"A",5,63.2471454310045,NA
6,"B",1,40.3735005122534,NA
7,"B",2,17.7827941003892,"Value1"
8,"B",3,11.1882139266334,NA
9,"B",4,71.790209797003,NA
10,"B",5,71.2819065504728,NA
