"Order","Group","GroupOrder","Height","Identifier"
1,"A",1,38.9209269710718,NA
2,"A",2,46.4158883361278,"Value2"
3,"A",3,70.1783981060952,NA
4,"A",4,21.1395113651565,NA
5,"A",5,51.501284167159,NA
6,"B",1,29.8561533253869,NA
7,"B",2,12.1152765862859,"Value1"
8,"B",3,76.1612368977591,NA
9,"B",4,63.0892918586042,NA
10,"B",5,47.9420204235009,NA
