"Order","Group","GroupOrder","Height","Identifier"
1,"A",1,80.7994827437116,NA
2,"A",2,10,"Value1"
3,"A",3,64.7464038618421,NA
4,"A",4,70.6708875451565,NA
5,"A",5,45.535559892804,NA
6,"B",1,30.0803262777897,NA
7,"B",2,56.2341325190349,"Value2"
8,"B",3,67.3986736557262,NA
9,"B",4,71.6913990870683,NA
10,"B",5,72.2714731782099,NA
