"Order","Group","GroupOrder","Height","Identifier"
1,"A",1,39.9932036031675,NA
2,"A",2,21.5443469003188,"Value2"
3,"A",3,12.5865458144773,NA
4,"A",4,42.0623678835555,NA
5,"A",5,64.1781382165139,NA
6,"B",1,74.5197589442861,NA
7,"B",2,17.7827941003892,"Value1"
8,"B",3,64.8503782779422,NA
9,"B",4,71.9259407387051,NA
10,"B",5,52.2812761890459,NA
