"Order","Group","GroupOrder","Height","Identifier"
1,"A",1,68.2121218384662,NA
2,"A",2,46.4158883361278,"Value2"
3,"A",3,61.0593913789437,NA
4,"A",4,55.3909654103504,NA
5,"A",5,24.6510365014917,NA
6,"B",1,45.5375979209889,NA
7,"B",2,21.5443469003188,"Value1"
8,"B",3,72.7513339580426,NA
9,"B",4,28.3215713023773,NA
10,"B",5,68.7306882059671,NA
