"Order","Group","GroupOrder","Height","Identifier"
1,"A",1,41.5460338989419,NA
2,"A",2,14.6779926762207,"Value1"
3,"A",3,24.1321112232473,NA
4,"A",4,31.2925594470753,NA
5,"A",5,65.2319312360361,NA
6,"B",1,15.0331545888762,NA
7,"B",2,38.3118684955729,"Value2"
8,"B",3,92.8067460969098,NA
9,"B",4,17.1722103187758,NA
10,"B",5,82.5461961742311,NA
