"Order","Group","GroupOrder","Height","Identifier"
1,"A",1,75.9826470894198,NA
2,"A",2,38.3118684955729,"Value2"
3,"A",3,83.908048777947,NA
4,"A",4,78.8204524278606,NA
5,"A",5,48.3326782838062,NA
6,"B",1,37.251799291703,NA
7,"B",2,31.6227766016838,"Value1"
8,"B",3,44.6711736060358,NA
9,"B",4,56.0457482067485,NA
10,"B",5,90.6658107925922,NA
