"Order","Group","GroupOrder","Height","Identifier"
1,"A",1,92.3489638518296,NA
2,"A",2,12.1152765862859,"Value1"
3,"A",3,16.7171056900536,NA
4,"A",4,44.8349106988107,NA
5,"A",5,48.089627198826,NA
6,"B",1,95.9874920647839,NA
7,"B",2,46.4158883361278,"Value2"
8,"B",3,55.671372625812,NA
9,"B",4,49.5209692718698,NA
10,"B",5,22.3207144137576,NA
