"Order","Group","GroupOrder","Height","Identifier"
1,"A",1,41.0130484876614,NA
2,"A",2,10,"Value1"
3,"A",3,42.8393001411813,NA
4,"A",4,51.4703988375872,NA
5,"A",5,34.2351134556779,NA
6,"B",1,22.457563488998,NA
7,"B",2,14.6779926762207,"Value2"
8,"B",3,16.3016489239964,NA
9,"B",4,45.7070052585872,NA
10,"B",5,80.5647614647106,NA
