"Order","Group","GroupOrder","Height","Identifier"
1,"A",1,43.9820081549179,NA
2,"A",2,10,"Value1"
3,"A",3,93.4984605767321,NA
4,"A",4,55.217634717759,NA
5,"A",5,10.6023441613988,NA
6,"B",1,50.3278127595094,NA
7,"B",2,56.2341325190349,"Value2"
8,"B",3,49.8905831163207,NA
9,"B",4,33.7642823986386,NA
10,"B",5,44.6339428252038,NA
