"Order","Group","GroupOrder","Height","Identifier"
1,"A",1,64.8938616384372,NA
2,"A",2,17.7827941003892,"Value1"
3,"A",3,26.1015721568254,"Value2"
4,"A",4,70.9720598257496,NA
5,"A",5,59.5577252210433,NA
6,"B",1,26.4404144369678,NA
7,"B",2,52.0135415332279,NA
8,"B",3,28.2391836910835,NA
9,"B",4,24.9337686980344,NA
10,"B",5,81.6529318381256,NA
