"Order","Group","GroupOrder","Height","Identifier"
1,"A",1,78.9650339850903,NA
2,"A",2,56.2341325190349,"Value2"
3,"A",3,31.6227766016838,"Value1"
4,"A",4,82.1543263797902,NA
5,"A",5,93.2733434929518,NA
6,"B",1,18.5622825504259,NA
7,"B",2,48.4781236925405,NA
8,"B",3,43.6673960363049,NA
9,"B",4,51.7756049192862,NA
10,"B",5,75.5447142538255,NA
