"Order","Group","GroupOrder","Height","Identifier"
1,"A",1,44.5290652551233,NA
2,"A",2,46.4158883361278,"Value2"
3,"A",3,21.5443469003188,"Value1"
4,"A",4,52.978014957013,NA
5,"A",5,14.0738419005494,NA
6,"B",1,13.5543035272711,NA
7,"B",2,28.028136395777,NA
8,"B",3,27.0254268474633,NA
9,"B",4,23.7131525861527,NA
10,"B",5,76.2912352022854,NA
