"Order","Group","GroupOrder","Height","Identifier"
1,"A",1,6.2811210062127,NA
2,"A",2,12.1152765862859,"Value1"
3,"A",3,46.4158883361278,"Value2"
4,"A",4,18.9973344366516,NA
5,"A",5,84.23814881465,NA
6,"B",1,32.1013663839005,NA
7,"B",2,65.8225181594714,NA
8,"B",3,64.8129147038308,NA
9,"B",4,83.1229421656337,NA
10,"B",5,61.4730769918613,NA
