"Order","Group","GroupOrder","Height","Identifier"
1,"A",1,28.1515226852145,NA
2,"A",2,14.6779926762207,"Value2"
3,"A",3,10,"Value1"
4,"A",4,23.9282546203553,NA
5,"A",5,25.4162636549455,NA
6,"B",1,76.155308750565,NA
7,"B",2,42.3118483177491,NA
8,"B",3,63.7983157664026,NA
9,"B",4,78.3357216298711,NA
10,"B",5,86.8645633715866,NA
