"Order","Group","GroupOrder","Height","Identifier"
1,"A",1,53.5540335435424,NA
2,"A",2,17.7827941003892,"Value1"
3,"A",3,26.1015721568254,"Value2"
4,"A",4,67.2697292684475,NA
5,"A",5,43.6685019733424,NA
6,"B",1,50.1949997053054,NA
7,"B",2,46.3169373578316,NA
8,"B",3,9.92948177542976,NA
9,"B",4,50.1889905956232,NA
10,"B",5,24.2100421268337,NA
