"Order","Group","GroupOrder","Height","Identifier"
1,"A",1,68.3598232639938,NA
2,"A",2,10,"Value1"
3,"A",3,56.2341325190349,"Value2"
4,"A",4,36.2154305612388,NA
5,"A",5,57.8872477446032,NA
6,"B",1,14.8955790373481,NA
7,"B",2,58.19845551131,NA
8,"B",3,26.9478468761506,NA
9,"B",4,90.1268928457061,NA
10,"B",5,45.4819436973577,NA
