"Order","Group","GroupOrder","Height","Identifier"
1,"A",1,71.0359651087815,NA
2,"A",2,17.7827941003892,"Value1"
3,"A",3,21.5443469003188,"Value2"
4,"A",4,69.701204093522,NA
5,"A",5,55.8729412531679,NA
6,"B",1,53.967489114025,NA
7,"B",2,90.7935321929429,NA
8,"B",3,16.8292974381125,NA
9,"B",4,45.5790275550887,NA
10,"B",5,67.8866327276058,NA
