"Order","Group","GroupOrder","Height","Identifier"
1,"A",1,43.5531719941159,NA
2,"A",2,12.1152765862859,"Value1"
3,"A",3,46.4158883361278,"Value2"
4,"A",4,62.8303628363843,NA
5,"A",5,50.4107940451476,NA
6,"B",1,38.1074967946598,NA
7,"B",2,69.5303195151855,NA
8,"B",3,15.5308140171703,NA
9,"B",4,31.5739231052438,NA
10,"B",5,45.8615416860256,NA
