"Order","Group","GroupOrder","Height","Identifier"
1,"A",1,78.3271973911657,NA
2,"A",2,21.5443469003188,"Value1"
3,"A",3,46.4158883361278,"Value2"
4,"A",4,82.8105804791044,NA
5,"A",5,76.0881658468417,NA
6,"B",1,15.4266211081252,NA
7,"B",2,92.1920184780483,NA
8,"B",3,65.9110117526276,NA
9,"B",4,37.3666395800557,NA
10,"B",5,76.1525713079247,NA
