"Order","Group","GroupOrder","Height","Identifier"
1,"A",1,34.6161601341623,NA
2,"A",2,14.6779926762207,"Value2"
3,"A",3,10,"Value1"
4,"A",4,60.1684586823015,NA
5,"A",5,28.6538905294423,NA
6,"B",1,28.9361336482909,NA
7,"B",2,79.3304200488253,NA
8,"B",3,21.3577161074608,NA
9,"B",4,55.3074986293378,NA
10,"B",5,9.07707429346388,NA
