"Order","Group","GroupOrder","Height","Identifier"
1,"A",1,68.7580081322001,NA
2,"A",2,31.6227766016838,"Value1"
3,"A",3,38.3118684955729,"Value2"
4,"A",4,9.59902692224329,NA
5,"A",5,58.2530725061592,NA
6,"B",1,80.223227300067,NA
7,"B",2,77.3445004816574,NA
8,"B",3,93.5187294842434,NA
9,"B",4,38.7174423621972,NA
10,"B",5,71.7195860910676,NA
