"Order","Group","GroupOrder","Height","Identifier"
1,"A",1,26.3280959179305,NA
2,"A",2,26.1015721568254,"Value2"
3,"A",3,12.1152765862859,"Value1"
4,"A",4,55.3749938459699,NA
5,"A",5,50.2501959225709,NA
6,"B",1,61.7298891799291,NA
7,"B",2,45.667307470594,NA
8,"B",3,49.7625001791561,NA
9,"B",4,53.2499959823828,NA
10,"B",5,8.01030132191334,NA
