"Order","Group","GroupOrder","Height","Identifier"
1,"A",1,56.2166183527223,NA
2,"A",2,10,"Value1"
3,"A",3,14.6779926762207,"Value2"
4,"A",4,31.8892214869712,NA
5,"A",5,95.1395673260626,NA
6,"B",1,62.0940550953029,NA
7,"B",2,16.0025385385597,NA
8,"B",3,49.2338790602545,NA
9,"B",4,28.8007297462735,NA
10,"B",5,19.2160068552532,NA
