"Order","Group","GroupOrder","Height","Identifier"
1,"A",1,37.694820510413,NA
2,"A",2,12.1152765862859,"Value1"
3,"A",3,26.1015721568254,"Value2"
4,"A",4,51.5782626982734,NA
5,"A",5,78.2830269413058,NA
6,"B",1,75.6971177872654,NA
7,"B",2,93.9903684206758,NA
8,"B",3,24.9809308846532,NA
9,"B",4,26.4914340449451,NA
10,"B",5,12.5875499444355,NA
