"Order","Group","GroupOrder","Height","Identifier"
1,"A",1,62.8532131184864,NA
2,"A",2,21.5443469003188,"Value2"
3,"A",3,17.7827941003892,"Value1"
4,"A",4,45.9103682911036,NA
5,"A",5,60.7998350219751,NA
6,"B",1,67.769934336282,NA
7,"B",2,21.9735387356073,NA
8,"B",3,85.6516965840158,NA
9,"B",4,40.8459881609149,NA
10,"B",5,30.0314573990623,NA
