"Order","Group","GroupOrder","Height","Identifier"
1,"A",1,21.360826579242,NA
2,"A",2,12.1152765862859,"Value1"
3,"A",3,46.4158883361278,"Value2"
4,"A",4,47.9014184467194,NA
5,"A",5,56.3199068165359,NA
6,"B",1,53.0353737483889,NA
7,"B",2,36.6292982286395,NA
8,"B",3,7.14388386561617,NA
9,"B",4,21.1866492074698,NA
10,"B",5,47.2596170612057,NA
