"Order","Group","GroupOrder","Height","Identifier"
1,"A",1,71.0750630026912,NA
2,"A",2,10,"Value1"
3,"A",3,56.2341325190349,"Value2"
4,"A",4,36.3083257114577,NA
5,"A",5,95.1989256927158,NA
6,"B",1,56.2008763341988,NA
7,"B",2,39.9707714122194,NA
8,"B",3,80.2915544193363,NA
9,"B",4,83.0753685481391,NA
10,"B",5,59.3106959526501,NA
