"Order","Group","GroupOrder","Height","Identifier"
1,"A",1,62.126793602186,NA
2,"A",2,26.1015721568254,"Value2"
3,"A",3,67.3848277094165,NA
4,"A",4,50.4158884161644,NA
5,"A",5,88.7221341496311,NA
6,"B",1,62.0751586913749,NA
7,"B",2,12.1152765862859,"Value1"
8,"B",3,75.596658671976,NA
9,"B",4,14.5957702390443,NA
10,"B",5,5.22698158321381,NA
