"Order","Group","GroupOrder","Height","Identifier"
1,"A",1,57.0700297371469,NA
2,"A",2,38.3118684955729,"Value2"
3,"A",3,47.3791876255177,NA
4,"A",4,49.1529415642991,NA
5,"A",5,76.891996173459,NA
6,"B",1,31.7859035632848,NA
7,"B",2,31.6227766016838,"Value1"
8,"B",3,50.0427428087753,NA
9,"B",4,84.430514040754,NA
10,"B",5,28.7534856203414,NA
