"Order","Group","GroupOrder","Height","Identifier"
1,"A",1,3.86812224579334,NA
2,"A",2,46.4158883361278,"Value2"
3,"A",3,79.7445962588118,NA
4,"A",4,51.229903059922,NA
5,"A",5,83.8254762348307,NA
6,"B",1,54.5623969020745,NA
7,"B",2,21.5443469003188,"Value1"
8,"B",3,25.5501869669926,NA
9,"B",4,61.0986795852926,NA
10,"B",5,67.1825690187912,NA
