"Order","Group","GroupOrder","Height","Identifier"
1,"A",1,70.4786976581753,NA
2,"A",2,14.6779926762207,"Value1"
3,"A",3,28.3513578089539,NA
4,"A",4,62.7483715055797,NA
5,"A",5,36.8125526981797,NA
6,"B",1,23.8241691904429,NA
7,"B",2,38.3118684955729,"Value2"
8,"B",3,55.4929794833044,NA
9,"B",4,33.0809057987814,NA
10,"B",5,78.2672174069516,NA
