"Order","Group","GroupOrder","Height","Identifier"
1,"A",1,37.2887199491071,NA
2,"A",2,26.1015721568254,"Value2"
3,"A",3,63.7377944677652,NA
4,"A",4,37.0518557622242,NA
5,"A",5,80.3869469297944,NA
6,"B",1,19.505633771921,NA
7,"B",2,12.1152765862859,"Value1"
8,"B",3,34.6523320659893,NA
9,"B",4,94.2875279232814,NA
10,"B",5,56.7845473722994,NA
