"Order","Group","GroupOrder","Height","Identifier"
1,"A",1,16.314842647067,NA
2,"A",2,10,"Value1"
3,"A",3,31.9869854211427,NA
4,"A",4,42.0198988540777,NA
5,"A",5,82.7752744317774,NA
6,"B",1,7.49541450154015,NA
7,"B",2,56.2341325190349,"Value2"
8,"B",3,21.8337545039363,NA
9,"B",4,15.2673626672225,NA
10,"B",5,16.7923962183531,NA
