"Order","Group","GroupOrder","Height","Identifier"
1,"A",1,14.8484097252424,NA
2,"A",2,17.7827941003892,"Value1"
3,"A",3,75.1527138297464,NA
4,"A",4,79.1837196575316,NA
5,"A",5,60.4903217318915,NA
6,"B",1,57.6502089188701,NA
7,"B",2,26.1015721568254,"Value2"
8,"B",3,42.784729862459,NA
9,"B",4,56.9363768670193,NA
10,"B",5,76.8127913229576,NA
