"Order","Group","GroupOrder","Height","Identifier"
1,"A",1,39.8684644033173,NA
2,"A",2,46.4158883361278,"Value2"
3,"A",3,48.6383204517092,NA
4,"A",4,78.299169681629,NA
5,"A",5,72.0149606592219,NA
6,"B",1,78.384043461464,NA
7,"B",2,21.5443469003188,"Value1"
8,"B",3,75.8672489996768,NA
9,"B",4,52.3195331202038,NA
10,"B",5,44.6945843922723,NA
