"Order","Group","GroupOrder","Height","Identifier"
1,"A",1,38.1833237608152,NA
2,"A",2,56.2341325190349,"Value2"
3,"A",3,10,"Value1"
4,"A",4,83.7837468846226,NA
5,"A",5,37.68928546396,NA
6,"B",1,31.2623290089495,NA
7,"B",2,7.99785604049875,NA
8,"B",3,25.0305247475248,NA
9,"B",4,50.1351684993219,NA
10,"B",5,25.7679545137581,NA
