"Order","Group","GroupOrder","Height","Identifier"
1,"A",1,22.5711516256622,NA
2,"A",2,14.6779926762207,"Value1"
3,"A",3,38.3118684955729,"Value2"
4,"A",4,44.750295349624,NA
5,"A",5,81.3726502602005,NA
6,"B",1,51.7977633758228,NA
7,"B",2,25.0825908567949,NA
8,"B",3,63.5051222740423,NA
9,"B",4,29.8450175711852,NA
10,"B",5,81.6479165133473,NA
