"Order","Group","GroupOrder","Height","Identifier"
1,"A",1,69.7263326271092,NA
2,"A",2,12.1152765862859,"Value1"
3,"A",3,46.4158883361278,"Value2"
4,"A",4,23.1865305108394,NA
5,"A",5,13.3385264940281,NA
6,"B",1,64.1129436938864,NA
7,"B",2,58.1927364228148,NA
8,"B",3,10.7577010044661,NA
9,"B",4,81.2428632555294,NA
10,"B",5,59.1496171311535,NA
