"Order","Group","GroupOrder","Height","Identifier"
1,"A",1,73.6241040525019,NA
2,"A",2,26.1015721568254,"Value2"
3,"A",3,17.7827941003892,"Value1"
4,"A",4,63.1936175449803,NA
5,"A",5,35.6248325991639,NA
6,"B",1,27.1508022419797,NA
7,"B",2,18.571934891019,NA
8,"B",3,88.2813552419719,NA
9,"B",4,59.135818517426,NA
10,"B",5,46.642330130479,NA
