"Order","Group","GroupOrder","Height","Identifier"
1,"A",1,57.7991744188753,NA
2,"A",2,56.2341325190349,"Value2"
3,"A",3,31.6227766016838,"Value1"
4,"A",4,28.6177704321061,NA
5,"A",5,73.3140447830728,NA
6,"B",1,41.8522664070928,NA
7,"B",2,81.6739053112293,NA
8,"B",3,40.0943395674246,NA
9,"B",4,12.9906119465158,NA
10,"B",5,53.34282290527,NA
