"Order","Group","GroupOrder","Height","Identifier"
1,"A",1,60.1931210782825,NA
2,"A",2,12.1152765862859,"Value1"
3,"A",3,26.1015721568254,"Value2"
4,"A",4,53.1927615868867,NA
5,"A",5,20.7042004173432,NA
6,"B",1,53.8038530002793,NA
7,"B",2,46.8990318738026,NA
8,"B",3,51.2649449476812,NA
9,"B",4,76.3319093872701,NA
10,"B",5,66.4941593390018,NA
