"Order","Group","GroupOrder","Height","Identifier"
1,"A",1,65.8968203966569,NA
2,"A",2,10,"Value1"
3,"A",3,56.2341325190349,"Value2"
4,"A",4,43.501777868889,NA
5,"A",5,28.0598624330564,NA
6,"B",1,79.2342665532115,NA
7,"B",2,71.6926871950292,NA
8,"B",3,80.8541881037957,NA
9,"B",4,46.9985054932656,NA
10,"B",5,24.5991226257497,NA
