"Order","Group","GroupOrder","Height","Identifier"
1,"A",1,5.44023256594029,NA
2,"A",2,21.5443469003188,"Value2"
3,"A",3,17.7827941003892,"Value1"
4,"A",4,61.0320007181178,NA
5,"A",5,70.2688709144231,NA
6,"B",1,35.0670381116588,NA
7,"B",2,22.5817266429746,NA
8,"B",3,41.9829463475985,NA
9,"B",4,54.5780673513944,NA
10,"B",5,44.3178597678,NA
