"Order","Group","GroupOrder","Height","Identifier","IDchr"
1,"A",1,8.77695460057477,"random",""
2,"A",2,21.5443469003188,"v1","▲"
3,"A",3,84.2213744827976,"random",""
4,"A",4,64.4375038087528,"random",""
5,"A",5,65.0319569927062,"random",""
6,"B",1,53.322255730586,"random",""
7,"B",2,46.4158883361278,"v2","●"
8,"B",3,80.8755105043624,"random",""
9,"B",4,3.04898726563942,"random",""
10,"B",5,36.3626068111103,"random",""
