"Order","Group","GroupOrder","Height","Identifier"
1,"A",1,26.0958812637613,NA
2,"A",2,17.7827941003892,"Value1"
3,"A",3,50.1764269296989,NA
4,"A",4,85.9172140185356,NA
5,"A",5,76.7041003379306,NA
6,"B",1,53.8147044356212,NA
7,"B",2,26.1015721568254,"Value2"
8,"B",3,40.6256275247583,NA
9,"B",4,36.6621774701722,NA
10,"B",5,6.26638584028067,NA
