"Order","Group","GroupOrder","Height","Identifier"
1,"A",1,36.3627357128901,NA
2,"A",2,21.5443469003188,"Value2"
3,"A",3,50.5877937402635,NA
4,"A",4,18.418384300771,NA
5,"A",5,41.7997734787291,NA
6,"B",1,13.0660061924613,NA
7,"B",2,17.7827941003892,"Value1"
8,"B",3,81.3802477383531,NA
9,"B",4,22.6582771039374,NA
10,"B",5,44.9815433332731,NA
