"Order","Group","GroupOrder","Height","Identifier"
1,"A",1,69.1861684313906,NA
2,"A",2,21.5443469003188,"Value2"
3,"A",3,17.7827941003892,"Value1"
4,"A",4,43.3006483584339,NA
5,"A",5,51.856940173297,NA
6,"B",1,74.016087295606,NA
7,"B",2,62.0647160456468,NA
8,"B",3,50.6020773373903,NA
9,"B",4,28.1324282869865,NA
10,"B",5,56.2073699913865,NA
