"Order","Group","GroupOrder","Height","Identifier"
1,"A",1,61.4363191867536,NA
2,"A",2,12.1152765862859,"Value1"
3,"A",3,46.4158883361278,"Value2"
4,"A",4,82.1288268689251,NA
5,"A",5,58.0159273997087,NA
6,"B",1,59.1878389760464,NA
7,"B",2,85.0230204393011,NA
8,"B",3,25.0580156016491,NA
9,"B",4,42.8565941718418,NA
10,"B",5,44.4323261301619,NA
