"Order","Group","GroupOrder","Height","Identifier"
1,"A",1,89.3030437037449,NA
2,"A",2,26.1015721568254,"Value2"
3,"A",3,17.7827941003892,"Value1"
4,"A",4,33.2080525981258,NA
5,"A",5,74.194592939045,NA
6,"B",1,35.2618341657163,NA
7,"B",2,20.3845441134483,NA
8,"B",3,40.6458968660708,NA
9,"B",4,35.001887405507,NA
10,"B",5,13.1724194349311,NA
