"Order","Group","GroupOrder","Height","Identifier"
1,"A",1,59.3729291657068,NA
2,"A",2,56.2341325190349,"Value2"
3,"A",3,31.6227766016838,"Value1"
4,"A",4,83.8179197477049,NA
5,"A",5,23.4324645972149,NA
6,"B",1,29.0784853187121,NA
7,"B",2,75.2007123963862,NA
8,"B",3,53.0542091801632,NA
9,"B",4,16.5981760077049,NA
10,"B",5,39.9811714209466,NA
