"Order","Group","GroupOrder","Height","Identifier"
1,"A",1,64.4757178901559,NA
2,"A",2,14.6779926762207,"Value1"
3,"A",3,38.3118684955729,"Value2"
4,"A",4,34.5306295997427,NA
5,"A",5,87.5221992019407,NA
6,"B",1,84.5065395508427,NA
7,"B",2,36.518765952779,NA
8,"B",3,36.3754604607848,NA
9,"B",4,29.8084920628338,NA
10,"B",5,94.5424793948716,NA
