"Order","Group","GroupOrder","Height","Identifier"
1,"A",1,48.3924610432027,NA
2,"A",2,21.5443469003188,"Value1"
3,"A",3,46.4158883361278,"Value2"
4,"A",4,62.9909529849672,NA
5,"A",5,64.7257357435242,NA
6,"B",1,29.9177309690178,NA
7,"B",2,61.9959277585992,NA
8,"B",3,24.0027967847876,NA
9,"B",4,71.2080940222534,NA
10,"B",5,21.4356656713158,NA
