"Order","Group","GroupOrder","Height","Identifier"
1,"A",1,23.7370757982322,NA
2,"A",2,12.1152765862859,"Value1"
3,"A",3,26.1015721568254,"Value2"
4,"A",4,65.735091148138,NA
5,"A",5,72.2215951722943,NA
6,"B",1,69.3017259875769,NA
7,"B",2,53.6936568831806,NA
8,"B",3,80.3021331320788,NA
9,"B",4,20.4323083308853,NA
10,"B",5,29.5386184885057,NA
