"Order","Group","GroupOrder","Height","Identifier"
1,"A",1,52.8523145291538,NA
2,"A",2,14.6779926762207,"Value1"
3,"A",3,38.3118684955729,"Value2"
4,"A",4,64.3000943440146,NA
5,"A",5,45.7177830990088,NA
6,"B",1,54.7135395872738,NA
7,"B",2,19.0830322768557,NA
8,"B",3,26.1162824486384,NA
9,"B",4,22.4547217599528,NA
10,"B",5,17.6938534913506,NA
