"Order","Group","GroupOrder","Height","Identifier"
1,"A",1,2.02498026840294,NA
2,"A",2,46.4158883361278,"Value2"
3,"A",3,21.5443469003188,"Value1"
4,"A",4,49.2569514006395,NA
5,"A",5,69.1277415059618,NA
6,"B",1,87.8455289244729,NA
7,"B",2,37.3805643682949,NA
8,"B",3,40.8520654171706,NA
9,"B",4,55.5593262111378,NA
10,"B",5,32.8922234624826,NA
