"Order","Group","GroupOrder","Height","Identifier"
1,"A",1,62.4368869159621,NA
2,"A",2,14.6779926762207,"Value2"
3,"A",3,10,"Value1"
4,"A",4,67.0825263946812,NA
5,"A",5,45.6095306461264,NA
6,"B",1,64.9158582898884,NA
7,"B",2,21.1955029725,NA
8,"B",3,79.6690229935328,NA
9,"B",4,59.2586841188633,NA
10,"B",5,35.0393992279997,NA
