"Order","Group","GroupOrder","Height","Identifier"
1,"A",1,59.8777188418329,NA
2,"A",2,46.4158883361278,"Value2"
3,"A",3,12.1152765862859,"Value1"
4,"A",4,80.36256565647,NA
5,"A",5,54.1073999708241,NA
6,"B",1,42.5202143503943,NA
7,"B",2,16.5419920958725,NA
8,"B",3,53.4650240792606,NA
9,"B",4,76.2023350642038,NA
10,"B",5,58.5501456629765,NA
