"Order","Group","GroupOrder","Height","Identifier"
1,"A",1,71.8237550695892,NA
2,"A",2,56.2341325190349,"Value2"
3,"A",3,31.6227766016838,"Value1"
4,"A",4,28.6124331907791,NA
5,"A",5,34.2061335818936,NA
6,"B",1,81.8921944669847,NA
7,"B",2,24.8796045257908,NA
8,"B",3,28.4489159069075,NA
9,"B",4,7.61078173519506,NA
10,"B",5,49.5691292805044,NA
