"Order","Group","GroupOrder","Height","Identifier"
1,"A",1,18.379477872731,NA
2,"A",2,56.2341325190349,"Value2"
3,"A",3,10,"Value1"
4,"A",4,62.3994078311762,NA
5,"A",5,33.8986530052929,NA
6,"B",1,47.965442851659,NA
7,"B",2,38.0324956103106,NA
8,"B",3,37.603721255616,NA
9,"B",4,22.4736490177158,NA
10,"B",5,65.6903209435614,NA
