"Order","Group","GroupOrder","Height","Identifier"
1,"A",1,85.2719688285564,NA
2,"A",2,10,"Value1"
3,"A",3,56.2341325190349,"Value2"
4,"A",4,59.2031611603195,NA
5,"A",5,25.1348184731857,NA
6,"B",1,88.8760778278543,NA
7,"B",2,70.5274574236226,NA
8,"B",3,23.3850936224618,NA
9,"B",4,63.2847954921875,NA
10,"B",5,78.7792444974334,NA
