"Order","Group","GroupOrder","Height","Identifier"
1,"A",1,20.8117603610823,NA
2,"A",2,46.4158883361278,"Value2"
3,"A",3,12.1152765862859,"Value1"
4,"A",4,24.3358311439451,NA
5,"A",5,72.7231020165826,NA
6,"B",1,21.7899784767435,NA
7,"B",2,56.5915790148359,NA
8,"B",3,33.5833983155245,NA
9,"B",4,47.9491841723443,NA
10,"B",5,76.3236261648873,NA
