"Order","Group","GroupOrder","Height","Identifier"
1,"A",1,77.1312746743117,NA
2,"A",2,38.3118684955729,"Value2"
3,"A",3,14.6779926762207,"Value1"
4,"A",4,47.5630154107511,NA
5,"A",5,81.7678135746187,NA
6,"B",1,56.0714559971401,NA
7,"B",2,52.6134523710667,NA
8,"B",3,78.0076823170303,NA
9,"B",4,62.9388246411096,NA
10,"B",5,46.3260604696314,NA
