"Order","Group","GroupOrder","Height","Identifier"
1,"A",1,66.8912796390893,NA
2,"A",2,21.5443469003188,"Value1"
3,"A",3,46.4158883361278,"Value2"
4,"A",4,76.7457786487604,NA
5,"A",5,63.7495975216518,NA
6,"B",1,62.7831932471652,NA
7,"B",2,43.5532280074368,NA
8,"B",3,76.8390900180851,NA
9,"B",4,31.7096571273235,NA
10,"B",5,53.5019133600742,NA
