"Order","Group","GroupOrder","Height","Identifier"
1,"A",1,41.2458288957231,NA
2,"A",2,26.1015721568254,"Value2"
3,"A",3,12.1152765862859,"Value1"
4,"A",4,37.0970011238432,NA
5,"A",5,26.1453390137587,NA
6,"B",1,20.0808541599426,NA
7,"B",2,98.8541536062353,NA
8,"B",3,53.7331113223043,NA
9,"B",4,20.1075005202076,NA
10,"B",5,46.7662761943623,NA
