"Order","Group","GroupOrder","Height","Identifier"
1,"A",1,46.8234022173209,NA
2,"A",2,56.2341325190349,"Value2"
3,"A",3,31.6227766016838,"Value1"
4,"A",4,42.7841465771167,NA
5,"A",5,80.8356528520698,NA
6,"B",1,75.414684889039,NA
7,"B",2,38.7815457585001,NA
8,"B",3,42.3904921130949,NA
9,"B",4,16.6818809578315,NA
10,"B",5,5.00297304438224,NA
