"Order","Group","GroupOrder","Height","Identifier"
1,"A",1,81.1027930871716,NA
2,"A",2,21.5443469003188,"Value1"
3,"A",3,46.4158883361278,"Value2"
4,"A",4,22.8372092591372,NA
5,"A",5,65.15947983705,NA
6,"B",1,38.8957369769429,NA
7,"B",2,71.7226934363411,NA
8,"B",3,47.1452452137114,NA
9,"B",4,73.3384031396677,NA
10,"B",5,71.3491275769354,NA
