"Order","Group","GroupOrder","Height","Identifier"
1,"A",1,42.0862439054782,NA
2,"A",2,17.7827941003892,"Value1"
3,"A",3,26.1015721568254,"Value2"
4,"A",4,13.2087220690104,NA
5,"A",5,46.2819720653783,NA
6,"B",1,65.6886083750929,NA
7,"B",2,7.37925183192835,NA
8,"B",3,83.469207210122,NA
9,"B",4,55.6123583118462,NA
10,"B",5,41.7226637919691,NA
