"Order","Group","GroupOrder","Height","Identifier"
1,"A",1,56.3270524411022,NA
2,"A",2,10,"Value1"
3,"A",3,14.6779926762207,"Value2"
4,"A",4,13.2732335961812,NA
5,"A",5,77.1481275658163,NA
6,"B",1,67.2062633268868,NA
7,"B",2,37.8494578871076,NA
8,"B",3,76.028817439781,NA
9,"B",4,60.9594481027265,NA
10,"B",5,58.373771833238,NA
