"Order","Group","GroupOrder","Height","Identifier"
1,"A",1,81.6433498409732,NA
2,"A",2,21.5443469003188,"Value2"
3,"A",3,17.7827941003892,"Value1"
4,"A",4,51.9545995971491,NA
5,"A",5,53.2241446313689,NA
6,"B",1,12.5277630699527,NA
7,"B",2,78.3040365187994,NA
8,"B",3,50.8240749549264,NA
9,"B",4,70.5675699358796,NA
10,"B",5,48.5293820892475,NA
