"Order","Group","GroupOrder","Height","Identifier"
1,"A",1,47.4382220883948,NA
2,"A",2,46.4158883361278,"Value2"
3,"A",3,12.1152765862859,"Value1"
4,"A",4,53.9628914586791,NA
5,"A",5,72.9784345506645,NA
6,"B",1,85.5435141086937,NA
7,"B",2,29.9021253296886,NA
8,"B",3,63.7050512368065,NA
9,"B",4,18.4046089289882,NA
10,"B",5,71.2148618737348,NA
