"Order","Group","GroupOrder","Height","Identifier"
1,"A",1,92.1352061989948,NA
2,"A",2,56.2341325190349,"Value2"
3,"A",3,10,"Value1"
4,"A",4,84.5398380515883,NA
5,"A",5,20.2535129993412,NA
6,"B",1,42.9292171569196,NA
7,"B",2,10.4534343181269,NA
8,"B",3,47.9904564546956,NA
9,"B",4,50.7497798479879,NA
10,"B",5,85.94128779964,NA
