"Order","Group","GroupOrder","Height","Identifier"
1,"A",1,37.1024862890867,NA
2,"A",2,10,"Value1"
3,"A",3,14.6779926762207,"Value2"
4,"A",4,46.8372936588349,NA
5,"A",5,13.4551151175732,NA
6,"B",1,30.5182543814922,NA
7,"B",2,26.9443998219956,NA
8,"B",3,84.6627972726113,NA
9,"B",4,37.6834585127449,NA
10,"B",5,41.6231586755301,NA
