"Order","Group","GroupOrder","Height","Identifier"
1,"A",1,68.7570480569694,NA
2,"A",2,31.6227766016838,"Value1"
3,"A",3,38.3118684955729,"Value2"
4,"A",4,51.7943314393103,NA
5,"A",5,20.9899409588353,NA
6,"B",1,42.1765313701212,NA
7,"B",2,92.0440673412523,NA
8,"B",3,53.3549143708932,NA
9,"B",4,6.98874581129623,NA
10,"B",5,29.6325185419821,NA
