"Order","Group","GroupOrder","Height","Identifier"
1,"A",1,26.7221145731171,NA
2,"A",2,10,"Value1"
3,"A",3,56.2341325190349,"Value2"
4,"A",4,26.8494696575156,NA
5,"A",5,23.1609488638879,NA
6,"B",1,70.0868268506247,NA
7,"B",2,33.197261081711,NA
8,"B",3,72.831674141383,NA
9,"B",4,86.4420818030857,NA
10,"B",5,23.85876826366,NA
