"Order","Group","GroupOrder","Height","Identifier"
1,"A",1,71.61253657185,NA
2,"A",2,21.5443469003188,"Value2"
3,"A",3,17.7827941003892,"Value1"
4,"A",4,32.3328574121842,NA
5,"A",5,38.6953406422184,NA
6,"B",1,57.640023401388,NA
7,"B",2,17.9061171025271,NA
8,"B",3,35.5647517180987,NA
9,"B",4,36.8944766276774,NA
10,"B",5,74.2231011984431,NA
