"Order","Group","GroupOrder","Height","Identifier"
1,"A",1,56.1466605441535,NA
2,"A",2,46.4158883361278,"Value2"
3,"A",3,56.9641682889195,NA
4,"A",4,44.936277134197,NA
5,"A",5,52.0161847426862,NA
6,"B",1,75.5569669163617,NA
7,"B",2,12.1152765862859,"Value1"
8,"B",3,22.604237887908,NA
9,"B",4,20.9588154485791,NA
10,"B",5,57.2344952705442,NA
