"Order","Group","GroupOrder","Height","Identifier"
1,"A",1,61.1044310385702,NA
2,"A",2,56.2341325190349,"Value2"
3,"A",3,96.9468057228453,NA
4,"A",4,30.4444265343388,NA
5,"A",5,36.8756383295862,NA
6,"B",1,46.7065028310716,NA
7,"B",2,10,"Value1"
8,"B",3,70.0724408223345,NA
9,"B",4,79.7848766080138,NA
10,"B",5,17.6996170757586,NA
