"Order","Group","GroupOrder","Height","Identifier"
1,"A",1,96.300926071129,NA
2,"A",2,14.6779926762207,"Value2"
3,"A",3,71.3677118311567,NA
4,"A",4,52.6859245093317,NA
5,"A",5,51.0199953793183,NA
6,"B",1,69.0197624384114,NA
7,"B",2,10,"Value1"
8,"B",3,26.1053235123057,NA
9,"B",4,65.5774391760238,NA
10,"B",5,21.0341394966594,NA
