"Order","Group","GroupOrder","Height","Identifier"
1,"A",1,90.840300932861,NA
2,"A",2,17.7827941003892,"Value1"
3,"A",3,53.6168221216201,NA
4,"A",4,39.7079305469974,NA
5,"A",5,20.9258927899945,NA
6,"B",1,37.8720667607377,NA
7,"B",2,26.1015721568254,"Value2"
8,"B",3,29.2078603459924,NA
9,"B",4,49.2757779399049,NA
10,"B",5,16.3871231117035,NA
