"Order","Group","GroupOrder","Height","Identifier"
1,"A",1,54.1242618436474,NA
2,"A",2,17.7827941003892,"Value1"
3,"A",3,53.9172029250145,NA
4,"A",4,87.6380043683588,NA
5,"A",5,22.7217226791058,NA
6,"B",1,12.8138205439476,NA
7,"B",2,21.5443469003188,"Value2"
8,"B",3,6.86083121701975,NA
9,"B",4,60.5928525240587,NA
10,"B",5,43.9162886971286,NA
