"Order","Group","GroupOrder","Height","Identifier"
1,"A",1,42.3525650612758,NA
2,"A",2,14.6779926762207,"Value1"
3,"A",3,68.4651986908979,NA
4,"A",4,88.4084881821652,NA
5,"A",5,44.292441308773,NA
6,"B",1,29.2306498110345,NA
7,"B",2,38.3118684955729,"Value2"
8,"B",3,26.7927120710363,NA
9,"B",4,83.8395175836945,NA
10,"B",5,39.7927941591879,NA
