"Order","Group","GroupOrder","Height","Identifier"
1,"A",1,58.0862432796367,NA
2,"A",2,46.4158883361278,"Value2"
3,"A",3,40.9250713761484,NA
4,"A",4,56.4433250618703,NA
5,"A",5,83.1849493943636,NA
6,"B",1,58.6814382008088,NA
7,"B",2,12.1152765862859,"Value1"
8,"B",3,23.9307361697477,NA
9,"B",4,75.5363848586625,NA
10,"B",5,22.0595959772474,NA
