"Order","Group","GroupOrder","Height","Identifier"
1,"A",1,64.1927790289811,NA
2,"A",2,56.2341325190349,"Value2"
3,"A",3,52.0006427076832,NA
4,"A",4,62.186435107798,NA
5,"A",5,61.4277947507393,NA
6,"B",1,53.9402224920168,NA
7,"B",2,31.6227766016838,"Value1"
8,"B",3,66.9927939164961,NA
9,"B",4,48.4895986110598,NA
10,"B",5,58.5066759574703,NA
