"Order","Group","GroupOrder","Height","Identifier"
1,"A",1,82.0085762031668,NA
2,"A",2,17.7827941003892,"Value1"
3,"A",3,46.6597694753944,NA
4,"A",4,78.3208603472402,NA
5,"A",5,19.591056001961,NA
6,"B",1,50.0735682332732,NA
7,"B",2,26.1015721568254,"Value2"
8,"B",3,33.0617978146116,NA
9,"B",4,8.1002643282448,NA
10,"B",5,35.8919096414838,NA
