"Order","Group","GroupOrder","Height","Identifier"
1,"A",1,67.8103737930944,NA
2,"A",2,56.2341325190349,"Value2"
3,"A",3,41.643270374406,NA
4,"A",4,13.280531417168,NA
5,"A",5,70.513372260583,NA
6,"B",1,6.80569030219579,NA
7,"B",2,10,"Value1"
8,"B",3,48.979988413743,NA
9,"B",4,48.4665817084837,NA
10,"B",5,23.5710814631066,NA
