"Order","Group","GroupOrder","Height","Identifier"
1,"A",1,18.11134594326,NA
2,"A",2,14.6779926762207,"Value2"
3,"A",3,47.7020292155001,NA
4,"A",4,40.883039268533,NA
5,"A",5,42.4258153227289,NA
6,"B",1,29.910380922996,NA
7,"B",2,10,"Value1"
8,"B",3,47.6994456860636,NA
9,"B",4,67.4613635185504,NA
10,"B",5,67.1954653851836,NA
