"Order","Group","GroupOrder","Height","Identifier"
1,"A",1,96.0760803676046,NA
2,"A",2,31.6227766016838,"Value1"
3,"A",3,43.016301206931,NA
4,"A",4,69.7277007960525,NA
5,"A",5,23.5472379659322,NA
6,"B",1,97.8762960825781,NA
7,"B",2,38.3118684955729,"Value2"
8,"B",3,24.3461242561434,NA
9,"B",4,26.8198492902839,NA
10,"B",5,66.9163027226533,NA
