"Order","Group","GroupOrder","Height","Identifier"
1,"A",1,25.5747898039005,NA
2,"A",2,12.1152765862859,"Value1"
3,"A",3,26.1015721568254,"Value2"
4,"A",4,28.1990861815725,NA
5,"A",5,29.0420773457043,NA
6,"B",1,80.435982554709,NA
7,"B",2,17.9916468266509,NA
8,"B",3,85.9632265344889,NA
9,"B",4,26.2984351353504,NA
10,"B",5,50.0219810152488,NA
