"Order","Group","GroupOrder","Height","Identifier"
1,"A",1,63.6377752973946,NA
2,"A",2,38.3118684955729,"Value2"
3,"A",3,14.6779926762207,"Value1"
4,"A",4,51.5597692574134,NA
5,"A",5,13.2852886308485,NA
6,"B",1,61.15053321413,NA
7,"B",2,24.5932140746176,NA
8,"B",3,78.1238693354733,NA
9,"B",4,79.6950234505893,NA
10,"B",5,13.6838019269707,NA
