"Order","Group","GroupOrder","Height","Identifier"
1,"A",1,55.4251081641588,NA
2,"A",2,31.6227766016838,"Value1"
3,"A",3,56.2341325190349,"Value2"
4,"A",4,44.4073589035996,NA
5,"A",5,62.6806312147535,NA
6,"B",1,66.3862864259682,NA
7,"B",2,51.4191684587663,NA
8,"B",3,56.5963890591045,NA
9,"B",4,32.6732707098715,NA
10,"B",5,29.4025965695445,NA
