"Order","Group","GroupOrder","Height","Identifier"
1,"A",1,95.6884961391173,NA
2,"A",2,21.5443469003188,"Value2"
3,"A",3,17.7827941003892,"Value1"
4,"A",4,21.7499580839697,NA
5,"A",5,59.2788291449621,NA
6,"B",1,48.667256234138,NA
7,"B",2,37.1278086596683,NA
8,"B",3,82.7560191897594,NA
9,"B",4,30.045497168775,NA
10,"B",5,59.1697629405876,NA
