"Order","Group","GroupOrder","Height","Identifier"
1,"A",1,34.0512804597771,NA
2,"A",2,31.6227766016838,"Value1"
3,"A",3,39.3507387053027,NA
4,"A",4,51.2267567266547,NA
5,"A",5,84.063726720843,NA
6,"B",1,21.993172329881,NA
7,"B",2,56.2341325190349,"Value2"
8,"B",3,42.3661183328417,NA
9,"B",4,34.8148621928322,NA
10,"B",5,57.0594431579908,NA
