"Order","Group","GroupOrder","Height","Identifier"
1,"A",1,61.0857450201322,NA
2,"A",2,14.6779926762207,"Value1"
3,"A",3,37.8625788308692,NA
4,"A",4,19.2938754107901,NA
5,"A",5,13.3763226825496,NA
6,"B",1,79.640559937481,NA
7,"B",2,38.3118684955729,"Value2"
8,"B",3,24.7095275836442,NA
9,"B",4,52.3753586124847,NA
10,"B",5,78.5335350991268,NA
