"Order","Group","GroupOrder","Height","Identifier"
1,"A",1,5.10404771919176,NA
2,"A",2,17.7827941003892,"Value1"
3,"A",3,52.0493289536589,NA
4,"A",4,23.7924010418293,NA
5,"A",5,59.2205047398859,NA
6,"B",1,65.5919359143942,NA
7,"B",2,21.5443469003188,"Value2"
8,"B",3,57.8708437566329,NA
9,"B",4,82.346038018829,NA
10,"B",5,9.58048435804085,NA
