"Order","Group","GroupOrder","Height","Identifier"
1,"A",1,58.4289694158663,NA
2,"A",2,31.6227766016838,"Value1"
3,"A",3,59.5451418378114,NA
4,"A",4,54.4350352969898,NA
5,"A",5,17.5119759097324,NA
6,"B",1,30.1948809376073,NA
7,"B",2,38.3118684955729,"Value2"
8,"B",3,21.8355285941582,NA
9,"B",4,17.9170805146088,NA
10,"B",5,28.0936321611906,NA
