"Order","Group","GroupOrder","Height","Identifier"
1,"A",1,46.2841173693737,NA
2,"A",2,46.4158883361278,"Value2"
3,"A",3,82.2740013763697,NA
4,"A",4,28.362863207417,NA
5,"A",5,37.7103433986447,NA
6,"B",1,38.3929738168304,NA
7,"B",2,21.5443469003188,"Value1"
8,"B",3,21.244179155371,NA
9,"B",4,45.0192013334201,NA
10,"B",5,38.8800404918802,NA
