"Order","Group","GroupOrder","Height","Identifier"
1,"A",1,62.8131829278906,NA
2,"A",2,31.6227766016838,"Value1"
3,"A",3,40.1145767258209,NA
4,"A",4,31.0578643331135,NA
5,"A",5,34.3171352387859,NA
6,"B",1,29.2108984733153,NA
7,"B",2,56.2341325190349,"Value2"
8,"B",3,19.6509907982835,NA
9,"B",4,66.8072284782706,NA
10,"B",5,16.9212710095897,NA
