"Order","Group","GroupOrder","Height","Identifier"
1,"A",1,13.9359345673125,NA
2,"A",2,46.4158883361278,"Value2"
3,"A",3,77.4363271121126,NA
4,"A",4,13.3801269472975,NA
5,"A",5,70.9392839012509,NA
6,"B",1,48.0195216978733,NA
7,"B",2,21.5443469003188,"Value1"
8,"B",3,82.6547310962063,NA
9,"B",4,88.5504364114886,NA
10,"B",5,60.7940354647026,NA
