"Order","Group","GroupOrder","Height","Identifier"
1,"A",1,51.3772921279968,NA
2,"A",2,21.5443469003188,"Value2"
3,"A",3,58.1967575066725,NA
4,"A",4,80.356423565145,NA
5,"A",5,21.6021091736431,NA
6,"B",1,31.9678804714163,NA
7,"B",2,17.7827941003892,"Value1"
8,"B",3,24.0120754155177,NA
9,"B",4,40.9516032346867,NA
10,"B",5,32.3506871210984,NA
