"Order","Group","GroupOrder","Height","Identifier"
1,"A",1,66.1177649635495,NA
2,"A",2,17.7827941003892,"Value1"
3,"A",3,35.6560394513456,NA
4,"A",4,77.7731108486444,NA
5,"A",5,72.1029594929131,NA
6,"B",1,35.7460752028929,NA
7,"B",2,26.1015721568254,"Value2"
8,"B",3,22.5289251515368,NA
9,"B",4,92.7847572398372,NA
10,"B",5,79.292781759464,NA
