"Order","Group","GroupOrder","Height","Identifier"
1,"A",1,54.7242875065292,NA
2,"A",2,14.6779926762207,"Value2"
3,"A",3,23.3724454035454,NA
4,"A",4,18.2653246271409,NA
5,"A",5,56.9967628225169,NA
6,"B",1,38.4042062494654,NA
7,"B",2,10,"Value1"
8,"B",3,69.6383581975984,NA
9,"B",4,78.6360589222331,NA
10,"B",5,31.5481545030493,NA
