"Order","Group","GroupOrder","Height","Identifier"
1,"A",1,24.6537416052781,NA
2,"A",2,10,"Value1"
3,"A",3,57.3746000981436,NA
4,"A",4,26.0891887344357,NA
5,"A",5,56.1928389015373,NA
6,"B",1,55.6090798460337,NA
7,"B",2,56.2341325190349,"Value2"
8,"B",3,78.6304091955182,NA
9,"B",4,41.0270748194031,NA
10,"B",5,67.0232203923251,NA
