"Order","Group","GroupOrder","Height","Identifier"
1,"A",1,86.1653748884773,NA
2,"A",2,56.2341325190349,"Value2"
3,"A",3,85.6634988219625,NA
4,"A",4,65.2211983032581,NA
5,"A",5,35.5324506460527,NA
6,"B",1,48.4100774479713,NA
7,"B",2,31.6227766016838,"Value1"
8,"B",3,78.3026552003601,NA
9,"B",4,29.6096107688109,NA
10,"B",5,53.5366739053674,NA
