"Order","Group","GroupOrder","Height","Identifier"
1,"A",1,59.4770098370677,NA
2,"A",2,12.1152765862859,"Value1"
3,"A",3,63.5599027784457,NA
4,"A",4,22.3409542420861,NA
5,"A",5,61.5000018105933,NA
6,"B",1,44.0951866114341,NA
7,"B",2,46.4158883361278,"Value2"
8,"B",3,62.8370056252117,NA
9,"B",4,53.929376071953,NA
10,"B",5,61.6921347185962,NA
