"Order","Group","GroupOrder","Height","Identifier"
1,"A",1,35.1482747835371,NA
2,"A",2,56.2341325190349,"Value2"
3,"A",3,48.2104758677657,NA
4,"A",4,55.5915363405303,NA
5,"A",5,23.8404493141457,NA
6,"B",1,61.0915342104783,NA
7,"B",2,10,"Value1"
8,"B",3,56.846880645882,NA
9,"B",4,49.8610206231397,NA
10,"B",5,50.4264920315475,NA
