"Order","Group","GroupOrder","Height","Identifier"
1,"A",1,11.4964154963787,NA
2,"A",2,17.7827941003892,"Value1"
3,"A",3,81.347245132285,NA
4,"A",4,66.1658130797577,NA
5,"A",5,52.9414887012367,NA
6,"B",1,24.304818928823,NA
7,"B",2,26.1015721568254,"Value2"
8,"B",3,32.5629521363679,NA
9,"B",4,77.7637816726983,NA
10,"B",5,81.8149689306026,NA
