"Order","Group","GroupOrder","Height","Identifier"
1,"A",1,50.6910562019943,NA
2,"A",2,21.5443469003188,"Value1"
3,"A",3,80.3427930580298,NA
4,"A",4,98.5994476498253,NA
5,"A",5,45.5575805844989,NA
6,"B",1,73.7403039153353,NA
7,"B",2,46.4158883361278,"Value2"
8,"B",3,51.4109912666969,NA
9,"B",4,42.5887764532274,NA
10,"B",5,40.5829953603461,NA
