"Order","Group","GroupOrder","Height","Identifier"
1,"A",1,8.42057447319,NA
2,"A",2,10,"Value1"
3,"A",3,49.3866160056447,NA
4,"A",4,88.9826225703618,NA
5,"A",5,13.3975332637563,NA
6,"B",1,61.1813375487384,NA
7,"B",2,14.6779926762207,"Value2"
8,"B",3,67.4524833502927,NA
9,"B",4,40.1394136023341,NA
10,"B",5,14.9200882766913,NA
