"Order","Group","GroupOrder","Height","Identifier"
1,"A",1,42.4999833324044,NA
2,"A",2,10,"Value1"
3,"A",3,58.4883967561439,NA
4,"A",4,15.8317714732248,NA
5,"A",5,17.6905501981517,NA
6,"B",1,83.2403027060397,NA
7,"B",2,56.2341325190349,"Value2"
8,"B",3,12.0647821680595,NA
9,"B",4,81.6277661547809,NA
10,"B",5,45.1457916968909,NA
