"Order","Group","GroupOrder","Height","Identifier"
1,"A",1,63.6546122787321,NA
2,"A",2,46.4158883361278,"Value2"
3,"A",3,26.7170512816148,NA
4,"A",4,37.1475283958322,NA
5,"A",5,51.6557251172506,NA
6,"B",1,66.5162510378187,NA
7,"B",2,12.1152765862859,"Value1"
8,"B",3,22.0622699604071,NA
9,"B",4,58.3222081734991,NA
10,"B",5,48.9049956344868,NA
