"Order","Group","GroupOrder","Height","Identifier"
1,"A",1,26.8475083604999,NA
2,"A",2,21.5443469003188,"Value1"
3,"A",3,55.2650810906168,NA
4,"A",4,64.4117528893997,NA
5,"A",5,33.3576736405414,NA
6,"B",1,47.4401226734353,NA
7,"B",2,46.4158883361278,"Value2"
8,"B",3,60.6682415049202,NA
9,"B",4,45.0671103763275,NA
10,"B",5,45.9584333027653,NA
