"Order","Group","GroupOrder","Height","Identifier"
1,"A",1,39.4977401837217,NA
2,"A",2,14.6779926762207,"Value1"
3,"A",3,66.3837030876187,NA
4,"A",4,83.979868228311,NA
5,"A",5,26.4945656535643,NA
6,"B",1,55.4831302663717,NA
7,"B",2,38.3118684955729,"Value2"
8,"B",3,45.2398676260768,NA
9,"B",4,66.3475778725814,NA
10,"B",5,53.3176340184765,NA
