"Order","Group","GroupOrder","Height","Identifier"
1,"A",1,87.0669499614246,NA
2,"A",2,38.3118684955729,"Value2"
3,"A",3,18.9833288482292,NA
4,"A",4,57.2144855734585,NA
5,"A",5,27.7792053059914,NA
6,"B",1,50.5483991302038,NA
7,"B",2,31.6227766016838,"Value1"
8,"B",3,67.3831250466067,NA
9,"B",4,78.7297981719578,NA
10,"B",5,36.7310036330098,NA
