"Order","Group","GroupOrder","Height","Identifier"
1,"A",1,69.4593105234667,NA
2,"A",2,17.7827941003892,"Value1"
3,"A",3,51.4648013931636,NA
4,"A",4,26.8629639004032,NA
5,"A",5,84.5049896236712,NA
6,"B",1,75.8536861230173,NA
7,"B",2,21.5443469003188,"Value2"
8,"B",3,21.1022095137442,NA
9,"B",4,72.0204975523008,NA
10,"B",5,37.8667242182036,NA
