"Order","Group","GroupOrder","Height","Identifier"
1,"A",1,72.4455757975846,NA
2,"A",2,12.1152765862859,"Value1"
3,"A",3,40.2083797660101,NA
4,"A",4,54.5936875144921,NA
5,"A",5,38.0810948699191,NA
6,"B",1,43.4261218669376,NA
7,"B",2,26.1015721568254,"Value2"
8,"B",3,47.0767585923237,NA
9,"B",4,48.3311591918951,NA
10,"B",5,52.4346226830938,NA
