"Order","Group","GroupOrder","Height","Identifier"
1,"A",1,6.89498245744528,NA
2,"A",2,26.1015721568254,"Value2"
3,"A",3,19.2347364975688,NA
4,"A",4,67.1369496852977,NA
5,"A",5,14.2171096892762,NA
6,"B",1,51.6921305869293,NA
7,"B",2,17.7827941003892,"Value1"
8,"B",3,47.2689936858095,NA
9,"B",4,68.6255118904857,NA
10,"B",5,73.4213917455845,NA
