"Order","Group","GroupOrder","Height","Identifier"
1,"A",1,10.1105244741561,NA
2,"A",2,56.2341325190349,"Value2"
3,"A",3,10,"Value1"
4,"A",4,88.7266064719815,NA
5,"A",5,72.9028584983044,NA
6,"B",1,61.6005056573635,NA
7,"B",2,31.4633061175286,NA
8,"B",3,71.3065847129637,NA
9,"B",4,41.1015080779638,NA
10,"B",5,29.76984747881,NA
