"Order","Group","GroupOrder","Height","Identifier"
1,"A",1,31.1668545376868,NA
2,"A",2,38.3118684955729,"Value2"
3,"A",3,14.6779926762207,"Value1"
4,"A",4,57.4647621047626,NA
5,"A",5,71.5602732867528,NA
6,"B",1,57.0586818201467,NA
7,"B",2,70.5314263232509,NA
8,"B",3,21.6733960164103,NA
9,"B",4,46.6370549745347,NA
10,"B",5,37.8278659763494,NA
