"Order","Group","GroupOrder","Height","Identifier"
1,"A",1,21.4028273206431,NA
2,"A",2,46.4158883361278,"Value2"
3,"A",3,12.1152765862859,"Value1"
4,"A",4,41.1912576888333,NA
5,"A",5,47.5746585876318,NA
6,"B",1,93.339335707465,NA
7,"B",2,82.8875829756639,NA
8,"B",3,45.2897348788809,NA
9,"B",4,29.5431414142788,NA
10,"B",5,51.4039962301113,NA
