"Order","Group","GroupOrder","Height","Identifier"
1,"A",1,11.6201274209109,NA
2,"A",2,12.1152765862859,"Value1"
3,"A",3,26.1015721568254,"Value2"
4,"A",4,18.1054179342131,NA
5,"A",5,9.54652103304214,NA
6,"B",1,16.2800305801131,NA
7,"B",2,29.7685392401082,NA
8,"B",3,7.972161178867,NA
9,"B",4,59.2673730331751,NA
10,"B",5,35.16353748683,NA
