"Order","Group","GroupOrder","Height","Identifier"
1,"A",1,40.0364334955625,NA
2,"A",2,31.6227766016838,"Value1"
3,"A",3,38.3118684955729,"Value2"
4,"A",4,32.79711606231,NA
5,"A",5,74.4890366262092,NA
6,"B",1,14.1147967906915,NA
7,"B",2,15.434045247635,NA
8,"B",3,36.6373613675294,NA
9,"B",4,51.1959500615749,NA
10,"B",5,51.5621324254709,NA
