"Order","Group","GroupOrder","Height","Identifier","IDchr"
1,"A",1,79.3416064608951,"random",""
2,"A",2,12.1152765862859,"v1","▲"
3,"A",3,26.1015721568254,"v2","●"
4,"A",4,12.7291551657723,"random",""
5,"A",5,50.5413744413463,"random",""
6,"B",1,59.7070013853223,"random",""
7,"B",2,91.3527546254032,"random",""
8,"B",3,60.8031064443256,"random",""
9,"B",4,26.6763907776758,"random",""
10,"B",5,70.374742797121,"random",""
