"Order","Group","GroupOrder","Height","Identifier"
1,"A",1,23.2052493548303,NA
2,"A",2,12.1152765862859,"Value1"
3,"A",3,13.2947029389119,NA
4,"A",4,88.7931175206287,NA
5,"A",5,73.3166180907382,NA
6,"B",1,47.4908517374418,NA
7,"B",2,46.4158883361278,"Value2"
8,"B",3,37.0480085626153,NA
9,"B",4,75.0756775909023,NA
10,"B",5,91.0598364090045,NA
