"Order","Group","GroupOrder","Height","Identifier"
1,"A",1,24.0135949444248,NA
2,"A",2,31.6227766016838,"Value1"
3,"A",3,72.6674929488582,NA
4,"A",4,18.2230895946549,NA
5,"A",5,75.8809251298201,NA
6,"B",1,35.3425350950183,NA
7,"B",2,56.2341325190349,"Value2"
8,"B",3,56.5671628317968,NA
9,"B",4,38.5569147161919,NA
10,"B",5,75.8247543626098,NA
