"Order","Group","GroupOrder","Height","Identifier"
1,"A",1,35.6720822834682,NA
2,"A",2,26.1015721568254,"Value2"
3,"A",3,63.9148981799531,NA
4,"A",4,64.7485701661846,NA
5,"A",5,68.5323695571079,NA
6,"B",1,24.586010050837,NA
7,"B",2,17.7827941003892,"Value1"
8,"B",3,63.5734954661091,NA
9,"B",4,47.5994953074966,NA
10,"B",5,44.3634427096687,NA
