"Order","Group","GroupOrder","Height","Identifier"
1,"A",1,76.527787373711,NA
2,"A",2,14.6779926762207,"Value1"
3,"A",3,9.20186869853685,NA
4,"A",4,80.1923359710058,NA
5,"A",5,52.155662834443,NA
6,"B",1,55.6650404433234,NA
7,"B",2,38.3118684955729,"Value2"
8,"B",3,38.2804247942234,NA
9,"B",4,66.6832625256349,NA
10,"B",5,78.9489667049299,NA
