"Order","Group","GroupOrder","Height","Identifier"
1,"A",1,63.5167096916751,NA
2,"A",2,31.6227766016838,"Value1"
3,"A",3,38.3118684955729,"Value2"
4,"A",4,22.9647206856995,NA
5,"A",5,80.1038199831584,NA
6,"B",1,90.5588484735131,NA
7,"B",2,37.0199919094993,NA
8,"B",3,36.6341442861516,NA
9,"B",4,7.28069204290133,NA
10,"B",5,62.4714298623337,NA
