"Order","Group","GroupOrder","Height","Identifier"
1,"A",1,33.9799890355314,NA
2,"A",2,38.3118684955729,"Value2"
3,"A",3,14.6779926762207,"Value1"
4,"A",4,67.5696716344987,NA
5,"A",5,66.7220096140583,NA
6,"B",1,76.5224292509062,NA
7,"B",2,49.2061578966246,NA
8,"B",3,28.1276458195279,NA
9,"B",4,47.8208926828405,NA
10,"B",5,12.1102619295608,NA
