"Order","Group","GroupOrder","Height","Identifier"
1,"A",1,60.7815905765948,NA
2,"A",2,26.1015721568254,"Value2"
3,"A",3,12.1152765862859,"Value1"
4,"A",4,60.0643805095706,NA
5,"A",5,12.9341449075289,NA
6,"B",1,83.2898192603446,NA
7,"B",2,56.4442106141965,NA
8,"B",3,42.3778975609205,NA
9,"B",4,66.8173028837135,NA
10,"B",5,26.5457109900455,NA
