"Order","Group","GroupOrder","Height","Identifier"
1,"A",1,60.3109850255326,NA
2,"A",2,10,"Value1"
3,"A",3,56.2341325190349,"Value2"
4,"A",4,63.1390163980118,NA
5,"A",5,14.9376046998484,NA
6,"B",1,78.7781743936107,NA
7,"B",2,43.137536903141,NA
8,"B",3,34.9394936458516,NA
9,"B",4,53.1252642288856,NA
10,"B",5,73.7302590209864,NA
