"Order","Group","GroupOrder","Height","Identifier"
1,"A",1,78.0557028749441,NA
2,"A",2,46.4158883361278,"Value2"
3,"A",3,12.1152765862859,"Value1"
4,"A",4,41.4756107127804,NA
5,"A",5,17.2333531183802,NA
6,"B",1,52.1548576515742,NA
7,"B",2,67.7255988888443,NA
8,"B",3,36.3468614445668,NA
9,"B",4,69.8687965290186,NA
10,"B",5,61.1969191905149,NA
