"Order","Group","GroupOrder","Height","Identifier"
1,"A",1,59.7027846563298,NA
2,"A",2,21.5443469003188,"Value1"
3,"A",3,65.3640212468378,NA
4,"A",4,83.0740918449434,NA
5,"A",5,42.3098765319858,NA
6,"B",1,86.1235116463202,NA
7,"B",2,46.4158883361278,"Value2"
8,"B",3,60.636949235873,NA
9,"B",4,21.3545671640945,NA
10,"B",5,81.623671794751,NA
