"Order","Group","GroupOrder","Height","Identifier"
1,"A",1,18.0301528027623,NA
2,"A",2,38.3118684955729,"Value2"
3,"A",3,61.2363509140455,NA
4,"A",4,49.5732332530744,NA
5,"A",5,64.9386814006442,NA
6,"B",1,67.5970064775692,NA
7,"B",2,14.6779926762207,"Value1"
8,"B",3,65.6729273916407,NA
9,"B",4,72.9911347072969,NA
10,"B",5,66.352444500206,NA
