"Order","Group","GroupOrder","Height","Identifier"
1,"A",1,26.5294841065532,NA
2,"A",2,12.1152765862859,"Value1"
3,"A",3,38.5671165495854,NA
4,"A",4,97.9062938576051,NA
5,"A",5,74.5000162195494,NA
6,"B",1,12.2876052076182,NA
7,"B",2,26.1015721568254,"Value2"
8,"B",3,59.211501655102,NA
9,"B",4,22.5557228540277,NA
10,"B",5,15.7011234232496,NA
