"Order","Group","GroupOrder","Height","Identifier"
1,"A",1,52.1948148896535,NA
2,"A",2,31.6227766016838,"Value1"
3,"A",3,9.99045771884533,NA
4,"A",4,55.7941369627983,NA
5,"A",5,78.2475953246922,NA
6,"B",1,74.2789176995474,NA
7,"B",2,56.2341325190349,"Value2"
8,"B",3,48.0105614871054,NA
9,"B",4,59.1580478630157,NA
10,"B",5,42.9659459052597,NA
